[HUB] iOS working directory (downloaded Online base): /private/var/mobile/Containers/Data/Application/5101F59B-AEE5-4DCA-A2B5-3B3F4EF72D78/Library/Application Support/GeneralsX/Hub/Mods/online/profile
=================================================
 Command & Conquer Generals: Zero Hour (Linux)
 SDL3 + DXVK Build
=================================================

[GO-VERSION] runtime=1.4 build=601 networkVersion=0x00010004
[HUB-WEB] loading remote launcher url='https://generals-zh-launcher.onrender.com'
[HUB-CATALOG] refresh-start url='https://pub-08941af8fe30421ba31f2314049303cb.r2.dev/catalog.json' channel='stable'
INFO: iOS native launcher presented
[HUB-DIAG] exported 12 files to '/var/mobile/Containers/Data/Application/5101F59B-AEE5-4DCA-A2B5-3B3F4EF72D78/Documents/Диагностика'
[HUB-CATALOG] refresh-ok schema=2 bytes=7818 path='/var/mobile/Containers/Data/Application/5101F59B-AEE5-4DCA-A2B5-3B3F4EF72D78/Library/Application Support/GeneralsX/Hub/HubCatalog.remote.json'
[HUB-PLAY] profile='online' baseInstalled=1 selectedInstalled=1 catalogEntry=1
INFO: iOS native launcher selected profile: online
INFO: iOS launcher selected profile: online
INFO: Initializing SDL3 video subsystem...
WARNING: Vulkan ICD filter: no hardware ICDs found, LLVMpipe exclusion skipped
WARNING: If startup crashes in libvulkan_lvp.so, set VK_DRIVER_FILES manually
INFO: OpenAL: keeping default driver selection on non-Linux platform
INFO: Loading Vulkan library...
INFO: Creating SDL3 Vulkan window...
INFO: SDL3 window created successfully
INFO: iOS internal resolution set to 1792x828 (window 1792x828)
INFO: CreateGameEngine() - Creating SDL3GameEngine for Linux
DEBUG: SDL3GameEngine::SDL3GameEngine() created
INFO: SDL3GameEngine::init() starting
INFO: SDL3GameEngine using pre-initialized window
INFO: SDL3GameEngine::createLocalFileSystem() -> StdLocalFileSystem
[SUBSYS] initSubsystem('TheLocalFileSystem') START
[SUBSYS] initSubsystem('TheLocalFileSystem') - About to call sys->init()
[SUBSYS] initSubsystem('TheLocalFileSystem') - sys->init() completed
INFO: SDL3GameEngine::createArchiveFileSystem() -> StdBIGFileSystem
[SUBSYS] initSubsystem('TheArchiveFileSystem') START
[SUBSYS] initSubsystem('TheArchiveFileSystem') - About to call sys->init()
[ASSET_ROOT] Selected source=current-working-directory
[SUBSYS] initSubsystem('TheArchiveFileSystem') - sys->init() completed
[SUBSYS] initSubsystem('TheWritableGlobalData') START
[SUBSYS] initSubsystem('TheWritableGlobalData') - About to call sys->init()
[SUBSYS] initSubsystem('TheWritableGlobalData') - sys->init() completed
[DEBUG] [2026-10-07 23:09:15] Loaded Generals Online community patch (GeneralsOnlineGameData/500_900_CommunityPatch_CoreINI.big)
[DEBUG] 

[SUBSYS] initSubsystem('TheGameText') START
[SUBSYS] initSubsystem('TheGameText') - About to call sys->init()
[CSF] init() - START
[CSF] init() - getCSFInfo OK, textCount=6422
[CSF] init() - Calling parseCSF()...
[CSF] parseCSF() - START filename='data/english/generals.csf'
[CSF] parseCSF() - File opened
[CSF] parseCSF() - Header: id=0x43534620 version=3 num_labels=6422 num_strings=6421 skip=0 langid=0
[CSF] parseCSF() - Starting main loop (textCount=6422)...
[CSF] parseCSF() - Progress: 500/6422 labels processed
[CSF] parseCSF() - Progress: 1000/6422 labels processed
[CSF] parseCSF() - Progress: 1500/6422 labels processed
[CSF] parseCSF() - Progress: 2000/6422 labels processed
[CSF] parseCSF() - Progress: 2500/6422 labels processed
[CSF] parseCSF() - Progress: 3000/6422 labels processed
[CSF] parseCSF() - Progress: 3500/6422 labels processed
[CSF] parseCSF() - Progress: 4000/6422 labels processed
[CSF] parseCSF() - Progress: 4500/6422 labels processed
[CSF] parseCSF() - Progress: 5000/6422 labels processed
[CSF] parseCSF() - Progress: 5500/6422 labels processed
[CSF] parseCSF() - Progress: 6000/6422 labels processed
[CSF] parseCSF() - Main loop complete! Processed 6422/6422 labels
[CSF] parseCSF() - Reached quit label: ok=TRUE, listCount=6422/6422
[CSF] init() - parseCSF SUCCESS
[CSF] parseCSF() - START filename='data/english/generals.csf'
[CSF] parseCSF() - File opened
[CSF] parseCSF() - Header: id=0x43534620 version=3 num_labels=6364 num_strings=6363 skip=0 langid=0
[CSF] parseCSF() - Starting main loop (textCount=6364)...
[CSF] parseCSF() - Progress: 500/6364 labels processed
[CSF] parseCSF() - Progress: 1000/6364 labels processed
[CSF] parseCSF() - Progress: 1500/6364 labels processed
[CSF] parseCSF() - Progress: 2000/6364 labels processed
[CSF] parseCSF() - Progress: 2500/6364 labels processed
[CSF] parseCSF() - Progress: 3000/6364 labels processed
[CSF] parseCSF() - Progress: 3500/6364 labels processed
[CSF] parseCSF() - Progress: 4000/6364 labels processed
[CSF] parseCSF() - Progress: 4500/6364 labels processed
[CSF] parseCSF() - Progress: 5000/6364 labels processed
[CSF] parseCSF() - Progress: 5500/6364 labels processed
[CSF] parseCSF() - Progress: 6000/6364 labels processed
[CSF] parseCSF() - Main loop complete! Processed 6364/6364 labels
[CSF] parseCSF() - Reached quit label: ok=TRUE, listCount=6364/6364
[SUBSYS] initSubsystem('TheGameText') - sys->init() completed
[SUBSYS] initSubsystem('TheScienceStore') START
[SUBSYS] initSubsystem('TheScienceStore') - About to call sys->init()
[SUBSYS] initSubsystem('TheScienceStore') - sys->init() completed
[SUBSYS] initSubsystem('TheMultiplayerSettings') START
[SUBSYS] initSubsystem('TheMultiplayerSettings') - About to call sys->init()
[SUBSYS] initSubsystem('TheMultiplayerSettings') - sys->init() completed
[SUBSYS] initSubsystem('TheTerrainTypes') START
[SUBSYS] initSubsystem('TheTerrainTypes') - About to call sys->init()
[SUBSYS] initSubsystem('TheTerrainTypes') - sys->init() completed
[SUBSYS] initSubsystem('TheTerrainRoads') START
[SUBSYS] initSubsystem('TheTerrainRoads') - About to call sys->init()
[SUBSYS] initSubsystem('TheTerrainRoads') - sys->init() completed
[SUBSYS] initSubsystem('TheGlobalLanguageData') START
[SUBSYS] initSubsystem('TheGlobalLanguageData') - About to call sys->init()
[SUBSYS] initSubsystem('TheGlobalLanguageData') - sys->init() completed
[AUDIO-CACHE] event=init entries=0 usedPCM_MB=0.00 limitMB=64.00
[SUBSYS] initSubsystem('TheAudio') START
[SUBSYS] initSubsystem('TheAudio') - About to call sys->init()
[SUBSYS] initSubsystem('TheAudio') - sys->init() completed
INFO: SDL3GameEngine::createFunctionLexicon() -> W3DFunctionLexicon
[SUBSYS] initSubsystem('TheFunctionLexicon') START
[SUBSYS] initSubsystem('TheFunctionLexicon') - About to call sys->init()
[SUBSYS] initSubsystem('TheFunctionLexicon') - sys->init() completed
INFO: SDL3GameEngine::createModuleFactory() -> W3DModuleFactory
[SUBSYS] initSubsystem('TheModuleFactory') START
[SUBSYS] initSubsystem('TheModuleFactory') - About to call sys->init()
[SUBSYS] initSubsystem('TheModuleFactory') - sys->init() completed
[SUBSYS] initSubsystem('TheMessageStream') START
[SUBSYS] initSubsystem('TheMessageStream') - About to call sys->init()
[SUBSYS] initSubsystem('TheMessageStream') - sys->init() completed
[SUBSYS] initSubsystem('TheSidesList') START
[SUBSYS] initSubsystem('TheSidesList') - About to call sys->init()
[SUBSYS] initSubsystem('TheSidesList') - sys->init() completed
[SUBSYS] initSubsystem('TheCaveSystem') START
[SUBSYS] initSubsystem('TheCaveSystem') - About to call sys->init()
[SUBSYS] initSubsystem('TheCaveSystem') - sys->init() completed
[SUBSYS] initSubsystem('TheRankInfoStore') START
[SUBSYS] initSubsystem('TheRankInfoStore') - About to call sys->init()
[SUBSYS] initSubsystem('TheRankInfoStore') - sys->init() completed
[SUBSYS] initSubsystem('ThePlayerTemplateStore') START
[SUBSYS] initSubsystem('ThePlayerTemplateStore') - About to call sys->init()
[SUBSYS] initSubsystem('ThePlayerTemplateStore') - sys->init() completed
[SUBSYS] initSubsystem('TheParticleSystemManager') START
[SUBSYS] initSubsystem('TheParticleSystemManager') - About to call sys->init()
[SUBSYS] initSubsystem('TheParticleSystemManager') - sys->init() completed
[SUBSYS] initSubsystem('TheFXListStore') START
[SUBSYS] initSubsystem('TheFXListStore') - About to call sys->init()
[SUBSYS] initSubsystem('TheFXListStore') - sys->init() completed
[SUBSYS] initSubsystem('TheWeaponStore') START
[SUBSYS] initSubsystem('TheWeaponStore') - About to call sys->init()
[SUBSYS] initSubsystem('TheWeaponStore') - sys->init() completed
[SUBSYS] initSubsystem('TheObjectCreationListStore') START
[SUBSYS] initSubsystem('TheObjectCreationListStore') - About to call sys->init()
[SUBSYS] initSubsystem('TheObjectCreationListStore') - sys->init() completed
[SUBSYS] initSubsystem('TheLocomotorStore') START
[SUBSYS] initSubsystem('TheLocomotorStore') - About to call sys->init()
[SUBSYS] initSubsystem('TheLocomotorStore') - sys->init() completed
[SUBSYS] initSubsystem('TheSpecialPowerStore') START
[SUBSYS] initSubsystem('TheSpecialPowerStore') - About to call sys->init()
[SUBSYS] initSubsystem('TheSpecialPowerStore') - sys->init() completed
[SUBSYS] initSubsystem('TheDamageFXStore') START
[SUBSYS] initSubsystem('TheDamageFXStore') - About to call sys->init()
[SUBSYS] initSubsystem('TheDamageFXStore') - sys->init() completed
[SUBSYS] initSubsystem('TheArmorStore') START
[SUBSYS] initSubsystem('TheArmorStore') - About to call sys->init()
[SUBSYS] initSubsystem('TheArmorStore') - sys->init() completed
[SUBSYS] initSubsystem('TheBuildAssistant') START
[SUBSYS] initSubsystem('TheBuildAssistant') - About to call sys->init()
[SUBSYS] initSubsystem('TheBuildAssistant') - sys->init() completed
[IOS-INIT] stage=thing-factory begin modBIG='' modDir='' crc=0xDE2CC449
INFO: SDL3GameEngine::createThingFactory() -> W3DThingFactory
[SUBSYS] initSubsystem('TheThingFactory') START
[SUBSYS] initSubsystem('TheThingFactory') - About to call sys->init()
[SUBSYS] initSubsystem('TheThingFactory') - sys->init() completed
[IOS-INIT] stage=thing-factory complete crc=0xFAB6217B
[SUBSYS] initSubsystem('TheUpgradeCenter') START
[SUBSYS] initSubsystem('TheUpgradeCenter') - About to call sys->init()
[SUBSYS] initSubsystem('TheUpgradeCenter') - sys->init() completed
INFO: SDL3GameEngine::createGameClient() -> W3DGameClient
[SUBSYS] initSubsystem('TheGameClient') START
[SUBSYS] initSubsystem('TheGameClient') - About to call sys->init()
DEBUG: About to call WW3D::Init() with ApplicationHWnd=0x13304fc00
DEBUG: DX8Wrapper::Init() - Loading libdxvk_d3d8.dylib (Apple)...
DEBUG: DX8Wrapper::Init() - LoadLibrary result: 0x7e8ca880
DEBUG: DX8Wrapper::Init() - Getting Direct3DCreate8 function pointer...
DEBUG: DX8Wrapper::Init() - About to call Direct3DCreate8(D3D_SDK_VERSION=220)
DEBUG: DX8Wrapper::Init() - Window handle: 0x13304fc00
[mvk-info] MoltenVK version 1.4.1, supporting Vulkan version 1.4.334.
	The following 152 Vulkan extensions are supported:
	VK_KHR_16bit_storage v1
	VK_KHR_8bit_storage v1
	VK_KHR_bind_memory2 v1
	VK_KHR_buffer_device_address v1
	VK_KHR_calibrated_timestamps v1
	VK_KHR_copy_commands2 v1
	VK_KHR_create_renderpass2 v1
	VK_KHR_dedicated_allocation v3
	VK_KHR_deferred_host_operations v4
	VK_KHR_depth_stencil_resolve v1
	VK_KHR_descriptor_update_template v1
	VK_KHR_device_group v4
	VK_KHR_device_group_creation v1
	VK_KHR_driver_properties v1
	VK_KHR_dynamic_rendering v1
	VK_KHR_dynamic_rendering_local_read v1
	VK_KHR_external_fence v1
	VK_KHR_external_fence_capabilities v1
	VK_KHR_external_memory v1
	VK_KHR_external_memory_capabilities v1
	VK_KHR_external_semaphore v1
	VK_KHR_external_semaphore_capabilities v1
	VK_KHR_format_feature_flags2 v2
	VK_KHR_fragment_shader_barycentric v1
	VK_KHR_get_memory_requirements2 v1
	VK_KHR_get_physical_device_properties2 v2
	VK_KHR_get_surface_capabilities2 v1
	VK_KHR_global_priority v1
	VK_KHR_image_format_list v1
	VK_KHR_imageless_framebuffer v1
	VK_KHR_incremental_present v2
	VK_KHR_index_type_uint8 v1
	VK_KHR_line_rasterization v1
	VK_KHR_load_store_op_none v1
	VK_KHR_maintenance1 v2
	VK_KHR_maintenance2 v1
	VK_KHR_maintenance3 v1
	VK_KHR_maintenance4 v2
	VK_KHR_maintenance5 v1
	VK_KHR_maintenance6 v1
	VK_KHR_maintenance7 v1
	VK_KHR_maintenance8 v1
	VK_KHR_maintenance9 v1
	VK_KHR_map_memory2 v1
	VK_KHR_multiview v1
	VK_KHR_portability_subset v1
	VK_KHR_present_id v1
	VK_KHR_present_id2 v1
	VK_KHR_present_wait v1
	VK_KHR_present_wait2 v1
	VK_KHR_push_descriptor v2
	VK_KHR_relaxed_block_layout v1
	VK_KHR_robustness2 v1
	VK_KHR_sampler_mirror_clamp_to_edge v3
	VK_KHR_sampler_ycbcr_conversion v14
	VK_KHR_separate_depth_stencil_layouts v1
	VK_KHR_shader_draw_parameters v1
	VK_KHR_shader_expect_assume v1
	VK_KHR_shader_float_controls v4
	VK_KHR_shader_float_controls2 v1
	VK_KHR_shader_float16_int8 v1
	VK_KHR_shader_fma v1
	VK_KHR_shader_integer_dot_product v1
	VK_KHR_shader_maximal_reconvergence v1
	VK_KHR_shader_non_semantic_info v1
	VK_KHR_shader_quad_control v1
	VK_KHR_shader_relaxed_extended_instruction v1
	VK_KHR_shader_subgroup_extended_types v1
	VK_KHR_shader_subgroup_rotate v2
	VK_KHR_shader_subgroup_uniform_control_flow v1
	VK_KHR_shader_terminate_invocation v1
	VK_KHR_spirv_1_4 v1
	VK_KHR_storage_buffer_storage_class v1
	VK_KHR_surface v25
	VK_KHR_surface_maintenance1 v1
	VK_KHR_surface_protected_capabilities v1
	VK_KHR_swapchain v70
	VK_KHR_swapchain_maintenance1 v1
	VK_KHR_swapchain_mutable_format v1
	VK_KHR_synchronization2 v1
	VK_KHR_timeline_semaphore v2
	VK_KHR_uniform_buffer_standard_layout v1
	VK_KHR_variable_pointers v1
	VK_KHR_vertex_attribute_divisor v1
	VK_KHR_vulkan_memory_model v3
	VK_KHR_zero_initialize_workgroup_memory v1
	VK_EXT_4444_formats v1
	VK_EXT_buffer_device_address v2
	VK_EXT_calibrated_timestamps v2
	VK_EXT_debug_marker v4
	VK_EXT_debug_report v10
	VK_EXT_debug_utils v2
	VK_EXT_depth_clip_control v1
	VK_EXT_descriptor_indexing v2
	VK_EXT_extended_dynamic_state v1
	VK_EXT_extended_dynamic_state2 v1
	VK_EXT_extended_dynamic_state3 v2
	VK_EXT_external_memory_host v1
	VK_EXT_external_memory_metal v1
	VK_EXT_fragment_shader_interlock v1
	VK_EXT_global_priority v2
	VK_EXT_global_priority_query v1
	VK_EXT_headless_surface v1
	VK_EXT_host_image_copy v1
	VK_EXT_host_query_reset v1
	VK_EXT_image_2d_view_of_3d v1
	VK_EXT_image_robustness v1
	VK_EXT_index_type_uint8 v1
	VK_EXT_inline_uniform_block v1
	VK_EXT_layer_settings v2
	VK_EXT_legacy_dithering v2
	VK_EXT_line_rasterization v1
	VK_EXT_load_store_op_none v1
	VK_EXT_memory_budget v1
	VK_EXT_metal_objects v2
	VK_EXT_metal_surface v1
	VK_EXT_non_seamless_cube_map v1
	VK_EXT_pipeline_creation_cache_control v3
	VK_EXT_pipeline_creation_feedback v1
	VK_EXT_pipeline_robustness v1
	VK_EXT_post_depth_coverage v1
	VK_EXT_primitive_topology_list_restart v1
	VK_EXT_private_data v1
	VK_EXT_provoking_vertex v1
	VK_EXT_robustness2 v1
	VK_EXT_sample_locations v1
	VK_EXT_scalar_block_layout v1
	VK_EXT_separate_stencil_usage v1
	VK_EXT_shader_atomic_float v1
	VK_EXT_shader_demote_to_helper_invocation v1
	VK_EXT_shader_stencil_export v1
	VK_EXT_shader_subgroup_ballot v1
	VK_EXT_shader_subgroup_vote v1
	VK_EXT_shader_viewport_index_layer v1
	VK_EXT_subgroup_size_control v2
	VK_EXT_surface_maintenance1 v1
	VK_EXT_swapchain_colorspace v5
	VK_EXT_swapchain_maintenance1 v1
	VK_EXT_texel_buffer_alignment v1
	VK_EXT_texture_compression_astc_hdr v1
	VK_EXT_tooling_info v1
	VK_EXT_vertex_attribute_divisor v3
	VK_AMD_gpu_shader_half_float v2
	VK_AMD_negative_viewport_height v1
	VK_AMD_shader_image_load_store_lod v1
	VK_AMD_shader_trinary_minmax v1
	VK_GOOGLE_display_timing v1
	VK_IMG_format_pvrtc v1
	VK_INTEL_shader_integer_functions2 v1
	VK_MVK_ios_surface v3
	VK_MVK_moltenvk v37
	VK_NV_fragment_shader_barycentric v1
[mvk-info] GPU device:
	model: Apple A13 GPU
	type: Integrated
	vendorID: 0x106b
	deviceID: 0x1b000006
	pipelineCacheUUID: DB445FF2-1B00-0006-0000-000100000000
	GPU memory available: 2730 MB
	GPU memory used: 0 MB
	Metal Shading Language 3.2
	supports the following GPU Features:
		GPU Family Apple 6
		Read-Write Texture Tier 2
[mvk-info] Created VkInstance for Vulkan version 1.3.334, as requested by app, with the following 4 Vulkan extensions enabled:
	VK_KHR_get_surface_capabilities2 v1
	VK_KHR_surface v25
	VK_EXT_metal_surface v1
	VK_EXT_surface_maintenance1 v1
DEBUG: DX8Wrapper::Init() - Direct3DCreate8 returned: 0x128ced7e0
DEBUG: WW3D::Init() returned: 0 (WW3D_ERROR_OK)
DEBUG: Showing SDL3 window after WW3D init...
[DEBUG-WIN] W3DDisplay::init() - TheGlobalData->m_windowed=0
[mvk-info] Vulkan semaphores using MTLEvent.
[mvk-info] Descriptor sets binding resources using Metal argument buffers.
[mvk-info] Created VkDevice to run on GPU Apple A13 GPU with the following 12 Vulkan extensions enabled:
	VK_KHR_maintenance5 v1
	VK_KHR_portability_subset v1
	VK_KHR_present_id v1
	VK_KHR_present_wait v1
	VK_KHR_swapchain v70
	VK_EXT_extended_dynamic_state3 v2
	VK_EXT_fragment_shader_interlock v1
	VK_EXT_line_rasterization v1
	VK_EXT_robustness2 v1
	VK_EXT_shader_stencil_export v1
	VK_EXT_swapchain_maintenance1 v1
	VK_EXT_vertex_attribute_divisor v3
[mvk-info] Vulkan semaphores using MTLEvent.
[mvk-info] Descriptor sets binding resources using Metal argument buffers.
[mvk-info] Created VkDevice to run on GPU Apple A13 GPU with the following 12 Vulkan extensions enabled:
	VK_KHR_maintenance5 v1
	VK_KHR_portability_subset v1
	VK_KHR_present_id v1
	VK_KHR_present_wait v1
	VK_KHR_swapchain v70
	VK_EXT_extended_dynamic_state3 v2
	VK_EXT_fragment_shader_interlock v1
	VK_EXT_line_rasterization v1
	VK_EXT_robustness2 v1
	VK_EXT_shader_stencil_export v1
	VK_EXT_swapchain_maintenance1 v1
	VK_EXT_vertex_attribute_divisor v3
[GRAPHICS-DIAG] render-device width=1792 height=828 bitDepth=16 windowed=0 backBufferFormat=3 viewportHeightScale=0.800 msaa=0 filter=0 anisotropy=2
[GRAPHICS-DIAG] texture-formats A8R8G8B8=0 X8R8G8B8=0 A4R4G4B4=0 R5G6B5=0 DXT1=0 DXT3=0 DXT5=0
[GRAPHICS-DIAG] caps raster=0x00736191 dither=1 textureCaps=0x0001ecc5 textureOpCaps=0x03ffffff maxStages=8 maxTextures=8 pixelShader=0xffff0104 vertexShader=0xfffe0101
[ASSET_LOAD] Attempting to load shader (PIXEL): file='shaders\terrain.pso'
[ASSET_PATH] Original: 'shaders\terrain.pso' -> Normalized: 'shaders/terrain.pso'
[ASSET_LOAD] File found: path='shaders/terrain.pso' size=60 bytes
[ASSET_OK] Successfully created PIXEL shader: original='shaders\terrain.pso' handle=0x3
[ASSET_LOAD] Attempting to load shader (PIXEL): file='shaders\terrainnoise.pso'
[ASSET_PATH] Original: 'shaders\terrainnoise.pso' -> Normalized: 'shaders/terrainnoise.pso'
[ASSET_LOAD] File found: path='shaders/terrainnoise.pso' size=84 bytes
[ASSET_OK] Successfully created PIXEL shader: original='shaders\terrainnoise.pso' handle=0x5
[ASSET_LOAD] Attempting to load shader (PIXEL): file='shaders\terrainnoise2.pso'
[ASSET_PATH] Original: 'shaders\terrainnoise2.pso' -> Normalized: 'shaders/terrainnoise2.pso'
[ASSET_LOAD] File found: path='shaders/terrainnoise2.pso' size=108 bytes
[ASSET_OK] Successfully created PIXEL shader: original='shaders\terrainnoise2.pso' handle=0x7
[ASSET_LOAD] Attempting to load shader (PIXEL): file='shaders\roadnoise2.pso'
[ASSET_PATH] Original: 'shaders\roadnoise2.pso' -> Normalized: 'shaders/roadnoise2.pso'
[ASSET_LOAD] File found: path='shaders/roadnoise2.pso' size=80 bytes
[ASSET_OK] Successfully created PIXEL shader: original='shaders\roadnoise2.pso' handle=0x9
[ASSET_LOAD] Attempting to load shader (PIXEL): file='shaders\fterrain.pso'
[ASSET_PATH] Original: 'shaders\fterrain.pso' -> Normalized: 'shaders/fterrain.pso'
[ASSET_LOAD] File found: path='shaders/fterrain.pso' size=56 bytes
[ASSET_OK] Successfully created PIXEL shader: original='shaders\fterrain.pso' handle=0xb
[ASSET_LOAD] Attempting to load shader (PIXEL): file='shaders\fterrain0.pso'
[ASSET_PATH] Original: 'shaders\fterrain0.pso' -> Normalized: 'shaders/fterrain0.pso'
[ASSET_LOAD] File found: path='shaders/fterrain0.pso' size=44 bytes
[ASSET_OK] Successfully created PIXEL shader: original='shaders\fterrain0.pso' handle=0xd
[ASSET_LOAD] Attempting to load shader (PIXEL): file='shaders\fterrainnoise.pso'
[ASSET_PATH] Original: 'shaders\fterrainnoise.pso' -> Normalized: 'shaders/fterrainnoise.pso'
[ASSET_LOAD] File found: path='shaders/fterrainnoise.pso' size=80 bytes
[ASSET_OK] Successfully created PIXEL shader: original='shaders\fterrainnoise.pso' handle=0xf
[ASSET_LOAD] Attempting to load shader (PIXEL): file='shaders\fterrainnoise2.pso'
[ASSET_PATH] Original: 'shaders\fterrainnoise2.pso' -> Normalized: 'shaders/fterrainnoise2.pso'
[ASSET_LOAD] File found: path='shaders/fterrainnoise2.pso' size=104 bytes
[ASSET_OK] Successfully created PIXEL shader: original='shaders\fterrainnoise2.pso' handle=0x11
[ASSET_LOAD] Attempting to load shader (PIXEL): file='shaders\monochrome.pso'
[ASSET_PATH] Original: 'shaders\monochrome.pso' -> Normalized: 'shaders/monochrome.pso'
[ASSET_LOAD] File found: path='shaders/monochrome.pso' size=68 bytes
[ASSET_OK] Successfully created PIXEL shader: original='shaders\monochrome.pso' handle=0x13
[TEXTURE-DIAG] iOS 32-bit texture path enabled despite legacy display/caps reporting
WARNING: DX8WebBrowser::Initialize() - Linux stub (browser not available)
[CONTROLBAR-ACTIVE] init display=1792x828 parentPos=0,574 parentSize=1789,252 viewportScale=0.800
[ASSET_LOAD] Attempting to load shader (VERTEX): file='shaders\Trees.vso'
[ASSET_PATH] Original: 'shaders\Trees.vso' -> Normalized: 'shaders/Trees.vso'
[ASSET_LOAD] File found: path='shaders/Trees.vso' size=168 bytes
[ASSET_OK] Successfully created VERTEX shader: original='shaders\Trees.vso' handle=0x3
[ASSET_LOAD] Attempting to load shader (PIXEL): file='shaders\Trees.pso'
[ASSET_PATH] Original: 'shaders\Trees.pso' -> Normalized: 'shaders/Trees.pso'
[ASSET_LOAD] File found: path='shaders/Trees.pso' size=72 bytes
[ASSET_OK] Successfully created PIXEL shader: original='shaders\Trees.pso' handle=0x15
[TEXTURE-DIAG] tga-open-failed path='trstrtholecvr.tga' code=-1 reason=file-unavailable
[TEXTURE-DIAG] begin-load-failed path='trstrtholecvr.tga' requestedFormat=0 compression=1 mipRequest=3 reduction=0
[TEXTURE-DIAG] applying-missing-texture path='trstrtholecvr.tga' requestedFormat=0 compression=1
[SUBSYS] initSubsystem('TheGameClient') - sys->init() completed
[SUBSYS] initSubsystem('TheAI') START
[SUBSYS] initSubsystem('TheAI') - About to call sys->init()
[SUBSYS] initSubsystem('TheAI') - sys->init() completed
INFO: SDL3GameEngine::createGameLogic() -> W3DGameLogic
[SUBSYS] initSubsystem('TheGameLogic') START
[SUBSYS] initSubsystem('TheGameLogic') - About to call sys->init()
[ONLINE-MATH-CRC] value=0x97B538BF platform=apple
[SUBSYS] initSubsystem('TheGameLogic') - sys->init() completed
[SUBSYS] initSubsystem('TheTeamFactory') START
[SUBSYS] initSubsystem('TheTeamFactory') - About to call sys->init()
[SUBSYS] initSubsystem('TheTeamFactory') - sys->init() completed
[SUBSYS] initSubsystem('TheCrateSystem') START
[SUBSYS] initSubsystem('TheCrateSystem') - About to call sys->init()
[SUBSYS] initSubsystem('TheCrateSystem') - sys->init() completed
[SUBSYS] initSubsystem('ThePlayerList') START
[SUBSYS] initSubsystem('ThePlayerList') - About to call sys->init()
[SUBSYS] initSubsystem('ThePlayerList') - sys->init() completed
[SUBSYS] initSubsystem('TheRecorder') START
[SUBSYS] initSubsystem('TheRecorder') - About to call sys->init()
[SUBSYS] initSubsystem('TheRecorder') - sys->init() completed
[SUBSYS] initSubsystem('TheRadar') START
[SUBSYS] initSubsystem('TheRadar') - About to call sys->init()
W3DRadar: findFormat: no supported format found in caps query - falling back to format 3
W3DRadar: findFormat: no supported format found in caps query - falling back to format 2
W3DRadar: findFormat: no supported format found in caps query - falling back to format 2
[SUBSYS] initSubsystem('TheRadar') - sys->init() completed
[SUBSYS] initSubsystem('TheVictoryConditions') START
[SUBSYS] initSubsystem('TheVictoryConditions') - About to call sys->init()
[SUBSYS] initSubsystem('TheVictoryConditions') - sys->init() completed
[SUBSYS] initSubsystem('TheMetaMap') START
[SUBSYS] initSubsystem('TheMetaMap') - About to call sys->init()
[SUBSYS] initSubsystem('TheMetaMap') - sys->init() completed
[SUBSYS] initSubsystem('TheActionManager') START
[SUBSYS] initSubsystem('TheActionManager') - About to call sys->init()
[SUBSYS] initSubsystem('TheActionManager') - sys->init() completed
[SUBSYS] initSubsystem('TheGameStateMap') START
[SUBSYS] initSubsystem('TheGameStateMap') - About to call sys->init()
[SUBSYS] initSubsystem('TheGameStateMap') - sys->init() completed
[SUBSYS] initSubsystem('TheGameState') START
[SUBSYS] initSubsystem('TheGameState') - About to call sys->init()
[SUBSYS] initSubsystem('TheGameState') - sys->init() completed
[SUBSYS] initSubsystem('TheGameResultsQueue') START
[SUBSYS] initSubsystem('TheGameResultsQueue') - About to call sys->init()
[SUBSYS] initSubsystem('TheGameResultsQueue') - sys->init() completed
DEBUG: Shell::push() called with filename='Menus/MainMenu.wnd'
DEBUG: Shell::push() marked as pending, will load 'Menus/MainMenu.wnd' next frame
DEBUG: Shell::update() - Processing pending push: 'Menus/MainMenu.wnd'
DEBUG: Shell::doPush() called with layoutFile='Menus/MainMenu.wnd'
DEBUG: About to call TheWindowManager->winCreateLayout('Menus/MainMenu.wnd')
DEBUG: winCreateLayout returned: 0x13b89e4e0
DEBUG: Shell::doPush() completed successfully
DEBUG: Shell::update() - Push completed
[RESOURCE-DIAG] phase=display-reset-before prototypes=3 textures=80 textureMB=3.5 unusedTextures=0 unusedTextureMB=0.0
[RENDER-MEM] phase=display-reset-before frame=0 vbCount=68 vbVertices=255520 vbMB=6.33 ibCount=74 ibIndices=416492 ibMB=0.79 surfaces=137 surfaceMB=1.35 meshModels=3 matDescs=3 shareGeomCount=14 shareGeomMB=0.00 shareMatCount=4 shareMatMB=0.00 shareOtherCount=4 shareOtherMB=0.02 polyRenderers=0 textureCats=0 fvfCats=0 registeredMeshes=0 pendingTextureCats=0 pendingFvfCats=0 tempVertices=0 tempNormals=0
[RESOURCE-DIAG] phase=display-reset-after prototypes=3 textures=80 textureMB=3.5 unusedTextures=0 unusedTextureMB=0.0
[RENDER-MEM] phase=display-reset-after frame=0 vbCount=68 vbVertices=255520 vbMB=6.33 ibCount=74 ibIndices=416492 ibMB=0.79 surfaces=137 surfaceMB=1.35 meshModels=3 matDescs=3 shareGeomCount=14 shareGeomMB=0.00 shareMatCount=4 shareMatMB=0.00 shareOtherCount=4 shareOtherMB=0.02 polyRenderers=0 textureCats=0 fvfCats=0 registeredMeshes=0 pendingTextureCats=0 pendingFvfCats=0 tempVertices=0 tempNormals=0
INFO: SDL3GameEngine::execute() - entering main loop
[mvk-info] Created 3 swapchain images with size (1792, 828) and contents scale 2.0 in layer SDL_uikitmetalview (SDL_uikitviewcontroller) (0x126424740) on screen Main Screen.
INFO: OSDisplaySetBusyState(false, false) - Linux stub
[RESOURCE-DIAG] phase=asset-purge-before prototypes=10 textures=85 textureMB=12.5 unusedTextures=2 unusedTextureMB=8.0
[RENDER-MEM] phase=asset-purge-before frame=0 vbCount=69 vbVertices=260520 vbMB=6.54 ibCount=75 ibIndices=421492 ibMB=0.80 surfaces=146 surfaceMB=1.42 meshModels=9 matDescs=9 shareGeomCount=50 shareGeomMB=0.01 shareMatCount=10 shareMatMB=0.00 shareOtherCount=4 shareOtherMB=0.02 polyRenderers=0 textureCats=0 fvfCats=0 registeredMeshes=0 pendingTextureCats=0 pendingFvfCats=0 tempVertices=0 tempNormals=0
[RESOURCE-DIAG] phase=asset-purge-after prototypes=0 textures=83 textureMB=4.5 unusedTextures=0 unusedTextureMB=0.0
[RENDER-MEM] phase=asset-purge-after frame=0 vbCount=69 vbVertices=260520 vbMB=6.54 ibCount=75 ibIndices=421492 ibMB=0.80 surfaces=146 surfaceMB=1.42 meshModels=8 matDescs=8 shareGeomCount=48 shareGeomMB=0.01 shareMatCount=9 shareMatMB=0.00 shareOtherCount=4 shareOtherMB=0.02 polyRenderers=0 textureCats=0 fvfCats=0 registeredMeshes=0 pendingTextureCats=0 pendingFvfCats=0 tempVertices=0 tempNormals=0
[CLOUD-PATH] shader=4 pass=0 cached=0 impl=0x106d76128 passes=1
[CLOUD-DIAG] source=sync sample=1 tick=1633 deltaMs=1633 offset=-0.032660,-0.048990 slide=-0.020000,-0.030000
[CLOUD-XFORM] sample=1 path=terrain-dual stage=2 requested41=2.628218 requested42=-2.238002 applied41=2.628218 applied42=-2.238002 tcIndex=0x00020000 flags=0x00000002
[CLOUD-PATH] shader=10 pass=0 cached=0 impl=0x106d76198 passes=1
[CLOUD-XFORM] sample=1 path=road-dual stage=1 requested41=2.628218 requested42=-2.238002 applied41=2.628218 applied42=-2.238002 tcIndex=0x00020000 flags=0x00000002
[CLOUD-PATH] shader=10 pass=0 cached=0 impl=0x106d76198 passes=1
[CLOUD-PATH] shader=10 pass=0 cached=0 impl=0x106d76198 passes=1
[CLOUD-PATH] shader=10 pass=0 cached=0 impl=0x106d76198 passes=1
[CLOUD-PATH] shader=10 pass=0 cached=0 impl=0x106d76198 passes=1
[CLOUD-PATH] shader=10 pass=0 cached=0 impl=0x106d76198 passes=1
[CLOUD-PATH] shader=10 pass=0 cached=0 impl=0x106d76198 passes=1
[CLOUD-PATH] shader=10 pass=0 cached=0 impl=0x106d76198 passes=1
[CLOUD-PATH] shader=10 pass=0 cached=0 impl=0x106d76198 passes=1
[CLOUD-PATH] shader=4 pass=0 cached=0 impl=0x106d76128 passes=1
[CLOUD-PATH] shader=10 pass=0 cached=0 impl=0x106d76198 passes=1
[CLOUD-PATH] shader=10 pass=0 cached=0 impl=0x106d76198 passes=1
[CLOUD-PATH] shader=10 pass=0 cached=0 impl=0x106d76198 passes=1
[CLOUD-PATH] shader=10 pass=0 cached=0 impl=0x106d76198 passes=1
[CLOUD-PATH] shader=10 pass=0 cached=0 impl=0x106d76198 passes=1
[CLOUD-PATH] shader=10 pass=0 cached=0 impl=0x106d76198 passes=1
[CLOUD-PATH] shader=10 pass=0 cached=0 impl=0x106d76198 passes=1
[CLOUD-PATH] shader=10 pass=0 cached=0 impl=0x106d76198 passes=1
[CLOUD-PATH] shader=10 pass=0 cached=0 impl=0x106d76198 passes=1
[mvk-warn] VK_ERROR_FEATURE_NOT_PRESENT: Metal does not support disabling primitive restart.
[CLOUD-PATH] shader=4 pass=0 cached=0 impl=0x106d76128 passes=1
[CLOUD-PATH] shader=10 pass=0 cached=0 impl=0x106d76198 passes=1
[CLOUD-PATH] shader=10 pass=0 cached=0 impl=0x106d76198 passes=1
[CLOUD-PATH] shader=10 pass=0 cached=0 impl=0x106d76198 passes=1
[CLOUD-PATH] shader=10 pass=0 cached=0 impl=0x106d76198 passes=1
[CLOUD-PATH] shader=10 pass=0 cached=0 impl=0x106d76198 passes=1
[CLOUD-PATH] shader=10 pass=0 cached=0 impl=0x106d76198 passes=1
[CLOUD-PATH] shader=10 pass=0 cached=0 impl=0x106d76198 passes=1
[CLOUD-PATH] shader=10 pass=0 cached=0 impl=0x106d76198 passes=1
[CLOUD-PATH] shader=10 pass=0 cached=0 impl=0x106d76198 passes=1
[CLOUD-PATH] shader=4 pass=0 cached=0 impl=0x106d76128 passes=1
[CLOUD-PATH] shader=10 pass=0 cached=0 impl=0x106d76198 passes=1
[CLOUD-PATH] shader=10 pass=0 cached=0 impl=0x106d76198 passes=1
[CLOUD-PATH] shader=10 pass=0 cached=0 impl=0x106d76198 passes=1
[CLOUD-PATH] shader=10 pass=0 cached=0 impl=0x106d76198 passes=1
[CLOUD-PATH] shader=10 pass=0 cached=0 impl=0x106d76198 passes=1
[CLOUD-PATH] shader=10 pass=0 cached=0 impl=0x106d76198 passes=1
[CLOUD-PATH] shader=10 pass=0 cached=0 impl=0x106d76198 passes=1
[CLOUD-PATH] shader=10 pass=0 cached=0 impl=0x106d76198 passes=1
[CLOUD-PATH] shader=10 pass=0 cached=0 impl=0x106d76198 passes=1
[CLOUD-PATH] shader=4 pass=0 cached=0 impl=0x106d76128 passes=1
[CLOUD-PATH] shader=10 pass=0 cached=0 impl=0x106d76198 passes=1
[CLOUD-PATH] shader=10 pass=0 cached=0 impl=0x106d76198 passes=1
[CLOUD-PATH] shader=10 pass=0 cached=0 impl=0x106d76198 passes=1
[CLOUD-PATH] shader=10 pass=0 cached=0 impl=0x106d76198 passes=1
[CLOUD-PATH] shader=10 pass=0 cached=0 impl=0x106d76198 passes=1
[CLOUD-PATH] shader=10 pass=0 cached=0 impl=0x106d76198 passes=1
[CLOUD-PATH] shader=10 pass=0 cached=0 impl=0x106d76198 passes=1
[CLOUD-DIAG] source=sync sample=120 tick=2000 deltaMs=0 offset=-0.040000,-0.060000 slide=-0.020000,-0.030000
[CLOUD-XFORM] sample=120 path=road-dual stage=1 requested41=2.535405 requested42=-2.228400 applied41=2.535405 applied42=-2.228400 tcIndex=0x00020000 flags=0x00000002
[CLOUD-DIAG] source=sync sample=300 tick=2600 deltaMs=0 offset=-0.052000,-0.078000 slide=-0.020000,-0.030000
[CLOUD-XFORM] sample=300 path=road-dual stage=1 requested41=2.381121 requested42=-2.204734 applied41=2.381121 applied42=-2.204734 tcIndex=0x00020000 flags=0x00000002
[CLOUD-XFORM] sample=120 path=terrain-dual stage=2 requested41=1.737952 requested42=-1.978392 applied41=1.737952 applied42=-1.978392 tcIndex=0x00020000 flags=0x00000002
[DEBUG] [2026-10-07 23:09:23] [NGMP] Init
[DEBUG] 

[DEBUG] [2026-10-07 23:09:23] [NGMP] Init: auth
[DEBUG] 

[DEBUG] [2026-10-07 23:09:23] [NGMP] Init: lobby
[DEBUG] 

[DEBUG] [2026-10-07 23:09:23] [NGMP] Init: rooms
[DEBUG] 

[DEBUG] [2026-10-07 23:09:23] [NGMP] Init: stats
[DEBUG] 

[DEBUG] [2026-10-07 23:09:23] [NGMP] Init: HTTP
[DEBUG] 

[DEBUG] [2026-10-07 23:09:23] [NGMP] Init: complete
[DEBUG] 

[DEBUG] [2026-10-07 23:09:25] [HTTP] We are connected to GO services using IPv4
[DEBUG] 

[DEBUG] [2026-10-07 23:09:25] [0x1708b4fe0|https://api.playgenerals.online/env/prod/contract/1/VersionManifest|Verb 0] Transfer is complete: 47 bytes total! Curl result is 0
[DEBUG] 

[DEBUG] [2026-10-07 23:09:25] [0x1708b4fe0|https://api.playgenerals.online/env/prod/contract/1/VersionManifest|Verb 0] Response was 200 - {"execrc_30":2307138279,"execrc_60":2671734965}!
[DEBUG] 

[DEBUG] [2026-10-07 23:09:25] Apple GO manifest: 30Hz IEEE CRC=2307138279, 60Hz IEEE CRC=2671734965
[DEBUG] 

[DEBUG] [2026-10-07 23:09:25] Apple 60Hz Windows-parity network CRC prepared: 0x216B3EEA
[DEBUG] 

DEBUG: Shell::push() called with filename='Menus/GameSpyLoginProfile.wnd'
DEBUG: Shell::push() marked as pending, will load 'Menus/GameSpyLoginProfile.wnd' next frame
DEBUG: Shell::update() - Processing pending push: 'Menus/GameSpyLoginProfile.wnd'
DEBUG: Shell::doPush() called with layoutFile='Menus/GameSpyLoginProfile.wnd'
DEBUG: About to call TheWindowManager->winCreateLayout('Menus/GameSpyLoginProfile.wnd')
DEBUG: winCreateLayout returned: 0x13b89e540
[DEBUG] [2026-10-07 23:09:25] [AUTH] Loaded Apple refresh token from Keychain
[DEBUG] 

DEBUG: Shell::doPush() completed successfully
DEBUG: Shell::update() - Push completed
[DEBUG] [2026-10-07 23:09:26] [0x17087afc0|https://api.playgenerals.online/env/prod/contract/1/LoginWithToken|Verb 0] Transfer is complete: 1178 bytes total! Curl result is 0
[DEBUG] 

[DEBUG] [2026-10-07 23:09:26] [0x17087afc0|https://api.playgenerals.online/env/prod/contract/1/LoginWithToken|Verb 0] Response was 200 - <redacted>!
[DEBUG] 

[DEBUG] [2026-10-07 23:09:26] LOGIN: Logged in
[DEBUG] 

[DEBUG] [2026-10-07 23:09:26] [AUTH] Saved Apple refresh token to Keychain
[DEBUG] 

[PARTICLE-DIAG] texture='EXFireEmbr.tga' shader=1 count=1 streak=0 billboard=1 volumeDepth=0 firstRGBA=1.000,0.502,0.251,0.000 firstSize=1.000
[PARTICLE-BLEND] texture='exfireembr.tga' alphaBlend=1 src=2 dst=2 zWrite=0 alphaTest=0 colorOp=4 alphaOp=4 shaderSrc=1 shaderDst=1
[PARTICLE-DIAG] texture='EXFireEmbr.tga' shader=1 count=2 streak=0 billboard=1 volumeDepth=0 firstRGBA=1.000,0.502,0.251,0.000 firstSize=1.000
[PARTICLE-BLEND] texture='exfireembr.tga' alphaBlend=1 src=2 dst=2 zWrite=0 alphaTest=0 colorOp=4 alphaOp=4 shaderSrc=1 shaderDst=1
[PARTICLE-DIAG] texture='EXFireRing.tga' shader=1 count=1 streak=0 billboard=0 volumeDepth=0 firstRGBA=0.933,0.933,0.933,1.000 firstSize=34.595
[PARTICLE-BLEND] texture='exfirering.tga' alphaBlend=1 src=2 dst=2 zWrite=0 alphaTest=0 colorOp=4 alphaOp=4 shaderSrc=1 shaderDst=1
[PARTICLE-DIAG] texture='EXFireEmbr.tga' shader=1 count=2 streak=0 billboard=1 volumeDepth=0 firstRGBA=1.000,0.502,0.251,0.000 firstSize=1.000
[PARTICLE-BLEND] texture='exfireembr.tga' alphaBlend=1 src=2 dst=2 zWrite=0 alphaTest=0 colorOp=4 alphaOp=4 shaderSrc=1 shaderDst=1
[PARTICLE-DIAG] texture='EXFireRing.tga' shader=1 count=1 streak=0 billboard=0 volumeDepth=0 firstRGBA=0.867,0.867,0.867,1.000 firstSize=38.271
[PARTICLE-BLEND] texture='exfirering.tga' alphaBlend=1 src=2 dst=2 zWrite=0 alphaTest=0 colorOp=4 alphaOp=4 shaderSrc=1 shaderDst=1
[PARTICLE-DIAG] texture='EXFireEmbr.tga' shader=1 count=2 streak=0 billboard=1 volumeDepth=0 firstRGBA=1.000,0.502,0.251,0.000 firstSize=1.000
[PARTICLE-BLEND] texture='exfireembr.tga' alphaBlend=1 src=2 dst=2 zWrite=0 alphaTest=0 colorOp=4 alphaOp=4 shaderSrc=1 shaderDst=1
[PARTICLE-DIAG] texture='EXFireRing.tga' shader=1 count=2 streak=0 billboard=0 volumeDepth=0 firstRGBA=0.800,0.800,0.800,1.000 firstSize=41.212
[PARTICLE-BLEND] texture='exfirering.tga' alphaBlend=1 src=2 dst=2 zWrite=0 alphaTest=0 colorOp=4 alphaOp=4 shaderSrc=1 shaderDst=1
[PARTICLE-DIAG] texture='EXFireEmbr.tga' shader=1 count=2 streak=0 billboard=1 volumeDepth=0 firstRGBA=1.000,0.502,0.251,0.000 firstSize=1.000
[PARTICLE-BLEND] texture='exfireembr.tga' alphaBlend=1 src=2 dst=2 zWrite=0 alphaTest=0 colorOp=4 alphaOp=4 shaderSrc=1 shaderDst=1
[PARTICLE-DIAG] texture='EXFireRing.tga' shader=1 count=2 streak=0 billboard=0 volumeDepth=0 firstRGBA=0.733,0.733,0.733,1.000 firstSize=43.564
[PARTICLE-BLEND] texture='exfirering.tga' alphaBlend=1 src=2 dst=2 zWrite=0 alphaTest=0 colorOp=4 alphaOp=4 shaderSrc=1 shaderDst=1
[PARTICLE-DIAG] texture='EXFireEmbr.tga' shader=1 count=2 streak=0 billboard=1 volumeDepth=0 firstRGBA=1.000,0.502,0.251,0.000 firstSize=1.000
[PARTICLE-BLEND] texture='exfireembr.tga' alphaBlend=1 src=2 dst=2 zWrite=0 alphaTest=0 colorOp=4 alphaOp=4 shaderSrc=1 shaderDst=1
[PARTICLE-DIAG] texture='EXFireRing.tga' shader=1 count=2 streak=0 billboard=0 volumeDepth=0 firstRGBA=0.667,0.667,0.667,1.000 firstSize=45.446
[PARTICLE-BLEND] texture='exfirering.tga' alphaBlend=1 src=2 dst=2 zWrite=0 alphaTest=0 colorOp=4 alphaOp=4 shaderSrc=1 shaderDst=1
[PARTICLE-DIAG] texture='EXFireEmbr.tga' shader=1 count=2 streak=0 billboard=1 volumeDepth=0 firstRGBA=1.000,0.502,0.251,0.000 firstSize=1.000
[PARTICLE-BLEND] texture='exfireembr.tga' alphaBlend=1 src=2 dst=2 zWrite=0 alphaTest=0 colorOp=4 alphaOp=4 shaderSrc=1 shaderDst=1
[PARTICLE-DIAG] texture='EXFireRing.tga' shader=1 count=2 streak=0 billboard=0 volumeDepth=0 firstRGBA=0.600,0.600,0.600,1.000 firstSize=46.952
[PARTICLE-BLEND] texture='exfirering.tga' alphaBlend=1 src=2 dst=2 zWrite=0 alphaTest=0 colorOp=4 alphaOp=4 shaderSrc=1 shaderDst=1
[PARTICLE-DIAG] texture='EXFireEmbr.tga' shader=1 count=2 streak=0 billboard=1 volumeDepth=0 firstRGBA=1.000,0.502,0.251,0.000 firstSize=1.000
[PARTICLE-BLEND] texture='exfireembr.tga' alphaBlend=1 src=2 dst=2 zWrite=0 alphaTest=0 colorOp=4 alphaOp=4 shaderSrc=1 shaderDst=1
[PARTICLE-DIAG] texture='EXFireRing.tga' shader=1 count=2 streak=0 billboard=0 volumeDepth=0 firstRGBA=0.533,0.533,0.533,1.000 firstSize=48.157
[PARTICLE-BLEND] texture='exfirering.tga' alphaBlend=1 src=2 dst=2 zWrite=0 alphaTest=0 colorOp=4 alphaOp=4 shaderSrc=1 shaderDst=1
[PARTICLE-DIAG] texture='EXFireEmbr.tga' shader=1 count=2 streak=0 billboard=1 volumeDepth=0 firstRGBA=1.000,0.502,0.251,0.000 firstSize=1.000
[PARTICLE-BLEND] texture='exfireembr.tga' alphaBlend=1 src=2 dst=2 zWrite=0 alphaTest=0 colorOp=4 alphaOp=4 shaderSrc=1 shaderDst=1
[PARTICLE-DIAG] texture='EXFireRing.tga' shader=1 count=2 streak=0 billboard=0 volumeDepth=0 firstRGBA=0.467,0.467,0.467,1.000 firstSize=49.120
[PARTICLE-BLEND] texture='exfirering.tga' alphaBlend=1 src=2 dst=2 zWrite=0 alphaTest=0 colorOp=4 alphaOp=4 shaderSrc=1 shaderDst=1
[PARTICLE-DIAG] texture='EXFireEmbr.tga' shader=1 count=2 streak=0 billboard=1 volumeDepth=0 firstRGBA=1.000,0.502,0.251,0.000 firstSize=1.000
[PARTICLE-BLEND] texture='exfireembr.tga' alphaBlend=1 src=2 dst=2 zWrite=0 alphaTest=0 colorOp=4 alphaOp=4 shaderSrc=1 shaderDst=1
[PARTICLE-DIAG] texture='EXFireRing.tga' shader=1 count=2 streak=0 billboard=0 volumeDepth=0 firstRGBA=0.400,0.400,0.400,1.000 firstSize=49.891
[PARTICLE-BLEND] texture='exfirering.tga' alphaBlend=1 src=2 dst=2 zWrite=0 alphaTest=0 colorOp=4 alphaOp=4 shaderSrc=1 shaderDst=1
[PARTICLE-DIAG] texture='EXFireEmbr.tga' shader=1 count=2 streak=0 billboard=1 volumeDepth=0 firstRGBA=1.000,0.502,0.251,0.000 firstSize=1.000
[PARTICLE-BLEND] texture='exfireembr.tga' alphaBlend=1 src=2 dst=2 zWrite=0 alphaTest=0 colorOp=4 alphaOp=4 shaderSrc=1 shaderDst=1
[PARTICLE-DIAG] texture='EXFireRing.tga' shader=1 count=2 streak=0 billboard=0 volumeDepth=0 firstRGBA=0.333,0.333,0.333,1.000 firstSize=50.508
[PARTICLE-BLEND] texture='exfirering.tga' alphaBlend=1 src=2 dst=2 zWrite=0 alphaTest=0 colorOp=4 alphaOp=4 shaderSrc=1 shaderDst=1
[DEBUG] [2026-10-07 23:09:26] [WebSocket] Connected
[DEBUG] 

[PARTICLE-DIAG] texture='EXFireEmbr.tga' shader=1 count=2 streak=0 billboard=1 volumeDepth=0 firstRGBA=1.000,0.502,0.251,0.000 firstSize=1.000
[PARTICLE-BLEND] texture='exfireembr.tga' alphaBlend=1 src=2 dst=2 zWrite=0 alphaTest=0 colorOp=4 alphaOp=4 shaderSrc=1 shaderDst=1
[PARTICLE-DIAG] texture='EXFireRing.tga' shader=1 count=2 streak=0 billboard=0 volumeDepth=0 firstRGBA=0.267,0.267,0.267,1.000 firstSize=51.001
[PARTICLE-BLEND] texture='exfirering.tga' alphaBlend=1 src=2 dst=2 zWrite=0 alphaTest=0 colorOp=4 alphaOp=4 shaderSrc=1 shaderDst=1
[PARTICLE-DIAG] texture='EXFireEmbr.tga' shader=1 count=2 streak=0 billboard=1 volumeDepth=0 firstRGBA=1.000,0.502,0.251,0.000 firstSize=1.000
[PARTICLE-BLEND] texture='exfireembr.tga' alphaBlend=1 src=2 dst=2 zWrite=0 alphaTest=0 colorOp=4 alphaOp=4 shaderSrc=1 shaderDst=1
[PARTICLE-DIAG] texture='EXFireRing.tga' shader=1 count=2 streak=0 billboard=0 volumeDepth=0 firstRGBA=0.200,0.200,0.200,1.000 firstSize=51.396
[PARTICLE-DIAG] texture='EXFireEmbr.tga' shader=1 count=1 streak=0 billboard=1 volumeDepth=0 firstRGBA=1.000,0.502,0.251,0.000 firstSize=1.000
[PARTICLE-DIAG] texture='EXFireRing.tga' shader=1 count=2 streak=0 billboard=0 volumeDepth=0 firstRGBA=0.133,0.133,0.133,1.000 firstSize=51.712
[PARTICLE-DIAG] texture='EXFireEmbr.tga' shader=1 count=1 streak=0 billboard=1 volumeDepth=0 firstRGBA=1.000,0.502,0.251,0.000 firstSize=1.000
[PARTICLE-DIAG] texture='EXFireRing.tga' shader=1 count=2 streak=0 billboard=0 volumeDepth=0 firstRGBA=0.067,0.067,0.067,1.000 firstSize=51.964
[PARTICLE-DIAG] texture='EXFireEmbr.tga' shader=1 count=1 streak=0 billboard=1 volumeDepth=0 firstRGBA=1.000,0.502,0.251,0.000 firstSize=1.000
[PARTICLE-DIAG] texture='EXFireRing.tga' shader=1 count=1 streak=0 billboard=0 volumeDepth=0 firstRGBA=0.133,0.133,0.133,1.000 firstSize=51.827
[DEBUG] [2026-10-07 23:09:26] [0x1708b8820|https://api.playgenerals.online/env/prod/contract/1/Social/Friends|Verb 0] Transfer is complete: 36 bytes total! Curl result is 0
[DEBUG] 

[DEBUG] [2026-10-07 23:09:26] [0x1708b8820|https://api.playgenerals.online/env/prod/contract/1/Social/Friends|Verb 0] Response was 200 - {"friends":[],"pending_requests":[]}!
[DEBUG] 

[PARTICLE-DIAG] texture='EXFireEmbr.tga' shader=1 count=1 streak=0 billboard=1 volumeDepth=0 firstRGBA=1.000,0.502,0.251,0.000 firstSize=1.000
[PARTICLE-DIAG] texture='EXFireRing.tga' shader=1 count=1 streak=0 billboard=0 volumeDepth=0 firstRGBA=0.067,0.067,0.067,1.000 firstSize=52.081
[DEBUG] [2026-10-07 23:09:27] [0x1708b7620|https://api.playgenerals.online/env/prod/contract/1/MOTD|Verb 0] Transfer is complete: 1441 bytes total! Curl result is 0
[DEBUG] 

[DEBUG] [2026-10-07 23:09:27] [0x1708b7620|https://api.playgenerals.online/env/prod/contract/1/MOTD|Verb 0] Response was 200 - {"MOTD":"There are currently 1520 player(s) online.\r\n\r\n\\ffff7f2f========= Strata by GameReplays =========\r\nCheck out the ladder, match histories, screenshots, replays and more on Strata: https://strata.gamereplays.org\r\n\r\n\\ffff7f2f========= World Series 2026 =========\r\nThe World Series 2026 is under way, with a prize pool of $6700+. Learn more at www.zhworldseries.com\r\n\r\n\\ffff7f2f========= Outpost Live LAN Event =========\r\nRecap the events of Outpost Live 2026 on YouTube!\r\nwww.youtube.com/@CommunityOutpost\r\n\r\n\\ffff7f2f========= Need Help? =========\r\nVisit our Discord: https://discord.playgenerals.online\r\n\r\n\\ffff7f2f========= Community Rules =========\r\n\\ffff0000 Code of Conduct: www.playgenerals.online/codeofconduct\r\n\\ffff0000 Last Updated: January 16th 2026\r\n\r\n\\ffff7f2f========= Update Info =========\r\nClient Updated: September 29th, 2026\r\nServer Updated: September 29th, 2026\r\nPatch Notes: www.playgenerals.online/patchnotes\r\n\r\n\\ffff7f2f========= Useful Links =========\r\nWebsite: www.playgenerals.online\r\nDiscord: discord.playgenerals.online\r\nGameReplays: www.gamereplays.org\r\n\r\n\\ffff7f2f========= Notes & Thanks =========\r\nGeneralsOnline is in no way affiliated with EA/Electronic arts or the Command & Conquer franchise/brand.\r\n\r\nSpecial thanks to the everyone who contributed to development & the SuperHackers team who make GeneralsOnline possible\r\n"}!
[DEBUG] 

[DEBUG] [2026-10-07 23:09:27] [0x1708b7ce0|https://api.playgenerals.online/env/prod/contract/1/Social/Blocked|Verb 0] Transfer is complete: 14 bytes total! Curl result is 0
[DEBUG] 

[DEBUG] [2026-10-07 23:09:27] [0x1708b7ce0|https://api.playgenerals.online/env/prod/contract/1/Social/Blocked|Verb 0] Response was 200 - {"blocked":[]}!
[DEBUG] 

DEBUG: Shell::push() called with filename='Menus/WOLWelcomeMenu.wnd'
DEBUG: Shell::push() marked as pending, will load 'Menus/WOLWelcomeMenu.wnd' next frame
DEBUG: Shell::update() - Processing pending push: 'Menus/WOLWelcomeMenu.wnd'
DEBUG: Shell::doPush() called with layoutFile='Menus/WOLWelcomeMenu.wnd'
DEBUG: About to call TheWindowManager->winCreateLayout('Menus/WOLWelcomeMenu.wnd')
DEBUG: winCreateLayout returned: 0x13b89e540
DEBUG: Shell::doPush() completed successfully
DEBUG: Shell::update() - Push completed
[PARTICLE-DIAG] texture='EXFireball03.tga' shader=1 count=10 streak=0 billboard=1 volumeDepth=0 firstRGBA=0.169,0.169,0.169,0.000 firstSize=20.000
[CLOUD-XFORM] sample=300 path=terrain-dual stage=2 requested41=0.671874 requested42=-0.912077 applied41=0.671874 applied42=-0.912077 tcIndex=0x00020000 flags=0x00000002
[PARTICLE-DIAG] texture='EXFireball03.tga' shader=1 count=10 streak=0 billboard=1 volumeDepth=0 firstRGBA=0.169,0.165,0.163,0.000 firstSize=23.000
[PARTICLE-DIAG] texture='EXFireball03.tga' shader=1 count=10 streak=0 billboard=1 volumeDepth=0 firstRGBA=0.169,0.161,0.157,0.000 firstSize=25.400
[PARTICLE-DIAG] texture='EXFireball03.tga' shader=1 count=10 streak=0 billboard=1 volumeDepth=0 firstRGBA=0.169,0.157,0.152,0.000 firstSize=27.320
[PARTICLE-DIAG] texture='EXFireball03.tga' shader=1 count=10 streak=0 billboard=1 volumeDepth=0 firstRGBA=0.169,0.153,0.146,0.000 firstSize=28.856
[PARTICLE-DIAG] texture='EXFireball03.tga' shader=1 count=10 streak=0 billboard=1 volumeDepth=0 firstRGBA=0.169,0.149,0.141,0.000 firstSize=30.085
[PARTICLE-DIAG] texture='EXFireball03.tga' shader=1 count=10 streak=0 billboard=1 volumeDepth=0 firstRGBA=0.169,0.145,0.135,0.000 firstSize=31.068
[DEBUG] [2026-10-07 23:09:27] [0x1708bb400|https://api.playgenerals.online/env/prod/contract/1/GlobalStats|Verb 0] Transfer is complete: 146 bytes total! Curl result is 0
[DEBUG] 

[DEBUG] [2026-10-07 23:09:27] [0x1708bb400|https://api.playgenerals.online/env/prod/contract/1/GlobalStats|Verb 0] Response was 200 - {"globalstats":{"matches":[1103,1047,1104,1102,1056,1146,1010,1095,1009,1070,1080,1025],"wins":[558,488,571,547,535,651,564,670,520,604,571,563]}}!
[DEBUG] 

DEBUG: Shell::push() called with filename='Menus/WOLCustomLobby.wnd'
DEBUG: Shell::push() marked as pending, will load 'Menus/WOLCustomLobby.wnd' next frame
DEBUG: Shell::update() - Processing pending push: 'Menus/WOLCustomLobby.wnd'
DEBUG: Shell::doPush() called with layoutFile='Menus/WOLCustomLobby.wnd'
DEBUG: About to call TheWindowManager->winCreateLayout('Menus/WOLCustomLobby.wnd')
DEBUG: winCreateLayout returned: 0x13b89e540
DEBUG: Shell::doPush() completed successfully
DEBUG: Shell::update() - Push completed
[DEBUG] [2026-10-07 23:09:28] [0x1708f0f80|https://api.playgenerals.online/env/prod/contract/1/Social/Friends|Verb 0] Transfer is complete: 36 bytes total! Curl result is 0
[DEBUG] 

[DEBUG] [2026-10-07 23:09:28] [0x1708f0f80|https://api.playgenerals.online/env/prod/contract/1/Social/Friends|Verb 0] Response was 200 - {"friends":[],"pending_requests":[]}!
[DEBUG] 

[DEBUG] [2026-10-07 23:09:28] [0x1708f10a0|https://api.playgenerals.online/env/prod/contract/1/Rooms|Verb 0] Transfer is complete: 244 bytes total! Curl result is 0
[DEBUG] 

[DEBUG] [2026-10-07 23:09:28] [0x1708f10a0|https://api.playgenerals.online/env/prod/contract/1/Rooms|Verb 0] Response was 200 - {"rooms":[{"id":0,"name":"All Games","parent_id":null,"flags":1},{"id":1,"name":"General","parent_id":0,"flags":0},{"id":2,"name":"Tournament","parent_id":0,"flags":0}],"supports_moderation_commands":true,"supports_room_selection_results":true}!
[DEBUG] 

[DEBUG] [2026-10-07 23:09:30] [NGMP] Repopulating network room roster using local data
[DEBUG] 

[DEBUG] [2026-10-07 23:09:30] [0x1708fcb60|https://api.playgenerals.online/env/prod/contract/1/PlayerStats/122782|Verb 0] Transfer is complete: 1979 bytes total! Curl result is 0
[DEBUG] 

[DEBUG] [2026-10-07 23:09:30] [0x1708fcb60|https://api.playgenerals.online/env/prod/contract/1/PlayerStats/122782|Verb 0] Response was 200 - {"stats":{"userID":122782,"EloRating":1000,"EloMatches":0,"MonthlyEloRating":1000,"wins":[1,1,9,7,6,6,5,6,7,5,6,11,8,6,0],"losses":[1,1,3,6,5,6,5,3,4,4,4,4,3,3,0],"games":[1,1,11,12,10,14,10,8,11,8,11,16,12,11,0],"duration":[23,12,119,126,101,202,129,105,148,55,112,180,133,138,0],"unitsKilled":[43,37,685,577,960,1335,456,776,522,242,674,931,818,690,0],"unitsLost":[59,71,675,450,830,1394,628,1060,526,245,399,1195,986,894,0],"unitsBuilt":[50,67,329,361,710,537,237,782,352,244,278,817,723,632,0],"buildingsKilled":[5,2,67,58,155,71,31,94,43,35,48,78,88,57,0],"buildingsLost":[5,8,40,59,90,124,78,134,59,31,59,104,66,54,0],"buildingsBuilt":[16,18,137,167,170,257,157,215,151,94,153,219,176,168,0],"earnings":[44790,34205,386441,266608,701413,2000768672,433367,682272,451792,169917,1200343219,1200623650,1400470224,2000285779,0],"techCaptured":[50,25,170,94,115,251,99,106,63,88,64,155,173,41,0],"discons":[0,0,0,0,0,0,0,0,0,0,0,0,0,0,0],"desyncs":[0,0,0,0,0,0,0,0,0,0,0,0,0,0,0],"surrenders":[1,1,1,1,2,4,1,1,3,1,1,0,0,0,0],"gamesOf2p":[1,0,0,0,0,0,0,0,0,0,0,0,0,0,0],"gamesOf3p":[0,0,0,0,0,0,0,0,0,0,0,0,0,0,0],"gamesOf4p":[1,1,8,9,10,9,9,6,11,6,10,14,10,10,0],"gamesOf5p":[1,1,1,0,0,0,0,0,0,0,0,0,0,0,0],"gamesOf6p":[1,1,2,2,1,4,2,2,1,0,0,0,0,0,0],"gamesOf7p":[0,0,0,0,0,0,0,0,0,0,0,0,0,0,0],"gamesOf8p":[1,1,0,0,0,0,0,0,0,0,0,0,0,0,0],"customGames":[0,0,0,0,0,0,0,0,0,0,0,0,0,0,0],"QMGames":[0,0,0,0,0,0,0,0,0,0,0,0,0,0,0],"customGamesPerGeneral":[1,0,0,0,0,0,0,0,0,0,0,0,0,0,0],"quickMatchesPerGeneral":[0,0,0,0,0,0,0,0,0,0,0,0,0,0,0],"locale":0,"gamesAsRandom":134,"options":"","systemSpec":"","lastFPS":0,"lastGeneral":13,"gamesInRowWithLastGeneral":1,"challengeMedals":0,"battleHonors":4374914,"QMwinsInARow":0,"maxQMwinsInARow":0,"winsInARow":3,"maxWinsInARow":8,"lossesInARow":0,"maxLossesInARow":5,"disconsInARow":0,"maxDisconsInARow":0,"desyncsInARow":0,"maxDesyncsInARow":0,"builtParticleCannon":2,"builtNuke":6,"builtSCUD":8,"lastLadderPort":0,"lastLadderHost":""}}!
[DEBUG] 

[DEBUG] [2026-10-07 23:09:30] [0x1708f7b80|https://api.playgenerals.online/env/prod/contract/1/PlayerStats/Batch|Verb 0] Transfer is complete: 39804 bytes total! Curl result is 0
[DEBUG] 

[DEBUG] [2026-10-07 23:09:30] [0x1708f7b80|https://api.playgenerals.online/env/prod/contract/1/PlayerStats/Batch|Verb 0] Response was 200 - <body omitted: 39804 bytes>!
[DEBUG] 

[DEBUG] [2026-10-07 23:09:30] [0x170876460|https://api.playgenerals.online/env/prod/contract/1/PlayerStats/122782|Verb 0] Transfer is complete: 1979 bytes total! Curl result is 0
[DEBUG] 

[DEBUG] [2026-10-07 23:09:30] [0x170876460|https://api.playgenerals.online/env/prod/contract/1/PlayerStats/122782|Verb 0] Response was 200 - {"stats":{"userID":122782,"EloRating":1000,"EloMatches":0,"MonthlyEloRating":1000,"wins":[1,1,9,7,6,6,5,6,7,5,6,11,8,6,0],"losses":[1,1,3,6,5,6,5,3,4,4,4,4,3,3,0],"games":[1,1,11,12,10,14,10,8,11,8,11,16,12,11,0],"duration":[23,12,119,126,101,202,129,105,148,55,112,180,133,138,0],"unitsKilled":[43,37,685,577,960,1335,456,776,522,242,674,931,818,690,0],"unitsLost":[59,71,675,450,830,1394,628,1060,526,245,399,1195,986,894,0],"unitsBuilt":[50,67,329,361,710,537,237,782,352,244,278,817,723,632,0],"buildingsKilled":[5,2,67,58,155,71,31,94,43,35,48,78,88,57,0],"buildingsLost":[5,8,40,59,90,124,78,134,59,31,59,104,66,54,0],"buildingsBuilt":[16,18,137,167,170,257,157,215,151,94,153,219,176,168,0],"earnings":[44790,34205,386441,266608,701413,2000768672,433367,682272,451792,169917,1200343219,1200623650,1400470224,2000285779,0],"techCaptured":[50,25,170,94,115,251,99,106,63,88,64,155,173,41,0],"discons":[0,0,0,0,0,0,0,0,0,0,0,0,0,0,0],"desyncs":[0,0,0,0,0,0,0,0,0,0,0,0,0,0,0],"surrenders":[1,1,1,1,2,4,1,1,3,1,1,0,0,0,0],"gamesOf2p":[1,0,0,0,0,0,0,0,0,0,0,0,0,0,0],"gamesOf3p":[0,0,0,0,0,0,0,0,0,0,0,0,0,0,0],"gamesOf4p":[1,1,8,9,10,9,9,6,11,6,10,14,10,10,0],"gamesOf5p":[1,1,1,0,0,0,0,0,0,0,0,0,0,0,0],"gamesOf6p":[1,1,2,2,1,4,2,2,1,0,0,0,0,0,0],"gamesOf7p":[0,0,0,0,0,0,0,0,0,0,0,0,0,0,0],"gamesOf8p":[1,1,0,0,0,0,0,0,0,0,0,0,0,0,0],"customGames":[0,0,0,0,0,0,0,0,0,0,0,0,0,0,0],"QMGames":[0,0,0,0,0,0,0,0,0,0,0,0,0,0,0],"customGamesPerGeneral":[1,0,0,0,0,0,0,0,0,0,0,0,0,0,0],"quickMatchesPerGeneral":[0,0,0,0,0,0,0,0,0,0,0,0,0,0,0],"locale":0,"gamesAsRandom":134,"options":"","systemSpec":"","lastFPS":0,"lastGeneral":13,"gamesInRowWithLastGeneral":1,"challengeMedals":0,"battleHonors":4374914,"QMwinsInARow":0,"maxQMwinsInARow":0,"winsInARow":3,"maxWinsInARow":8,"lossesInARow":0,"maxLossesInARow":5,"disconsInARow":0,"maxDisconsInARow":0,"desyncsInARow":0,"maxDesyncsInARow":0,"builtParticleCannon":2,"builtNuke":6,"builtSCUD":8,"lastLadderPort":0,"lastLadderHost":""}}!
[DEBUG] 

[DEBUG] [2026-10-07 23:09:30] [0x1708fe420|https://api.playgenerals.online/env/prod/contract/1/PlayerStats/122782|Verb 0] Transfer is complete: 1979 bytes total! Curl result is 0
[DEBUG] 

[DEBUG] [2026-10-07 23:09:30] [0x1708fe420|https://api.playgenerals.online/env/prod/contract/1/PlayerStats/122782|Verb 0] Response was 200 - {"stats":{"userID":122782,"EloRating":1000,"EloMatches":0,"MonthlyEloRating":1000,"wins":[1,1,9,7,6,6,5,6,7,5,6,11,8,6,0],"losses":[1,1,3,6,5,6,5,3,4,4,4,4,3,3,0],"games":[1,1,11,12,10,14,10,8,11,8,11,16,12,11,0],"duration":[23,12,119,126,101,202,129,105,148,55,112,180,133,138,0],"unitsKilled":[43,37,685,577,960,1335,456,776,522,242,674,931,818,690,0],"unitsLost":[59,71,675,450,830,1394,628,1060,526,245,399,1195,986,894,0],"unitsBuilt":[50,67,329,361,710,537,237,782,352,244,278,817,723,632,0],"buildingsKilled":[5,2,67,58,155,71,31,94,43,35,48,78,88,57,0],"buildingsLost":[5,8,40,59,90,124,78,134,59,31,59,104,66,54,0],"buildingsBuilt":[16,18,137,167,170,257,157,215,151,94,153,219,176,168,0],"earnings":[44790,34205,386441,266608,701413,2000768672,433367,682272,451792,169917,1200343219,1200623650,1400470224,2000285779,0],"techCaptured":[50,25,170,94,115,251,99,106,63,88,64,155,173,41,0],"discons":[0,0,0,0,0,0,0,0,0,0,0,0,0,0,0],"desyncs":[0,0,0,0,0,0,0,0,0,0,0,0,0,0,0],"surrenders":[1,1,1,1,2,4,1,1,3,1,1,0,0,0,0],"gamesOf2p":[1,0,0,0,0,0,0,0,0,0,0,0,0,0,0],"gamesOf3p":[0,0,0,0,0,0,0,0,0,0,0,0,0,0,0],"gamesOf4p":[1,1,8,9,10,9,9,6,11,6,10,14,10,10,0],"gamesOf5p":[1,1,1,0,0,0,0,0,0,0,0,0,0,0,0],"gamesOf6p":[1,1,2,2,1,4,2,2,1,0,0,0,0,0,0],"gamesOf7p":[0,0,0,0,0,0,0,0,0,0,0,0,0,0,0],"gamesOf8p":[1,1,0,0,0,0,0,0,0,0,0,0,0,0,0],"customGames":[0,0,0,0,0,0,0,0,0,0,0,0,0,0,0],"QMGames":[0,0,0,0,0,0,0,0,0,0,0,0,0,0,0],"customGamesPerGeneral":[1,0,0,0,0,0,0,0,0,0,0,0,0,0,0],"quickMatchesPerGeneral":[0,0,0,0,0,0,0,0,0,0,0,0,0,0,0],"locale":0,"gamesAsRandom":134,"options":"","systemSpec":"","lastFPS":0,"lastGeneral":13,"gamesInRowWithLastGeneral":1,"challengeMedals":0,"battleHonors":4374914,"QMwinsInARow":0,"maxQMwinsInARow":0,"winsInARow":3,"maxWinsInARow":8,"lossesInARow":0,"maxLossesInARow":5,"disconsInARow":0,"maxDisconsInARow":0,"desyncsInARow":0,"maxDesyncsInARow":0,"builtParticleCannon":2,"builtNuke":6,"builtSCUD":8,"lastLadderPort":0,"lastLadderHost":""}}!
[DEBUG] 

[DEBUG] [2026-10-07 23:09:30] [0x170901360|https://api.playgenerals.online/env/prod/contract/1/PlayerStats/122782|Verb 0] Transfer is complete: 1979 bytes total! Curl result is 0
[DEBUG] 

[DEBUG] [2026-10-07 23:09:30] [0x170901360|https://api.playgenerals.online/env/prod/contract/1/PlayerStats/122782|Verb 0] Response was 200 - {"stats":{"userID":122782,"EloRating":1000,"EloMatches":0,"MonthlyEloRating":1000,"wins":[1,1,9,7,6,6,5,6,7,5,6,11,8,6,0],"losses":[1,1,3,6,5,6,5,3,4,4,4,4,3,3,0],"games":[1,1,11,12,10,14,10,8,11,8,11,16,12,11,0],"duration":[23,12,119,126,101,202,129,105,148,55,112,180,133,138,0],"unitsKilled":[43,37,685,577,960,1335,456,776,522,242,674,931,818,690,0],"unitsLost":[59,71,675,450,830,1394,628,1060,526,245,399,1195,986,894,0],"unitsBuilt":[50,67,329,361,710,537,237,782,352,244,278,817,723,632,0],"buildingsKilled":[5,2,67,58,155,71,31,94,43,35,48,78,88,57,0],"buildingsLost":[5,8,40,59,90,124,78,134,59,31,59,104,66,54,0],"buildingsBuilt":[16,18,137,167,170,257,157,215,151,94,153,219,176,168,0],"earnings":[44790,34205,386441,266608,701413,2000768672,433367,682272,451792,169917,1200343219,1200623650,1400470224,2000285779,0],"techCaptured":[50,25,170,94,115,251,99,106,63,88,64,155,173,41,0],"discons":[0,0,0,0,0,0,0,0,0,0,0,0,0,0,0],"desyncs":[0,0,0,0,0,0,0,0,0,0,0,0,0,0,0],"surrenders":[1,1,1,1,2,4,1,1,3,1,1,0,0,0,0],"gamesOf2p":[1,0,0,0,0,0,0,0,0,0,0,0,0,0,0],"gamesOf3p":[0,0,0,0,0,0,0,0,0,0,0,0,0,0,0],"gamesOf4p":[1,1,8,9,10,9,9,6,11,6,10,14,10,10,0],"gamesOf5p":[1,1,1,0,0,0,0,0,0,0,0,0,0,0,0],"gamesOf6p":[1,1,2,2,1,4,2,2,1,0,0,0,0,0,0],"gamesOf7p":[0,0,0,0,0,0,0,0,0,0,0,0,0,0,0],"gamesOf8p":[1,1,0,0,0,0,0,0,0,0,0,0,0,0,0],"customGames":[0,0,0,0,0,0,0,0,0,0,0,0,0,0,0],"QMGames":[0,0,0,0,0,0,0,0,0,0,0,0,0,0,0],"customGamesPerGeneral":[1,0,0,0,0,0,0,0,0,0,0,0,0,0,0],"quickMatchesPerGeneral":[0,0,0,0,0,0,0,0,0,0,0,0,0,0,0],"locale":0,"gamesAsRandom":134,"options":"","systemSpec":"","lastFPS":0,"lastGeneral":13,"gamesInRowWithLastGeneral":1,"challengeMedals":0,"battleHonors":4374914,"QMwinsInARow":0,"maxQMwinsInARow":0,"winsInARow":3,"maxWinsInARow":8,"lossesInARow":0,"maxLossesInARow":5,"disconsInARow":0,"maxDisconsInARow":0,"desyncsInARow":0,"maxDesyncsInARow":0,"builtParticleCannon":2,"builtNuke":6,"builtSCUD":8,"lastLadderPort":0,"lastLadderHost":""}}!
[DEBUG] 

[DEBUG] [2026-10-07 23:09:30] [0x1709015a0|https://api.playgenerals.online/env/prod/contract/1/PlayerStats/122782|Verb 0] Transfer is complete: 1979 bytes total! Curl result is 0
[DEBUG] 

[DEBUG] [2026-10-07 23:09:30] [0x1709015a0|https://api.playgenerals.online/env/prod/contract/1/PlayerStats/122782|Verb 0] Response was 200 - {"stats":{"userID":122782,"EloRating":1000,"EloMatches":0,"MonthlyEloRating":1000,"wins":[1,1,9,7,6,6,5,6,7,5,6,11,8,6,0],"losses":[1,1,3,6,5,6,5,3,4,4,4,4,3,3,0],"games":[1,1,11,12,10,14,10,8,11,8,11,16,12,11,0],"duration":[23,12,119,126,101,202,129,105,148,55,112,180,133,138,0],"unitsKilled":[43,37,685,577,960,1335,456,776,522,242,674,931,818,690,0],"unitsLost":[59,71,675,450,830,1394,628,1060,526,245,399,1195,986,894,0],"unitsBuilt":[50,67,329,361,710,537,237,782,352,244,278,817,723,632,0],"buildingsKilled":[5,2,67,58,155,71,31,94,43,35,48,78,88,57,0],"buildingsLost":[5,8,40,59,90,124,78,134,59,31,59,104,66,54,0],"buildingsBuilt":[16,18,137,167,170,257,157,215,151,94,153,219,176,168,0],"earnings":[44790,34205,386441,266608,701413,2000768672,433367,682272,451792,169917,1200343219,1200623650,1400470224,2000285779,0],"techCaptured":[50,25,170,94,115,251,99,106,63,88,64,155,173,41,0],"discons":[0,0,0,0,0,0,0,0,0,0,0,0,0,0,0],"desyncs":[0,0,0,0,0,0,0,0,0,0,0,0,0,0,0],"surrenders":[1,1,1,1,2,4,1,1,3,1,1,0,0,0,0],"gamesOf2p":[1,0,0,0,0,0,0,0,0,0,0,0,0,0,0],"gamesOf3p":[0,0,0,0,0,0,0,0,0,0,0,0,0,0,0],"gamesOf4p":[1,1,8,9,10,9,9,6,11,6,10,14,10,10,0],"gamesOf5p":[1,1,1,0,0,0,0,0,0,0,0,0,0,0,0],"gamesOf6p":[1,1,2,2,1,4,2,2,1,0,0,0,0,0,0],"gamesOf7p":[0,0,0,0,0,0,0,0,0,0,0,0,0,0,0],"gamesOf8p":[1,1,0,0,0,0,0,0,0,0,0,0,0,0,0],"customGames":[0,0,0,0,0,0,0,0,0,0,0,0,0,0,0],"QMGames":[0,0,0,0,0,0,0,0,0,0,0,0,0,0,0],"customGamesPerGeneral":[1,0,0,0,0,0,0,0,0,0,0,0,0,0,0],"quickMatchesPerGeneral":[0,0,0,0,0,0,0,0,0,0,0,0,0,0,0],"locale":0,"gamesAsRandom":134,"options":"","systemSpec":"","lastFPS":0,"lastGeneral":13,"gamesInRowWithLastGeneral":1,"challengeMedals":0,"battleHonors":4374914,"QMwinsInARow":0,"maxQMwinsInARow":0,"winsInARow":3,"maxWinsInARow":8,"lossesInARow":0,"maxLossesInARow":5,"disconsInARow":0,"maxDisconsInARow":0,"desyncsInARow":0,"maxDesyncsInARow":0,"builtParticleCannon":2,"builtNuke":6,"builtSCUD":8,"lastLadderPort":0,"lastLadderHost":""}}!
[DEBUG] 

[DEBUG] [2026-10-07 23:09:30] [0x1708f73a0|https://api.playgenerals.online/env/prod/contract/1/Lobbies|Verb 0] Transfer is complete: 122223 bytes total! Curl result is 0
[DEBUG] 

[DEBUG] [2026-10-07 23:09:30] [0x1708f73a0|https://api.playgenerals.online/env/prod/contract/1/Lobbies|Verb 0] Response was 200 - <body omitted: 122223 bytes>!
[DEBUG] 

[DEBUG] [2026-10-07 23:09:30] [0x1709004c0|https://api.playgenerals.online/env/prod/contract/1/PlayerStats/122782|Verb 0] Transfer is complete: 1979 bytes total! Curl result is 0
[DEBUG] 

[DEBUG] [2026-10-07 23:09:30] [0x1709004c0|https://api.playgenerals.online/env/prod/contract/1/PlayerStats/122782|Verb 0] Response was 200 - {"stats":{"userID":122782,"EloRating":1000,"EloMatches":0,"MonthlyEloRating":1000,"wins":[1,1,9,7,6,6,5,6,7,5,6,11,8,6,0],"losses":[1,1,3,6,5,6,5,3,4,4,4,4,3,3,0],"games":[1,1,11,12,10,14,10,8,11,8,11,16,12,11,0],"duration":[23,12,119,126,101,202,129,105,148,55,112,180,133,138,0],"unitsKilled":[43,37,685,577,960,1335,456,776,522,242,674,931,818,690,0],"unitsLost":[59,71,675,450,830,1394,628,1060,526,245,399,1195,986,894,0],"unitsBuilt":[50,67,329,361,710,537,237,782,352,244,278,817,723,632,0],"buildingsKilled":[5,2,67,58,155,71,31,94,43,35,48,78,88,57,0],"buildingsLost":[5,8,40,59,90,124,78,134,59,31,59,104,66,54,0],"buildingsBuilt":[16,18,137,167,170,257,157,215,151,94,153,219,176,168,0],"earnings":[44790,34205,386441,266608,701413,2000768672,433367,682272,451792,169917,1200343219,1200623650,1400470224,2000285779,0],"techCaptured":[50,25,170,94,115,251,99,106,63,88,64,155,173,41,0],"discons":[0,0,0,0,0,0,0,0,0,0,0,0,0,0,0],"desyncs":[0,0,0,0,0,0,0,0,0,0,0,0,0,0,0],"surrenders":[1,1,1,1,2,4,1,1,3,1,1,0,0,0,0],"gamesOf2p":[1,0,0,0,0,0,0,0,0,0,0,0,0,0,0],"gamesOf3p":[0,0,0,0,0,0,0,0,0,0,0,0,0,0,0],"gamesOf4p":[1,1,8,9,10,9,9,6,11,6,10,14,10,10,0],"gamesOf5p":[1,1,1,0,0,0,0,0,0,0,0,0,0,0,0],"gamesOf6p":[1,1,2,2,1,4,2,2,1,0,0,0,0,0,0],"gamesOf7p":[0,0,0,0,0,0,0,0,0,0,0,0,0,0,0],"gamesOf8p":[1,1,0,0,0,0,0,0,0,0,0,0,0,0,0],"customGames":[0,0,0,0,0,0,0,0,0,0,0,0,0,0,0],"QMGames":[0,0,0,0,0,0,0,0,0,0,0,0,0,0,0],"customGamesPerGeneral":[1,0,0,0,0,0,0,0,0,0,0,0,0,0,0],"quickMatchesPerGeneral":[0,0,0,0,0,0,0,0,0,0,0,0,0,0,0],"locale":0,"gamesAsRandom":134,"options":"","systemSpec":"","lastFPS":0,"lastGeneral":13,"gamesInRowWithLastGeneral":1,"challengeMedals":0,"battleHonors":4374914,"QMwinsInARow":0,"maxQMwinsInARow":0,"winsInARow":3,"maxWinsInARow":8,"lossesInARow":0,"maxLossesInARow":5,"disconsInARow":0,"maxDisconsInARow":0,"desyncsInARow":0,"maxDesyncsInARow":0,"builtParticleCannon":2,"builtNuke":6,"builtSCUD":8,"lastLadderPort":0,"lastLadderHost":""}}!
[DEBUG] 

[DEBUG] [2026-10-07 23:09:30] [0x1708fee40|https://api.playgenerals.online/env/prod/contract/1/PlayerStats/122782|Verb 0] Transfer is complete: 1979 bytes total! Curl result is 0
[DEBUG] 

[DEBUG] [2026-10-07 23:09:30] [0x1708fee40|https://api.playgenerals.online/env/prod/contract/1/PlayerStats/122782|Verb 0] Response was 200 - {"stats":{"userID":122782,"EloRating":1000,"EloMatches":0,"MonthlyEloRating":1000,"wins":[1,1,9,7,6,6,5,6,7,5,6,11,8,6,0],"losses":[1,1,3,6,5,6,5,3,4,4,4,4,3,3,0],"games":[1,1,11,12,10,14,10,8,11,8,11,16,12,11,0],"duration":[23,12,119,126,101,202,129,105,148,55,112,180,133,138,0],"unitsKilled":[43,37,685,577,960,1335,456,776,522,242,674,931,818,690,0],"unitsLost":[59,71,675,450,830,1394,628,1060,526,245,399,1195,986,894,0],"unitsBuilt":[50,67,329,361,710,537,237,782,352,244,278,817,723,632,0],"buildingsKilled":[5,2,67,58,155,71,31,94,43,35,48,78,88,57,0],"buildingsLost":[5,8,40,59,90,124,78,134,59,31,59,104,66,54,0],"buildingsBuilt":[16,18,137,167,170,257,157,215,151,94,153,219,176,168,0],"earnings":[44790,34205,386441,266608,701413,2000768672,433367,682272,451792,169917,1200343219,1200623650,1400470224,2000285779,0],"techCaptured":[50,25,170,94,115,251,99,106,63,88,64,155,173,41,0],"discons":[0,0,0,0,0,0,0,0,0,0,0,0,0,0,0],"desyncs":[0,0,0,0,0,0,0,0,0,0,0,0,0,0,0],"surrenders":[1,1,1,1,2,4,1,1,3,1,1,0,0,0,0],"gamesOf2p":[1,0,0,0,0,0,0,0,0,0,0,0,0,0,0],"gamesOf3p":[0,0,0,0,0,0,0,0,0,0,0,0,0,0,0],"gamesOf4p":[1,1,8,9,10,9,9,6,11,6,10,14,10,10,0],"gamesOf5p":[1,1,1,0,0,0,0,0,0,0,0,0,0,0,0],"gamesOf6p":[1,1,2,2,1,4,2,2,1,0,0,0,0,0,0],"gamesOf7p":[0,0,0,0,0,0,0,0,0,0,0,0,0,0,0],"gamesOf8p":[1,1,0,0,0,0,0,0,0,0,0,0,0,0,0],"customGames":[0,0,0,0,0,0,0,0,0,0,0,0,0,0,0],"QMGames":[0,0,0,0,0,0,0,0,0,0,0,0,0,0,0],"customGamesPerGeneral":[1,0,0,0,0,0,0,0,0,0,0,0,0,0,0],"quickMatchesPerGeneral":[0,0,0,0,0,0,0,0,0,0,0,0,0,0,0],"locale":0,"gamesAsRandom":134,"options":"","systemSpec":"","lastFPS":0,"lastGeneral":13,"gamesInRowWithLastGeneral":1,"challengeMedals":0,"battleHonors":4374914,"QMwinsInARow":0,"maxQMwinsInARow":0,"winsInARow":3,"maxWinsInARow":8,"lossesInARow":0,"maxLossesInARow":5,"disconsInARow":0,"maxDisconsInARow":0,"desyncsInARow":0,"maxDesyncsInARow":0,"builtParticleCannon":2,"builtNuke":6,"builtSCUD":8,"lastLadderPort":0,"lastLadderHost":""}}!
[DEBUG] 

[DEBUG] [2026-10-07 23:09:31] [0x1709312a0|https://api.playgenerals.online/env/prod/contract/1/PlayerStats/122782|Verb 0] Transfer is complete: 1979 bytes total! Curl result is 0
[DEBUG] 

[DEBUG] [2026-10-07 23:09:31] [0x1709312a0|https://api.playgenerals.online/env/prod/contract/1/PlayerStats/122782|Verb 0] Response was 200 - {"stats":{"userID":122782,"EloRating":1000,"EloMatches":0,"MonthlyEloRating":1000,"wins":[1,1,9,7,6,6,5,6,7,5,6,11,8,6,0],"losses":[1,1,3,6,5,6,5,3,4,4,4,4,3,3,0],"games":[1,1,11,12,10,14,10,8,11,8,11,16,12,11,0],"duration":[23,12,119,126,101,202,129,105,148,55,112,180,133,138,0],"unitsKilled":[43,37,685,577,960,1335,456,776,522,242,674,931,818,690,0],"unitsLost":[59,71,675,450,830,1394,628,1060,526,245,399,1195,986,894,0],"unitsBuilt":[50,67,329,361,710,537,237,782,352,244,278,817,723,632,0],"buildingsKilled":[5,2,67,58,155,71,31,94,43,35,48,78,88,57,0],"buildingsLost":[5,8,40,59,90,124,78,134,59,31,59,104,66,54,0],"buildingsBuilt":[16,18,137,167,170,257,157,215,151,94,153,219,176,168,0],"earnings":[44790,34205,386441,266608,701413,2000768672,433367,682272,451792,169917,1200343219,1200623650,1400470224,2000285779,0],"techCaptured":[50,25,170,94,115,251,99,106,63,88,64,155,173,41,0],"discons":[0,0,0,0,0,0,0,0,0,0,0,0,0,0,0],"desyncs":[0,0,0,0,0,0,0,0,0,0,0,0,0,0,0],"surrenders":[1,1,1,1,2,4,1,1,3,1,1,0,0,0,0],"gamesOf2p":[1,0,0,0,0,0,0,0,0,0,0,0,0,0,0],"gamesOf3p":[0,0,0,0,0,0,0,0,0,0,0,0,0,0,0],"gamesOf4p":[1,1,8,9,10,9,9,6,11,6,10,14,10,10,0],"gamesOf5p":[1,1,1,0,0,0,0,0,0,0,0,0,0,0,0],"gamesOf6p":[1,1,2,2,1,4,2,2,1,0,0,0,0,0,0],"gamesOf7p":[0,0,0,0,0,0,0,0,0,0,0,0,0,0,0],"gamesOf8p":[1,1,0,0,0,0,0,0,0,0,0,0,0,0,0],"customGames":[0,0,0,0,0,0,0,0,0,0,0,0,0,0,0],"QMGames":[0,0,0,0,0,0,0,0,0,0,0,0,0,0,0],"customGamesPerGeneral":[1,0,0,0,0,0,0,0,0,0,0,0,0,0,0],"quickMatchesPerGeneral":[0,0,0,0,0,0,0,0,0,0,0,0,0,0,0],"locale":0,"gamesAsRandom":134,"options":"","systemSpec":"","lastFPS":0,"lastGeneral":13,"gamesInRowWithLastGeneral":1,"challengeMedals":0,"battleHonors":4374914,"QMwinsInARow":0,"maxQMwinsInARow":0,"winsInARow":3,"maxWinsInARow":8,"lossesInARow":0,"maxLossesInARow":5,"disconsInARow":0,"maxDisconsInARow":0,"desyncsInARow":0,"maxDesyncsInARow":0,"builtParticleCannon":2,"builtNuke":6,"builtSCUD":8,"lastLadderPort":0,"lastLadderHost":""}}!
[DEBUG] 

[DEBUG] [2026-10-07 23:09:31] [0x170935f20|https://api.playgenerals.online/env/prod/contract/1/PlayerStats/122782|Verb 0] Transfer is complete: 1979 bytes total! Curl result is 0
[DEBUG] 

[DEBUG] [2026-10-07 23:09:31] [0x170935f20|https://api.playgenerals.online/env/prod/contract/1/PlayerStats/122782|Verb 0] Response was 200 - {"stats":{"userID":122782,"EloRating":1000,"EloMatches":0,"MonthlyEloRating":1000,"wins":[1,1,9,7,6,6,5,6,7,5,6,11,8,6,0],"losses":[1,1,3,6,5,6,5,3,4,4,4,4,3,3,0],"games":[1,1,11,12,10,14,10,8,11,8,11,16,12,11,0],"duration":[23,12,119,126,101,202,129,105,148,55,112,180,133,138,0],"unitsKilled":[43,37,685,577,960,1335,456,776,522,242,674,931,818,690,0],"unitsLost":[59,71,675,450,830,1394,628,1060,526,245,399,1195,986,894,0],"unitsBuilt":[50,67,329,361,710,537,237,782,352,244,278,817,723,632,0],"buildingsKilled":[5,2,67,58,155,71,31,94,43,35,48,78,88,57,0],"buildingsLost":[5,8,40,59,90,124,78,134,59,31,59,104,66,54,0],"buildingsBuilt":[16,18,137,167,170,257,157,215,151,94,153,219,176,168,0],"earnings":[44790,34205,386441,266608,701413,2000768672,433367,682272,451792,169917,1200343219,1200623650,1400470224,2000285779,0],"techCaptured":[50,25,170,94,115,251,99,106,63,88,64,155,173,41,0],"discons":[0,0,0,0,0,0,0,0,0,0,0,0,0,0,0],"desyncs":[0,0,0,0,0,0,0,0,0,0,0,0,0,0,0],"surrenders":[1,1,1,1,2,4,1,1,3,1,1,0,0,0,0],"gamesOf2p":[1,0,0,0,0,0,0,0,0,0,0,0,0,0,0],"gamesOf3p":[0,0,0,0,0,0,0,0,0,0,0,0,0,0,0],"gamesOf4p":[1,1,8,9,10,9,9,6,11,6,10,14,10,10,0],"gamesOf5p":[1,1,1,0,0,0,0,0,0,0,0,0,0,0,0],"gamesOf6p":[1,1,2,2,1,4,2,2,1,0,0,0,0,0,0],"gamesOf7p":[0,0,0,0,0,0,0,0,0,0,0,0,0,0,0],"gamesOf8p":[1,1,0,0,0,0,0,0,0,0,0,0,0,0,0],"customGames":[0,0,0,0,0,0,0,0,0,0,0,0,0,0,0],"QMGames":[0,0,0,0,0,0,0,0,0,0,0,0,0,0,0],"customGamesPerGeneral":[1,0,0,0,0,0,0,0,0,0,0,0,0,0,0],"quickMatchesPerGeneral":[0,0,0,0,0,0,0,0,0,0,0,0,0,0,0],"locale":0,"gamesAsRandom":134,"options":"","systemSpec":"","lastFPS":0,"lastGeneral":13,"gamesInRowWithLastGeneral":1,"challengeMedals":0,"battleHonors":4374914,"QMwinsInARow":0,"maxQMwinsInARow":0,"winsInARow":3,"maxWinsInARow":8,"lossesInARow":0,"maxLossesInARow":5,"disconsInARow":0,"maxDisconsInARow":0,"desyncsInARow":0,"maxDesyncsInARow":0,"builtParticleCannon":2,"builtNuke":6,"builtSCUD":8,"lastLadderPort":0,"lastLadderHost":""}}!
[DEBUG] 

[DEBUG] [2026-10-07 23:09:31] [0x170935500|https://api.playgenerals.online/env/prod/contract/1/PlayerStats/122782|Verb 0] Transfer is complete: 1979 bytes total! Curl result is 0
[DEBUG] 

[DEBUG] [2026-10-07 23:09:31] [0x170935500|https://api.playgenerals.online/env/prod/contract/1/PlayerStats/122782|Verb 0] Response was 200 - {"stats":{"userID":122782,"EloRating":1000,"EloMatches":0,"MonthlyEloRating":1000,"wins":[1,1,9,7,6,6,5,6,7,5,6,11,8,6,0],"losses":[1,1,3,6,5,6,5,3,4,4,4,4,3,3,0],"games":[1,1,11,12,10,14,10,8,11,8,11,16,12,11,0],"duration":[23,12,119,126,101,202,129,105,148,55,112,180,133,138,0],"unitsKilled":[43,37,685,577,960,1335,456,776,522,242,674,931,818,690,0],"unitsLost":[59,71,675,450,830,1394,628,1060,526,245,399,1195,986,894,0],"unitsBuilt":[50,67,329,361,710,537,237,782,352,244,278,817,723,632,0],"buildingsKilled":[5,2,67,58,155,71,31,94,43,35,48,78,88,57,0],"buildingsLost":[5,8,40,59,90,124,78,134,59,31,59,104,66,54,0],"buildingsBuilt":[16,18,137,167,170,257,157,215,151,94,153,219,176,168,0],"earnings":[44790,34205,386441,266608,701413,2000768672,433367,682272,451792,169917,1200343219,1200623650,1400470224,2000285779,0],"techCaptured":[50,25,170,94,115,251,99,106,63,88,64,155,173,41,0],"discons":[0,0,0,0,0,0,0,0,0,0,0,0,0,0,0],"desyncs":[0,0,0,0,0,0,0,0,0,0,0,0,0,0,0],"surrenders":[1,1,1,1,2,4,1,1,3,1,1,0,0,0,0],"gamesOf2p":[1,0,0,0,0,0,0,0,0,0,0,0,0,0,0],"gamesOf3p":[0,0,0,0,0,0,0,0,0,0,0,0,0,0,0],"gamesOf4p":[1,1,8,9,10,9,9,6,11,6,10,14,10,10,0],"gamesOf5p":[1,1,1,0,0,0,0,0,0,0,0,0,0,0,0],"gamesOf6p":[1,1,2,2,1,4,2,2,1,0,0,0,0,0,0],"gamesOf7p":[0,0,0,0,0,0,0,0,0,0,0,0,0,0,0],"gamesOf8p":[1,1,0,0,0,0,0,0,0,0,0,0,0,0,0],"customGames":[0,0,0,0,0,0,0,0,0,0,0,0,0,0,0],"QMGames":[0,0,0,0,0,0,0,0,0,0,0,0,0,0,0],"customGamesPerGeneral":[1,0,0,0,0,0,0,0,0,0,0,0,0,0,0],"quickMatchesPerGeneral":[0,0,0,0,0,0,0,0,0,0,0,0,0,0,0],"locale":0,"gamesAsRandom":134,"options":"","systemSpec":"","lastFPS":0,"lastGeneral":13,"gamesInRowWithLastGeneral":1,"challengeMedals":0,"battleHonors":4374914,"QMwinsInARow":0,"maxQMwinsInARow":0,"winsInARow":3,"maxWinsInARow":8,"lossesInARow":0,"maxLossesInARow":5,"disconsInARow":0,"maxDisconsInARow":0,"desyncsInARow":0,"maxDesyncsInARow":0,"builtParticleCannon":2,"builtNuke":6,"builtSCUD":8,"lastLadderPort":0,"lastLadderHost":""}}!
[DEBUG] 

[DEBUG] [2026-10-07 23:09:31] [0x170901240|https://api.playgenerals.online/env/prod/contract/1/PlayerStats/122782|Verb 0] Transfer is complete: 1979 bytes total! Curl result is 0
[DEBUG] 

[DEBUG] [2026-10-07 23:09:31] [0x170901240|https://api.playgenerals.online/env/prod/contract/1/PlayerStats/122782|Verb 0] Response was 200 - {"stats":{"userID":122782,"EloRating":1000,"EloMatches":0,"MonthlyEloRating":1000,"wins":[1,1,9,7,6,6,5,6,7,5,6,11,8,6,0],"losses":[1,1,3,6,5,6,5,3,4,4,4,4,3,3,0],"games":[1,1,11,12,10,14,10,8,11,8,11,16,12,11,0],"duration":[23,12,119,126,101,202,129,105,148,55,112,180,133,138,0],"unitsKilled":[43,37,685,577,960,1335,456,776,522,242,674,931,818,690,0],"unitsLost":[59,71,675,450,830,1394,628,1060,526,245,399,1195,986,894,0],"unitsBuilt":[50,67,329,361,710,537,237,782,352,244,278,817,723,632,0],"buildingsKilled":[5,2,67,58,155,71,31,94,43,35,48,78,88,57,0],"buildingsLost":[5,8,40,59,90,124,78,134,59,31,59,104,66,54,0],"buildingsBuilt":[16,18,137,167,170,257,157,215,151,94,153,219,176,168,0],"earnings":[44790,34205,386441,266608,701413,2000768672,433367,682272,451792,169917,1200343219,1200623650,1400470224,2000285779,0],"techCaptured":[50,25,170,94,115,251,99,106,63,88,64,155,173,41,0],"discons":[0,0,0,0,0,0,0,0,0,0,0,0,0,0,0],"desyncs":[0,0,0,0,0,0,0,0,0,0,0,0,0,0,0],"surrenders":[1,1,1,1,2,4,1,1,3,1,1,0,0,0,0],"gamesOf2p":[1,0,0,0,0,0,0,0,0,0,0,0,0,0,0],"gamesOf3p":[0,0,0,0,0,0,0,0,0,0,0,0,0,0,0],"gamesOf4p":[1,1,8,9,10,9,9,6,11,6,10,14,10,10,0],"gamesOf5p":[1,1,1,0,0,0,0,0,0,0,0,0,0,0,0],"gamesOf6p":[1,1,2,2,1,4,2,2,1,0,0,0,0,0,0],"gamesOf7p":[0,0,0,0,0,0,0,0,0,0,0,0,0,0,0],"gamesOf8p":[1,1,0,0,0,0,0,0,0,0,0,0,0,0,0],"customGames":[0,0,0,0,0,0,0,0,0,0,0,0,0,0,0],"QMGames":[0,0,0,0,0,0,0,0,0,0,0,0,0,0,0],"customGamesPerGeneral":[1,0,0,0,0,0,0,0,0,0,0,0,0,0,0],"quickMatchesPerGeneral":[0,0,0,0,0,0,0,0,0,0,0,0,0,0,0],"locale":0,"gamesAsRandom":134,"options":"","systemSpec":"","lastFPS":0,"lastGeneral":13,"gamesInRowWithLastGeneral":1,"challengeMedals":0,"battleHonors":4374914,"QMwinsInARow":0,"maxQMwinsInARow":0,"winsInARow":3,"maxWinsInARow":8,"lossesInARow":0,"maxLossesInARow":5,"disconsInARow":0,"maxDisconsInARow":0,"desyncsInARow":0,"maxDesyncsInARow":0,"builtParticleCannon":2,"builtNuke":6,"builtSCUD":8,"lastLadderPort":0,"lastLadderHost":""}}!
[DEBUG] 

[DEBUG] [2026-10-07 23:09:31] [0x1709388c0|https://api.playgenerals.online/env/prod/contract/1/PlayerStats/122782|Verb 0] Transfer is complete: 1979 bytes total! Curl result is 0
[DEBUG] 

[DEBUG] [2026-10-07 23:09:31] [0x1709388c0|https://api.playgenerals.online/env/prod/contract/1/PlayerStats/122782|Verb 0] Response was 200 - {"stats":{"userID":122782,"EloRating":1000,"EloMatches":0,"MonthlyEloRating":1000,"wins":[1,1,9,7,6,6,5,6,7,5,6,11,8,6,0],"losses":[1,1,3,6,5,6,5,3,4,4,4,4,3,3,0],"games":[1,1,11,12,10,14,10,8,11,8,11,16,12,11,0],"duration":[23,12,119,126,101,202,129,105,148,55,112,180,133,138,0],"unitsKilled":[43,37,685,577,960,1335,456,776,522,242,674,931,818,690,0],"unitsLost":[59,71,675,450,830,1394,628,1060,526,245,399,1195,986,894,0],"unitsBuilt":[50,67,329,361,710,537,237,782,352,244,278,817,723,632,0],"buildingsKilled":[5,2,67,58,155,71,31,94,43,35,48,78,88,57,0],"buildingsLost":[5,8,40,59,90,124,78,134,59,31,59,104,66,54,0],"buildingsBuilt":[16,18,137,167,170,257,157,215,151,94,153,219,176,168,0],"earnings":[44790,34205,386441,266608,701413,2000768672,433367,682272,451792,169917,1200343219,1200623650,1400470224,2000285779,0],"techCaptured":[50,25,170,94,115,251,99,106,63,88,64,155,173,41,0],"discons":[0,0,0,0,0,0,0,0,0,0,0,0,0,0,0],"desyncs":[0,0,0,0,0,0,0,0,0,0,0,0,0,0,0],"surrenders":[1,1,1,1,2,4,1,1,3,1,1,0,0,0,0],"gamesOf2p":[1,0,0,0,0,0,0,0,0,0,0,0,0,0,0],"gamesOf3p":[0,0,0,0,0,0,0,0,0,0,0,0,0,0,0],"gamesOf4p":[1,1,8,9,10,9,9,6,11,6,10,14,10,10,0],"gamesOf5p":[1,1,1,0,0,0,0,0,0,0,0,0,0,0,0],"gamesOf6p":[1,1,2,2,1,4,2,2,1,0,0,0,0,0,0],"gamesOf7p":[0,0,0,0,0,0,0,0,0,0,0,0,0,0,0],"gamesOf8p":[1,1,0,0,0,0,0,0,0,0,0,0,0,0,0],"customGames":[0,0,0,0,0,0,0,0,0,0,0,0,0,0,0],"QMGames":[0,0,0,0,0,0,0,0,0,0,0,0,0,0,0],"customGamesPerGeneral":[1,0,0,0,0,0,0,0,0,0,0,0,0,0,0],"quickMatchesPerGeneral":[0,0,0,0,0,0,0,0,0,0,0,0,0,0,0],"locale":0,"gamesAsRandom":134,"options":"","systemSpec":"","lastFPS":0,"lastGeneral":13,"gamesInRowWithLastGeneral":1,"challengeMedals":0,"battleHonors":4374914,"QMwinsInARow":0,"maxQMwinsInARow":0,"winsInARow":3,"maxWinsInARow":8,"lossesInARow":0,"maxLossesInARow":5,"disconsInARow":0,"maxDisconsInARow":0,"desyncsInARow":0,"maxDesyncsInARow":0,"builtParticleCannon":2,"builtNuke":6,"builtSCUD":8,"lastLadderPort":0,"lastLadderHost":""}}!
[DEBUG] 

[DEBUG] [2026-10-07 23:09:31] [0x1708b2d00|https://api.playgenerals.online/env/prod/contract/1/PlayerStats/122782|Verb 0] Transfer is complete: 1979 bytes total! Curl result is 0
[DEBUG] 

[DEBUG] [2026-10-07 23:09:31] [0x1708b2d00|https://api.playgenerals.online/env/prod/contract/1/PlayerStats/122782|Verb 0] Response was 200 - {"stats":{"userID":122782,"EloRating":1000,"EloMatches":0,"MonthlyEloRating":1000,"wins":[1,1,9,7,6,6,5,6,7,5,6,11,8,6,0],"losses":[1,1,3,6,5,6,5,3,4,4,4,4,3,3,0],"games":[1,1,11,12,10,14,10,8,11,8,11,16,12,11,0],"duration":[23,12,119,126,101,202,129,105,148,55,112,180,133,138,0],"unitsKilled":[43,37,685,577,960,1335,456,776,522,242,674,931,818,690,0],"unitsLost":[59,71,675,450,830,1394,628,1060,526,245,399,1195,986,894,0],"unitsBuilt":[50,67,329,361,710,537,237,782,352,244,278,817,723,632,0],"buildingsKilled":[5,2,67,58,155,71,31,94,43,35,48,78,88,57,0],"buildingsLost":[5,8,40,59,90,124,78,134,59,31,59,104,66,54,0],"buildingsBuilt":[16,18,137,167,170,257,157,215,151,94,153,219,176,168,0],"earnings":[44790,34205,386441,266608,701413,2000768672,433367,682272,451792,169917,1200343219,1200623650,1400470224,2000285779,0],"techCaptured":[50,25,170,94,115,251,99,106,63,88,64,155,173,41,0],"discons":[0,0,0,0,0,0,0,0,0,0,0,0,0,0,0],"desyncs":[0,0,0,0,0,0,0,0,0,0,0,0,0,0,0],"surrenders":[1,1,1,1,2,4,1,1,3,1,1,0,0,0,0],"gamesOf2p":[1,0,0,0,0,0,0,0,0,0,0,0,0,0,0],"gamesOf3p":[0,0,0,0,0,0,0,0,0,0,0,0,0,0,0],"gamesOf4p":[1,1,8,9,10,9,9,6,11,6,10,14,10,10,0],"gamesOf5p":[1,1,1,0,0,0,0,0,0,0,0,0,0,0,0],"gamesOf6p":[1,1,2,2,1,4,2,2,1,0,0,0,0,0,0],"gamesOf7p":[0,0,0,0,0,0,0,0,0,0,0,0,0,0,0],"gamesOf8p":[1,1,0,0,0,0,0,0,0,0,0,0,0,0,0],"customGames":[0,0,0,0,0,0,0,0,0,0,0,0,0,0,0],"QMGames":[0,0,0,0,0,0,0,0,0,0,0,0,0,0,0],"customGamesPerGeneral":[1,0,0,0,0,0,0,0,0,0,0,0,0,0,0],"quickMatchesPerGeneral":[0,0,0,0,0,0,0,0,0,0,0,0,0,0,0],"locale":0,"gamesAsRandom":134,"options":"","systemSpec":"","lastFPS":0,"lastGeneral":13,"gamesInRowWithLastGeneral":1,"challengeMedals":0,"battleHonors":4374914,"QMwinsInARow":0,"maxQMwinsInARow":0,"winsInARow":3,"maxWinsInARow":8,"lossesInARow":0,"maxLossesInARow":5,"disconsInARow":0,"maxDisconsInARow":0,"desyncsInARow":0,"maxDesyncsInARow":0,"builtParticleCannon":2,"builtNuke":6,"builtSCUD":8,"lastLadderPort":0,"lastLadderHost":""}}!
[DEBUG] 

[DEBUG] [2026-10-07 23:09:31] [0x170900dc0|https://api.playgenerals.online/env/prod/contract/1/PlayerStats/122782|Verb 0] Transfer is complete: 1979 bytes total! Curl result is 0
[DEBUG] 

[DEBUG] [2026-10-07 23:09:31] [0x170900dc0|https://api.playgenerals.online/env/prod/contract/1/PlayerStats/122782|Verb 0] Response was 200 - {"stats":{"userID":122782,"EloRating":1000,"EloMatches":0,"MonthlyEloRating":1000,"wins":[1,1,9,7,6,6,5,6,7,5,6,11,8,6,0],"losses":[1,1,3,6,5,6,5,3,4,4,4,4,3,3,0],"games":[1,1,11,12,10,14,10,8,11,8,11,16,12,11,0],"duration":[23,12,119,126,101,202,129,105,148,55,112,180,133,138,0],"unitsKilled":[43,37,685,577,960,1335,456,776,522,242,674,931,818,690,0],"unitsLost":[59,71,675,450,830,1394,628,1060,526,245,399,1195,986,894,0],"unitsBuilt":[50,67,329,361,710,537,237,782,352,244,278,817,723,632,0],"buildingsKilled":[5,2,67,58,155,71,31,94,43,35,48,78,88,57,0],"buildingsLost":[5,8,40,59,90,124,78,134,59,31,59,104,66,54,0],"buildingsBuilt":[16,18,137,167,170,257,157,215,151,94,153,219,176,168,0],"earnings":[44790,34205,386441,266608,701413,2000768672,433367,682272,451792,169917,1200343219,1200623650,1400470224,2000285779,0],"techCaptured":[50,25,170,94,115,251,99,106,63,88,64,155,173,41,0],"discons":[0,0,0,0,0,0,0,0,0,0,0,0,0,0,0],"desyncs":[0,0,0,0,0,0,0,0,0,0,0,0,0,0,0],"surrenders":[1,1,1,1,2,4,1,1,3,1,1,0,0,0,0],"gamesOf2p":[1,0,0,0,0,0,0,0,0,0,0,0,0,0,0],"gamesOf3p":[0,0,0,0,0,0,0,0,0,0,0,0,0,0,0],"gamesOf4p":[1,1,8,9,10,9,9,6,11,6,10,14,10,10,0],"gamesOf5p":[1,1,1,0,0,0,0,0,0,0,0,0,0,0,0],"gamesOf6p":[1,1,2,2,1,4,2,2,1,0,0,0,0,0,0],"gamesOf7p":[0,0,0,0,0,0,0,0,0,0,0,0,0,0,0],"gamesOf8p":[1,1,0,0,0,0,0,0,0,0,0,0,0,0,0],"customGames":[0,0,0,0,0,0,0,0,0,0,0,0,0,0,0],"QMGames":[0,0,0,0,0,0,0,0,0,0,0,0,0,0,0],"customGamesPerGeneral":[1,0,0,0,0,0,0,0,0,0,0,0,0,0,0],"quickMatchesPerGeneral":[0,0,0,0,0,0,0,0,0,0,0,0,0,0,0],"locale":0,"gamesAsRandom":134,"options":"","systemSpec":"","lastFPS":0,"lastGeneral":13,"gamesInRowWithLastGeneral":1,"challengeMedals":0,"battleHonors":4374914,"QMwinsInARow":0,"maxQMwinsInARow":0,"winsInARow":3,"maxWinsInARow":8,"lossesInARow":0,"maxLossesInARow":5,"disconsInARow":0,"maxDisconsInARow":0,"desyncsInARow":0,"maxDesyncsInARow":0,"builtParticleCannon":2,"builtNuke":6,"builtSCUD":8,"lastLadderPort":0,"lastLadderHost":""}}!
[DEBUG] 

[DEBUG] [2026-10-07 23:09:31] [0x1708c7fa0|https://api.playgenerals.online/env/prod/contract/1/PlayerStats/122782|Verb 0] Transfer is complete: 1979 bytes total! Curl result is 0
[DEBUG] 

[DEBUG] [2026-10-07 23:09:31] [0x1708c7fa0|https://api.playgenerals.online/env/prod/contract/1/PlayerStats/122782|Verb 0] Response was 200 - {"stats":{"userID":122782,"EloRating":1000,"EloMatches":0,"MonthlyEloRating":1000,"wins":[1,1,9,7,6,6,5,6,7,5,6,11,8,6,0],"losses":[1,1,3,6,5,6,5,3,4,4,4,4,3,3,0],"games":[1,1,11,12,10,14,10,8,11,8,11,16,12,11,0],"duration":[23,12,119,126,101,202,129,105,148,55,112,180,133,138,0],"unitsKilled":[43,37,685,577,960,1335,456,776,522,242,674,931,818,690,0],"unitsLost":[59,71,675,450,830,1394,628,1060,526,245,399,1195,986,894,0],"unitsBuilt":[50,67,329,361,710,537,237,782,352,244,278,817,723,632,0],"buildingsKilled":[5,2,67,58,155,71,31,94,43,35,48,78,88,57,0],"buildingsLost":[5,8,40,59,90,124,78,134,59,31,59,104,66,54,0],"buildingsBuilt":[16,18,137,167,170,257,157,215,151,94,153,219,176,168,0],"earnings":[44790,34205,386441,266608,701413,2000768672,433367,682272,451792,169917,1200343219,1200623650,1400470224,2000285779,0],"techCaptured":[50,25,170,94,115,251,99,106,63,88,64,155,173,41,0],"discons":[0,0,0,0,0,0,0,0,0,0,0,0,0,0,0],"desyncs":[0,0,0,0,0,0,0,0,0,0,0,0,0,0,0],"surrenders":[1,1,1,1,2,4,1,1,3,1,1,0,0,0,0],"gamesOf2p":[1,0,0,0,0,0,0,0,0,0,0,0,0,0,0],"gamesOf3p":[0,0,0,0,0,0,0,0,0,0,0,0,0,0,0],"gamesOf4p":[1,1,8,9,10,9,9,6,11,6,10,14,10,10,0],"gamesOf5p":[1,1,1,0,0,0,0,0,0,0,0,0,0,0,0],"gamesOf6p":[1,1,2,2,1,4,2,2,1,0,0,0,0,0,0],"gamesOf7p":[0,0,0,0,0,0,0,0,0,0,0,0,0,0,0],"gamesOf8p":[1,1,0,0,0,0,0,0,0,0,0,0,0,0,0],"customGames":[0,0,0,0,0,0,0,0,0,0,0,0,0,0,0],"QMGames":[0,0,0,0,0,0,0,0,0,0,0,0,0,0,0],"customGamesPerGeneral":[1,0,0,0,0,0,0,0,0,0,0,0,0,0,0],"quickMatchesPerGeneral":[0,0,0,0,0,0,0,0,0,0,0,0,0,0,0],"locale":0,"gamesAsRandom":134,"options":"","systemSpec":"","lastFPS":0,"lastGeneral":13,"gamesInRowWithLastGeneral":1,"challengeMedals":0,"battleHonors":4374914,"QMwinsInARow":0,"maxQMwinsInARow":0,"winsInARow":3,"maxWinsInARow":8,"lossesInARow":0,"maxLossesInARow":5,"disconsInARow":0,"maxDisconsInARow":0,"desyncsInARow":0,"maxDesyncsInARow":0,"builtParticleCannon":2,"builtNuke":6,"builtSCUD":8,"lastLadderPort":0,"lastLadderHost":""}}!
[DEBUG] 

[DEBUG] [2026-10-07 23:09:31] [0x17082b9a0|https://api.playgenerals.online/env/prod/contract/1/PlayerStats/122782|Verb 0] Transfer is complete: 1979 bytes total! Curl result is 0
[DEBUG] 

[DEBUG] [2026-10-07 23:09:31] [0x17082b9a0|https://api.playgenerals.online/env/prod/contract/1/PlayerStats/122782|Verb 0] Response was 200 - {"stats":{"userID":122782,"EloRating":1000,"EloMatches":0,"MonthlyEloRating":1000,"wins":[1,1,9,7,6,6,5,6,7,5,6,11,8,6,0],"losses":[1,1,3,6,5,6,5,3,4,4,4,4,3,3,0],"games":[1,1,11,12,10,14,10,8,11,8,11,16,12,11,0],"duration":[23,12,119,126,101,202,129,105,148,55,112,180,133,138,0],"unitsKilled":[43,37,685,577,960,1335,456,776,522,242,674,931,818,690,0],"unitsLost":[59,71,675,450,830,1394,628,1060,526,245,399,1195,986,894,0],"unitsBuilt":[50,67,329,361,710,537,237,782,352,244,278,817,723,632,0],"buildingsKilled":[5,2,67,58,155,71,31,94,43,35,48,78,88,57,0],"buildingsLost":[5,8,40,59,90,124,78,134,59,31,59,104,66,54,0],"buildingsBuilt":[16,18,137,167,170,257,157,215,151,94,153,219,176,168,0],"earnings":[44790,34205,386441,266608,701413,2000768672,433367,682272,451792,169917,1200343219,1200623650,1400470224,2000285779,0],"techCaptured":[50,25,170,94,115,251,99,106,63,88,64,155,173,41,0],"discons":[0,0,0,0,0,0,0,0,0,0,0,0,0,0,0],"desyncs":[0,0,0,0,0,0,0,0,0,0,0,0,0,0,0],"surrenders":[1,1,1,1,2,4,1,1,3,1,1,0,0,0,0],"gamesOf2p":[1,0,0,0,0,0,0,0,0,0,0,0,0,0,0],"gamesOf3p":[0,0,0,0,0,0,0,0,0,0,0,0,0,0,0],"gamesOf4p":[1,1,8,9,10,9,9,6,11,6,10,14,10,10,0],"gamesOf5p":[1,1,1,0,0,0,0,0,0,0,0,0,0,0,0],"gamesOf6p":[1,1,2,2,1,4,2,2,1,0,0,0,0,0,0],"gamesOf7p":[0,0,0,0,0,0,0,0,0,0,0,0,0,0,0],"gamesOf8p":[1,1,0,0,0,0,0,0,0,0,0,0,0,0,0],"customGames":[0,0,0,0,0,0,0,0,0,0,0,0,0,0,0],"QMGames":[0,0,0,0,0,0,0,0,0,0,0,0,0,0,0],"customGamesPerGeneral":[1,0,0,0,0,0,0,0,0,0,0,0,0,0,0],"quickMatchesPerGeneral":[0,0,0,0,0,0,0,0,0,0,0,0,0,0,0],"locale":0,"gamesAsRandom":134,"options":"","systemSpec":"","lastFPS":0,"lastGeneral":13,"gamesInRowWithLastGeneral":1,"challengeMedals":0,"battleHonors":4374914,"QMwinsInARow":0,"maxQMwinsInARow":0,"winsInARow":3,"maxWinsInARow":8,"lossesInARow":0,"maxLossesInARow":5,"disconsInARow":0,"maxDisconsInARow":0,"desyncsInARow":0,"maxDesyncsInARow":0,"builtParticleCannon":2,"builtNuke":6,"builtSCUD":8,"lastLadderPort":0,"lastLadderHost":""}}!
[DEBUG] 

[DEBUG] [2026-10-07 23:09:31] [0x170938560|https://api.playgenerals.online/env/prod/contract/1/PlayerStats/122782|Verb 0] Transfer is complete: 1979 bytes total! Curl result is 0
[DEBUG] 

[DEBUG] [2026-10-07 23:09:31] [0x170938560|https://api.playgenerals.online/env/prod/contract/1/PlayerStats/122782|Verb 0] Response was 200 - {"stats":{"userID":122782,"EloRating":1000,"EloMatches":0,"MonthlyEloRating":1000,"wins":[1,1,9,7,6,6,5,6,7,5,6,11,8,6,0],"losses":[1,1,3,6,5,6,5,3,4,4,4,4,3,3,0],"games":[1,1,11,12,10,14,10,8,11,8,11,16,12,11,0],"duration":[23,12,119,126,101,202,129,105,148,55,112,180,133,138,0],"unitsKilled":[43,37,685,577,960,1335,456,776,522,242,674,931,818,690,0],"unitsLost":[59,71,675,450,830,1394,628,1060,526,245,399,1195,986,894,0],"unitsBuilt":[50,67,329,361,710,537,237,782,352,244,278,817,723,632,0],"buildingsKilled":[5,2,67,58,155,71,31,94,43,35,48,78,88,57,0],"buildingsLost":[5,8,40,59,90,124,78,134,59,31,59,104,66,54,0],"buildingsBuilt":[16,18,137,167,170,257,157,215,151,94,153,219,176,168,0],"earnings":[44790,34205,386441,266608,701413,2000768672,433367,682272,451792,169917,1200343219,1200623650,1400470224,2000285779,0],"techCaptured":[50,25,170,94,115,251,99,106,63,88,64,155,173,41,0],"discons":[0,0,0,0,0,0,0,0,0,0,0,0,0,0,0],"desyncs":[0,0,0,0,0,0,0,0,0,0,0,0,0,0,0],"surrenders":[1,1,1,1,2,4,1,1,3,1,1,0,0,0,0],"gamesOf2p":[1,0,0,0,0,0,0,0,0,0,0,0,0,0,0],"gamesOf3p":[0,0,0,0,0,0,0,0,0,0,0,0,0,0,0],"gamesOf4p":[1,1,8,9,10,9,9,6,11,6,10,14,10,10,0],"gamesOf5p":[1,1,1,0,0,0,0,0,0,0,0,0,0,0,0],"gamesOf6p":[1,1,2,2,1,4,2,2,1,0,0,0,0,0,0],"gamesOf7p":[0,0,0,0,0,0,0,0,0,0,0,0,0,0,0],"gamesOf8p":[1,1,0,0,0,0,0,0,0,0,0,0,0,0,0],"customGames":[0,0,0,0,0,0,0,0,0,0,0,0,0,0,0],"QMGames":[0,0,0,0,0,0,0,0,0,0,0,0,0,0,0],"customGamesPerGeneral":[1,0,0,0,0,0,0,0,0,0,0,0,0,0,0],"quickMatchesPerGeneral":[0,0,0,0,0,0,0,0,0,0,0,0,0,0,0],"locale":0,"gamesAsRandom":134,"options":"","systemSpec":"","lastFPS":0,"lastGeneral":13,"gamesInRowWithLastGeneral":1,"challengeMedals":0,"battleHonors":4374914,"QMwinsInARow":0,"maxQMwinsInARow":0,"winsInARow":3,"maxWinsInARow":8,"lossesInARow":0,"maxLossesInARow":5,"disconsInARow":0,"maxDisconsInARow":0,"desyncsInARow":0,"maxDesyncsInARow":0,"builtParticleCannon":2,"builtNuke":6,"builtSCUD":8,"lastLadderPort":0,"lastLadderHost":""}}!
[DEBUG] 

[DEBUG] [2026-10-07 23:09:31] [0x170903400|https://api.playgenerals.online/env/prod/contract/1/PlayerStats/122782|Verb 0] Transfer is complete: 1979 bytes total! Curl result is 0
[DEBUG] 

[DEBUG] [2026-10-07 23:09:31] [0x170903400|https://api.playgenerals.online/env/prod/contract/1/PlayerStats/122782|Verb 0] Response was 200 - {"stats":{"userID":122782,"EloRating":1000,"EloMatches":0,"MonthlyEloRating":1000,"wins":[1,1,9,7,6,6,5,6,7,5,6,11,8,6,0],"losses":[1,1,3,6,5,6,5,3,4,4,4,4,3,3,0],"games":[1,1,11,12,10,14,10,8,11,8,11,16,12,11,0],"duration":[23,12,119,126,101,202,129,105,148,55,112,180,133,138,0],"unitsKilled":[43,37,685,577,960,1335,456,776,522,242,674,931,818,690,0],"unitsLost":[59,71,675,450,830,1394,628,1060,526,245,399,1195,986,894,0],"unitsBuilt":[50,67,329,361,710,537,237,782,352,244,278,817,723,632,0],"buildingsKilled":[5,2,67,58,155,71,31,94,43,35,48,78,88,57,0],"buildingsLost":[5,8,40,59,90,124,78,134,59,31,59,104,66,54,0],"buildingsBuilt":[16,18,137,167,170,257,157,215,151,94,153,219,176,168,0],"earnings":[44790,34205,386441,266608,701413,2000768672,433367,682272,451792,169917,1200343219,1200623650,1400470224,2000285779,0],"techCaptured":[50,25,170,94,115,251,99,106,63,88,64,155,173,41,0],"discons":[0,0,0,0,0,0,0,0,0,0,0,0,0,0,0],"desyncs":[0,0,0,0,0,0,0,0,0,0,0,0,0,0,0],"surrenders":[1,1,1,1,2,4,1,1,3,1,1,0,0,0,0],"gamesOf2p":[1,0,0,0,0,0,0,0,0,0,0,0,0,0,0],"gamesOf3p":[0,0,0,0,0,0,0,0,0,0,0,0,0,0,0],"gamesOf4p":[1,1,8,9,10,9,9,6,11,6,10,14,10,10,0],"gamesOf5p":[1,1,1,0,0,0,0,0,0,0,0,0,0,0,0],"gamesOf6p":[1,1,2,2,1,4,2,2,1,0,0,0,0,0,0],"gamesOf7p":[0,0,0,0,0,0,0,0,0,0,0,0,0,0,0],"gamesOf8p":[1,1,0,0,0,0,0,0,0,0,0,0,0,0,0],"customGames":[0,0,0,0,0,0,0,0,0,0,0,0,0,0,0],"QMGames":[0,0,0,0,0,0,0,0,0,0,0,0,0,0,0],"customGamesPerGeneral":[1,0,0,0,0,0,0,0,0,0,0,0,0,0,0],"quickMatchesPerGeneral":[0,0,0,0,0,0,0,0,0,0,0,0,0,0,0],"locale":0,"gamesAsRandom":134,"options":"","systemSpec":"","lastFPS":0,"lastGeneral":13,"gamesInRowWithLastGeneral":1,"challengeMedals":0,"battleHonors":4374914,"QMwinsInARow":0,"maxQMwinsInARow":0,"winsInARow":3,"maxWinsInARow":8,"lossesInARow":0,"maxLossesInARow":5,"disconsInARow":0,"maxDisconsInARow":0,"desyncsInARow":0,"maxDesyncsInARow":0,"builtParticleCannon":2,"builtNuke":6,"builtSCUD":8,"lastLadderPort":0,"lastLadderHost":""}}!
[DEBUG] 

[DEBUG] [2026-10-07 23:09:31] [0x170938320|https://api.playgenerals.online/env/prod/contract/1/PlayerStats/122782|Verb 0] Transfer is complete: 1979 bytes total! Curl result is 0
[DEBUG] 

[DEBUG] [2026-10-07 23:09:31] [0x170938320|https://api.playgenerals.online/env/prod/contract/1/PlayerStats/122782|Verb 0] Response was 200 - {"stats":{"userID":122782,"EloRating":1000,"EloMatches":0,"MonthlyEloRating":1000,"wins":[1,1,9,7,6,6,5,6,7,5,6,11,8,6,0],"losses":[1,1,3,6,5,6,5,3,4,4,4,4,3,3,0],"games":[1,1,11,12,10,14,10,8,11,8,11,16,12,11,0],"duration":[23,12,119,126,101,202,129,105,148,55,112,180,133,138,0],"unitsKilled":[43,37,685,577,960,1335,456,776,522,242,674,931,818,690,0],"unitsLost":[59,71,675,450,830,1394,628,1060,526,245,399,1195,986,894,0],"unitsBuilt":[50,67,329,361,710,537,237,782,352,244,278,817,723,632,0],"buildingsKilled":[5,2,67,58,155,71,31,94,43,35,48,78,88,57,0],"buildingsLost":[5,8,40,59,90,124,78,134,59,31,59,104,66,54,0],"buildingsBuilt":[16,18,137,167,170,257,157,215,151,94,153,219,176,168,0],"earnings":[44790,34205,386441,266608,701413,2000768672,433367,682272,451792,169917,1200343219,1200623650,1400470224,2000285779,0],"techCaptured":[50,25,170,94,115,251,99,106,63,88,64,155,173,41,0],"discons":[0,0,0,0,0,0,0,0,0,0,0,0,0,0,0],"desyncs":[0,0,0,0,0,0,0,0,0,0,0,0,0,0,0],"surrenders":[1,1,1,1,2,4,1,1,3,1,1,0,0,0,0],"gamesOf2p":[1,0,0,0,0,0,0,0,0,0,0,0,0,0,0],"gamesOf3p":[0,0,0,0,0,0,0,0,0,0,0,0,0,0,0],"gamesOf4p":[1,1,8,9,10,9,9,6,11,6,10,14,10,10,0],"gamesOf5p":[1,1,1,0,0,0,0,0,0,0,0,0,0,0,0],"gamesOf6p":[1,1,2,2,1,4,2,2,1,0,0,0,0,0,0],"gamesOf7p":[0,0,0,0,0,0,0,0,0,0,0,0,0,0,0],"gamesOf8p":[1,1,0,0,0,0,0,0,0,0,0,0,0,0,0],"customGames":[0,0,0,0,0,0,0,0,0,0,0,0,0,0,0],"QMGames":[0,0,0,0,0,0,0,0,0,0,0,0,0,0,0],"customGamesPerGeneral":[1,0,0,0,0,0,0,0,0,0,0,0,0,0,0],"quickMatchesPerGeneral":[0,0,0,0,0,0,0,0,0,0,0,0,0,0,0],"locale":0,"gamesAsRandom":134,"options":"","systemSpec":"","lastFPS":0,"lastGeneral":13,"gamesInRowWithLastGeneral":1,"challengeMedals":0,"battleHonors":4374914,"QMwinsInARow":0,"maxQMwinsInARow":0,"winsInARow":3,"maxWinsInARow":8,"lossesInARow":0,"maxLossesInARow":5,"disconsInARow":0,"maxDisconsInARow":0,"desyncsInARow":0,"maxDesyncsInARow":0,"builtParticleCannon":2,"builtNuke":6,"builtSCUD":8,"lastLadderPort":0,"lastLadderHost":""}}!
[DEBUG] 

[DEBUG] [2026-10-07 23:09:31] [0x1708fee40|https://api.playgenerals.online/env/prod/contract/1/PlayerStats/122782|Verb 0] Transfer is complete: 1979 bytes total! Curl result is 0
[DEBUG] 

[DEBUG] [2026-10-07 23:09:31] [0x1708fee40|https://api.playgenerals.online/env/prod/contract/1/PlayerStats/122782|Verb 0] Response was 200 - {"stats":{"userID":122782,"EloRating":1000,"EloMatches":0,"MonthlyEloRating":1000,"wins":[1,1,9,7,6,6,5,6,7,5,6,11,8,6,0],"losses":[1,1,3,6,5,6,5,3,4,4,4,4,3,3,0],"games":[1,1,11,12,10,14,10,8,11,8,11,16,12,11,0],"duration":[23,12,119,126,101,202,129,105,148,55,112,180,133,138,0],"unitsKilled":[43,37,685,577,960,1335,456,776,522,242,674,931,818,690,0],"unitsLost":[59,71,675,450,830,1394,628,1060,526,245,399,1195,986,894,0],"unitsBuilt":[50,67,329,361,710,537,237,782,352,244,278,817,723,632,0],"buildingsKilled":[5,2,67,58,155,71,31,94,43,35,48,78,88,57,0],"buildingsLost":[5,8,40,59,90,124,78,134,59,31,59,104,66,54,0],"buildingsBuilt":[16,18,137,167,170,257,157,215,151,94,153,219,176,168,0],"earnings":[44790,34205,386441,266608,701413,2000768672,433367,682272,451792,169917,1200343219,1200623650,1400470224,2000285779,0],"techCaptured":[50,25,170,94,115,251,99,106,63,88,64,155,173,41,0],"discons":[0,0,0,0,0,0,0,0,0,0,0,0,0,0,0],"desyncs":[0,0,0,0,0,0,0,0,0,0,0,0,0,0,0],"surrenders":[1,1,1,1,2,4,1,1,3,1,1,0,0,0,0],"gamesOf2p":[1,0,0,0,0,0,0,0,0,0,0,0,0,0,0],"gamesOf3p":[0,0,0,0,0,0,0,0,0,0,0,0,0,0,0],"gamesOf4p":[1,1,8,9,10,9,9,6,11,6,10,14,10,10,0],"gamesOf5p":[1,1,1,0,0,0,0,0,0,0,0,0,0,0,0],"gamesOf6p":[1,1,2,2,1,4,2,2,1,0,0,0,0,0,0],"gamesOf7p":[0,0,0,0,0,0,0,0,0,0,0,0,0,0,0],"gamesOf8p":[1,1,0,0,0,0,0,0,0,0,0,0,0,0,0],"customGames":[0,0,0,0,0,0,0,0,0,0,0,0,0,0,0],"QMGames":[0,0,0,0,0,0,0,0,0,0,0,0,0,0,0],"customGamesPerGeneral":[1,0,0,0,0,0,0,0,0,0,0,0,0,0,0],"quickMatchesPerGeneral":[0,0,0,0,0,0,0,0,0,0,0,0,0,0,0],"locale":0,"gamesAsRandom":134,"options":"","systemSpec":"","lastFPS":0,"lastGeneral":13,"gamesInRowWithLastGeneral":1,"challengeMedals":0,"battleHonors":4374914,"QMwinsInARow":0,"maxQMwinsInARow":0,"winsInARow":3,"maxWinsInARow":8,"lossesInARow":0,"maxLossesInARow":5,"disconsInARow":0,"maxDisconsInARow":0,"desyncsInARow":0,"maxDesyncsInARow":0,"builtParticleCannon":2,"builtNuke":6,"builtSCUD":8,"lastLadderPort":0,"lastLadderHost":""}}!
[DEBUG] 

[DEBUG] [2026-10-07 23:09:31] [0x1708f3b60|https://api.playgenerals.online/env/prod/contract/1/PlayerStats/122782|Verb 0] Transfer is complete: 1979 bytes total! Curl result is 0
[DEBUG] 

[DEBUG] [2026-10-07 23:09:31] [0x1708f3b60|https://api.playgenerals.online/env/prod/contract/1/PlayerStats/122782|Verb 0] Response was 200 - {"stats":{"userID":122782,"EloRating":1000,"EloMatches":0,"MonthlyEloRating":1000,"wins":[1,1,9,7,6,6,5,6,7,5,6,11,8,6,0],"losses":[1,1,3,6,5,6,5,3,4,4,4,4,3,3,0],"games":[1,1,11,12,10,14,10,8,11,8,11,16,12,11,0],"duration":[23,12,119,126,101,202,129,105,148,55,112,180,133,138,0],"unitsKilled":[43,37,685,577,960,1335,456,776,522,242,674,931,818,690,0],"unitsLost":[59,71,675,450,830,1394,628,1060,526,245,399,1195,986,894,0],"unitsBuilt":[50,67,329,361,710,537,237,782,352,244,278,817,723,632,0],"buildingsKilled":[5,2,67,58,155,71,31,94,43,35,48,78,88,57,0],"buildingsLost":[5,8,40,59,90,124,78,134,59,31,59,104,66,54,0],"buildingsBuilt":[16,18,137,167,170,257,157,215,151,94,153,219,176,168,0],"earnings":[44790,34205,386441,266608,701413,2000768672,433367,682272,451792,169917,1200343219,1200623650,1400470224,2000285779,0],"techCaptured":[50,25,170,94,115,251,99,106,63,88,64,155,173,41,0],"discons":[0,0,0,0,0,0,0,0,0,0,0,0,0,0,0],"desyncs":[0,0,0,0,0,0,0,0,0,0,0,0,0,0,0],"surrenders":[1,1,1,1,2,4,1,1,3,1,1,0,0,0,0],"gamesOf2p":[1,0,0,0,0,0,0,0,0,0,0,0,0,0,0],"gamesOf3p":[0,0,0,0,0,0,0,0,0,0,0,0,0,0,0],"gamesOf4p":[1,1,8,9,10,9,9,6,11,6,10,14,10,10,0],"gamesOf5p":[1,1,1,0,0,0,0,0,0,0,0,0,0,0,0],"gamesOf6p":[1,1,2,2,1,4,2,2,1,0,0,0,0,0,0],"gamesOf7p":[0,0,0,0,0,0,0,0,0,0,0,0,0,0,0],"gamesOf8p":[1,1,0,0,0,0,0,0,0,0,0,0,0,0,0],"customGames":[0,0,0,0,0,0,0,0,0,0,0,0,0,0,0],"QMGames":[0,0,0,0,0,0,0,0,0,0,0,0,0,0,0],"customGamesPerGeneral":[1,0,0,0,0,0,0,0,0,0,0,0,0,0,0],"quickMatchesPerGeneral":[0,0,0,0,0,0,0,0,0,0,0,0,0,0,0],"locale":0,"gamesAsRandom":134,"options":"","systemSpec":"","lastFPS":0,"lastGeneral":13,"gamesInRowWithLastGeneral":1,"challengeMedals":0,"battleHonors":4374914,"QMwinsInARow":0,"maxQMwinsInARow":0,"winsInARow":3,"maxWinsInARow":8,"lossesInARow":0,"maxLossesInARow":5,"disconsInARow":0,"maxDisconsInARow":0,"desyncsInARow":0,"maxDesyncsInARow":0,"builtParticleCannon":2,"builtNuke":6,"builtSCUD":8,"lastLadderPort":0,"lastLadderHost":""}}!
[DEBUG] 

[DEBUG] [2026-10-07 23:09:31] [0x17088abc0|https://api.playgenerals.online/env/prod/contract/1/PlayerStats/122782|Verb 0] Transfer is complete: 1979 bytes total! Curl result is 0
[DEBUG] 

[DEBUG] [2026-10-07 23:09:31] [0x17088abc0|https://api.playgenerals.online/env/prod/contract/1/PlayerStats/122782|Verb 0] Response was 200 - {"stats":{"userID":122782,"EloRating":1000,"EloMatches":0,"MonthlyEloRating":1000,"wins":[1,1,9,7,6,6,5,6,7,5,6,11,8,6,0],"losses":[1,1,3,6,5,6,5,3,4,4,4,4,3,3,0],"games":[1,1,11,12,10,14,10,8,11,8,11,16,12,11,0],"duration":[23,12,119,126,101,202,129,105,148,55,112,180,133,138,0],"unitsKilled":[43,37,685,577,960,1335,456,776,522,242,674,931,818,690,0],"unitsLost":[59,71,675,450,830,1394,628,1060,526,245,399,1195,986,894,0],"unitsBuilt":[50,67,329,361,710,537,237,782,352,244,278,817,723,632,0],"buildingsKilled":[5,2,67,58,155,71,31,94,43,35,48,78,88,57,0],"buildingsLost":[5,8,40,59,90,124,78,134,59,31,59,104,66,54,0],"buildingsBuilt":[16,18,137,167,170,257,157,215,151,94,153,219,176,168,0],"earnings":[44790,34205,386441,266608,701413,2000768672,433367,682272,451792,169917,1200343219,1200623650,1400470224,2000285779,0],"techCaptured":[50,25,170,94,115,251,99,106,63,88,64,155,173,41,0],"discons":[0,0,0,0,0,0,0,0,0,0,0,0,0,0,0],"desyncs":[0,0,0,0,0,0,0,0,0,0,0,0,0,0,0],"surrenders":[1,1,1,1,2,4,1,1,3,1,1,0,0,0,0],"gamesOf2p":[1,0,0,0,0,0,0,0,0,0,0,0,0,0,0],"gamesOf3p":[0,0,0,0,0,0,0,0,0,0,0,0,0,0,0],"gamesOf4p":[1,1,8,9,10,9,9,6,11,6,10,14,10,10,0],"gamesOf5p":[1,1,1,0,0,0,0,0,0,0,0,0,0,0,0],"gamesOf6p":[1,1,2,2,1,4,2,2,1,0,0,0,0,0,0],"gamesOf7p":[0,0,0,0,0,0,0,0,0,0,0,0,0,0,0],"gamesOf8p":[1,1,0,0,0,0,0,0,0,0,0,0,0,0,0],"customGames":[0,0,0,0,0,0,0,0,0,0,0,0,0,0,0],"QMGames":[0,0,0,0,0,0,0,0,0,0,0,0,0,0,0],"customGamesPerGeneral":[1,0,0,0,0,0,0,0,0,0,0,0,0,0,0],"quickMatchesPerGeneral":[0,0,0,0,0,0,0,0,0,0,0,0,0,0,0],"locale":0,"gamesAsRandom":134,"options":"","systemSpec":"","lastFPS":0,"lastGeneral":13,"gamesInRowWithLastGeneral":1,"challengeMedals":0,"battleHonors":4374914,"QMwinsInARow":0,"maxQMwinsInARow":0,"winsInARow":3,"maxWinsInARow":8,"lossesInARow":0,"maxLossesInARow":5,"disconsInARow":0,"maxDisconsInARow":0,"desyncsInARow":0,"maxDesyncsInARow":0,"builtParticleCannon":2,"builtNuke":6,"builtSCUD":8,"lastLadderPort":0,"lastLadderHost":""}}!
[DEBUG] 

[DEBUG] [2026-10-07 23:09:31] [0x1709027a0|https://api.playgenerals.online/env/prod/contract/1/PlayerStats/122782|Verb 0] Transfer is complete: 1979 bytes total! Curl result is 0
[DEBUG] 

[DEBUG] [2026-10-07 23:09:31] [0x1709027a0|https://api.playgenerals.online/env/prod/contract/1/PlayerStats/122782|Verb 0] Response was 200 - {"stats":{"userID":122782,"EloRating":1000,"EloMatches":0,"MonthlyEloRating":1000,"wins":[1,1,9,7,6,6,5,6,7,5,6,11,8,6,0],"losses":[1,1,3,6,5,6,5,3,4,4,4,4,3,3,0],"games":[1,1,11,12,10,14,10,8,11,8,11,16,12,11,0],"duration":[23,12,119,126,101,202,129,105,148,55,112,180,133,138,0],"unitsKilled":[43,37,685,577,960,1335,456,776,522,242,674,931,818,690,0],"unitsLost":[59,71,675,450,830,1394,628,1060,526,245,399,1195,986,894,0],"unitsBuilt":[50,67,329,361,710,537,237,782,352,244,278,817,723,632,0],"buildingsKilled":[5,2,67,58,155,71,31,94,43,35,48,78,88,57,0],"buildingsLost":[5,8,40,59,90,124,78,134,59,31,59,104,66,54,0],"buildingsBuilt":[16,18,137,167,170,257,157,215,151,94,153,219,176,168,0],"earnings":[44790,34205,386441,266608,701413,2000768672,433367,682272,451792,169917,1200343219,1200623650,1400470224,2000285779,0],"techCaptured":[50,25,170,94,115,251,99,106,63,88,64,155,173,41,0],"discons":[0,0,0,0,0,0,0,0,0,0,0,0,0,0,0],"desyncs":[0,0,0,0,0,0,0,0,0,0,0,0,0,0,0],"surrenders":[1,1,1,1,2,4,1,1,3,1,1,0,0,0,0],"gamesOf2p":[1,0,0,0,0,0,0,0,0,0,0,0,0,0,0],"gamesOf3p":[0,0,0,0,0,0,0,0,0,0,0,0,0,0,0],"gamesOf4p":[1,1,8,9,10,9,9,6,11,6,10,14,10,10,0],"gamesOf5p":[1,1,1,0,0,0,0,0,0,0,0,0,0,0,0],"gamesOf6p":[1,1,2,2,1,4,2,2,1,0,0,0,0,0,0],"gamesOf7p":[0,0,0,0,0,0,0,0,0,0,0,0,0,0,0],"gamesOf8p":[1,1,0,0,0,0,0,0,0,0,0,0,0,0,0],"customGames":[0,0,0,0,0,0,0,0,0,0,0,0,0,0,0],"QMGames":[0,0,0,0,0,0,0,0,0,0,0,0,0,0,0],"customGamesPerGeneral":[1,0,0,0,0,0,0,0,0,0,0,0,0,0,0],"quickMatchesPerGeneral":[0,0,0,0,0,0,0,0,0,0,0,0,0,0,0],"locale":0,"gamesAsRandom":134,"options":"","systemSpec":"","lastFPS":0,"lastGeneral":13,"gamesInRowWithLastGeneral":1,"challengeMedals":0,"battleHonors":4374914,"QMwinsInARow":0,"maxQMwinsInARow":0,"winsInARow":3,"maxWinsInARow":8,"lossesInARow":0,"maxLossesInARow":5,"disconsInARow":0,"maxDisconsInARow":0,"desyncsInARow":0,"maxDesyncsInARow":0,"builtParticleCannon":2,"builtNuke":6,"builtSCUD":8,"lastLadderPort":0,"lastLadderHost":""}}!
[DEBUG] 

[DEBUG] [2026-10-07 23:09:31] [0x1708ff080|https://api.playgenerals.online/env/prod/contract/1/PlayerStats/122782|Verb 0] Transfer is complete: 1979 bytes total! Curl result is 0
[DEBUG] 

[DEBUG] [2026-10-07 23:09:31] [0x1708ff080|https://api.playgenerals.online/env/prod/contract/1/PlayerStats/122782|Verb 0] Response was 200 - {"stats":{"userID":122782,"EloRating":1000,"EloMatches":0,"MonthlyEloRating":1000,"wins":[1,1,9,7,6,6,5,6,7,5,6,11,8,6,0],"losses":[1,1,3,6,5,6,5,3,4,4,4,4,3,3,0],"games":[1,1,11,12,10,14,10,8,11,8,11,16,12,11,0],"duration":[23,12,119,126,101,202,129,105,148,55,112,180,133,138,0],"unitsKilled":[43,37,685,577,960,1335,456,776,522,242,674,931,818,690,0],"unitsLost":[59,71,675,450,830,1394,628,1060,526,245,399,1195,986,894,0],"unitsBuilt":[50,67,329,361,710,537,237,782,352,244,278,817,723,632,0],"buildingsKilled":[5,2,67,58,155,71,31,94,43,35,48,78,88,57,0],"buildingsLost":[5,8,40,59,90,124,78,134,59,31,59,104,66,54,0],"buildingsBuilt":[16,18,137,167,170,257,157,215,151,94,153,219,176,168,0],"earnings":[44790,34205,386441,266608,701413,2000768672,433367,682272,451792,169917,1200343219,1200623650,1400470224,2000285779,0],"techCaptured":[50,25,170,94,115,251,99,106,63,88,64,155,173,41,0],"discons":[0,0,0,0,0,0,0,0,0,0,0,0,0,0,0],"desyncs":[0,0,0,0,0,0,0,0,0,0,0,0,0,0,0],"surrenders":[1,1,1,1,2,4,1,1,3,1,1,0,0,0,0],"gamesOf2p":[1,0,0,0,0,0,0,0,0,0,0,0,0,0,0],"gamesOf3p":[0,0,0,0,0,0,0,0,0,0,0,0,0,0,0],"gamesOf4p":[1,1,8,9,10,9,9,6,11,6,10,14,10,10,0],"gamesOf5p":[1,1,1,0,0,0,0,0,0,0,0,0,0,0,0],"gamesOf6p":[1,1,2,2,1,4,2,2,1,0,0,0,0,0,0],"gamesOf7p":[0,0,0,0,0,0,0,0,0,0,0,0,0,0,0],"gamesOf8p":[1,1,0,0,0,0,0,0,0,0,0,0,0,0,0],"customGames":[0,0,0,0,0,0,0,0,0,0,0,0,0,0,0],"QMGames":[0,0,0,0,0,0,0,0,0,0,0,0,0,0,0],"customGamesPerGeneral":[1,0,0,0,0,0,0,0,0,0,0,0,0,0,0],"quickMatchesPerGeneral":[0,0,0,0,0,0,0,0,0,0,0,0,0,0,0],"locale":0,"gamesAsRandom":134,"options":"","systemSpec":"","lastFPS":0,"lastGeneral":13,"gamesInRowWithLastGeneral":1,"challengeMedals":0,"battleHonors":4374914,"QMwinsInARow":0,"maxQMwinsInARow":0,"winsInARow":3,"maxWinsInARow":8,"lossesInARow":0,"maxLossesInARow":5,"disconsInARow":0,"maxDisconsInARow":0,"desyncsInARow":0,"maxDesyncsInARow":0,"builtParticleCannon":2,"builtNuke":6,"builtSCUD":8,"lastLadderPort":0,"lastLadderHost":""}}!
[DEBUG] 

[DEBUG] [2026-10-07 23:09:31] [0x1709043c0|https://api.playgenerals.online/env/prod/contract/1/PlayerStats/122782|Verb 0] Transfer is complete: 1979 bytes total! Curl result is 0
[DEBUG] 

[DEBUG] [2026-10-07 23:09:31] [0x1709043c0|https://api.playgenerals.online/env/prod/contract/1/PlayerStats/122782|Verb 0] Response was 200 - {"stats":{"userID":122782,"EloRating":1000,"EloMatches":0,"MonthlyEloRating":1000,"wins":[1,1,9,7,6,6,5,6,7,5,6,11,8,6,0],"losses":[1,1,3,6,5,6,5,3,4,4,4,4,3,3,0],"games":[1,1,11,12,10,14,10,8,11,8,11,16,12,11,0],"duration":[23,12,119,126,101,202,129,105,148,55,112,180,133,138,0],"unitsKilled":[43,37,685,577,960,1335,456,776,522,242,674,931,818,690,0],"unitsLost":[59,71,675,450,830,1394,628,1060,526,245,399,1195,986,894,0],"unitsBuilt":[50,67,329,361,710,537,237,782,352,244,278,817,723,632,0],"buildingsKilled":[5,2,67,58,155,71,31,94,43,35,48,78,88,57,0],"buildingsLost":[5,8,40,59,90,124,78,134,59,31,59,104,66,54,0],"buildingsBuilt":[16,18,137,167,170,257,157,215,151,94,153,219,176,168,0],"earnings":[44790,34205,386441,266608,701413,2000768672,433367,682272,451792,169917,1200343219,1200623650,1400470224,2000285779,0],"techCaptured":[50,25,170,94,115,251,99,106,63,88,64,155,173,41,0],"discons":[0,0,0,0,0,0,0,0,0,0,0,0,0,0,0],"desyncs":[0,0,0,0,0,0,0,0,0,0,0,0,0,0,0],"surrenders":[1,1,1,1,2,4,1,1,3,1,1,0,0,0,0],"gamesOf2p":[1,0,0,0,0,0,0,0,0,0,0,0,0,0,0],"gamesOf3p":[0,0,0,0,0,0,0,0,0,0,0,0,0,0,0],"gamesOf4p":[1,1,8,9,10,9,9,6,11,6,10,14,10,10,0],"gamesOf5p":[1,1,1,0,0,0,0,0,0,0,0,0,0,0,0],"gamesOf6p":[1,1,2,2,1,4,2,2,1,0,0,0,0,0,0],"gamesOf7p":[0,0,0,0,0,0,0,0,0,0,0,0,0,0,0],"gamesOf8p":[1,1,0,0,0,0,0,0,0,0,0,0,0,0,0],"customGames":[0,0,0,0,0,0,0,0,0,0,0,0,0,0,0],"QMGames":[0,0,0,0,0,0,0,0,0,0,0,0,0,0,0],"customGamesPerGeneral":[1,0,0,0,0,0,0,0,0,0,0,0,0,0,0],"quickMatchesPerGeneral":[0,0,0,0,0,0,0,0,0,0,0,0,0,0,0],"locale":0,"gamesAsRandom":134,"options":"","systemSpec":"","lastFPS":0,"lastGeneral":13,"gamesInRowWithLastGeneral":1,"challengeMedals":0,"battleHonors":4374914,"QMwinsInARow":0,"maxQMwinsInARow":0,"winsInARow":3,"maxWinsInARow":8,"lossesInARow":0,"maxLossesInARow":5,"disconsInARow":0,"maxDisconsInARow":0,"desyncsInARow":0,"maxDesyncsInARow":0,"builtParticleCannon":2,"builtNuke":6,"builtSCUD":8,"lastLadderPort":0,"lastLadderHost":""}}!
[DEBUG] 

[DEBUG] [2026-10-07 23:09:31] [0x1709044e0|https://api.playgenerals.online/env/prod/contract/1/PlayerStats/122782|Verb 0] Transfer is complete: 1979 bytes total! Curl result is 0
[DEBUG] 

[DEBUG] [2026-10-07 23:09:31] [0x1709044e0|https://api.playgenerals.online/env/prod/contract/1/PlayerStats/122782|Verb 0] Response was 200 - {"stats":{"userID":122782,"EloRating":1000,"EloMatches":0,"MonthlyEloRating":1000,"wins":[1,1,9,7,6,6,5,6,7,5,6,11,8,6,0],"losses":[1,1,3,6,5,6,5,3,4,4,4,4,3,3,0],"games":[1,1,11,12,10,14,10,8,11,8,11,16,12,11,0],"duration":[23,12,119,126,101,202,129,105,148,55,112,180,133,138,0],"unitsKilled":[43,37,685,577,960,1335,456,776,522,242,674,931,818,690,0],"unitsLost":[59,71,675,450,830,1394,628,1060,526,245,399,1195,986,894,0],"unitsBuilt":[50,67,329,361,710,537,237,782,352,244,278,817,723,632,0],"buildingsKilled":[5,2,67,58,155,71,31,94,43,35,48,78,88,57,0],"buildingsLost":[5,8,40,59,90,124,78,134,59,31,59,104,66,54,0],"buildingsBuilt":[16,18,137,167,170,257,157,215,151,94,153,219,176,168,0],"earnings":[44790,34205,386441,266608,701413,2000768672,433367,682272,451792,169917,1200343219,1200623650,1400470224,2000285779,0],"techCaptured":[50,25,170,94,115,251,99,106,63,88,64,155,173,41,0],"discons":[0,0,0,0,0,0,0,0,0,0,0,0,0,0,0],"desyncs":[0,0,0,0,0,0,0,0,0,0,0,0,0,0,0],"surrenders":[1,1,1,1,2,4,1,1,3,1,1,0,0,0,0],"gamesOf2p":[1,0,0,0,0,0,0,0,0,0,0,0,0,0,0],"gamesOf3p":[0,0,0,0,0,0,0,0,0,0,0,0,0,0,0],"gamesOf4p":[1,1,8,9,10,9,9,6,11,6,10,14,10,10,0],"gamesOf5p":[1,1,1,0,0,0,0,0,0,0,0,0,0,0,0],"gamesOf6p":[1,1,2,2,1,4,2,2,1,0,0,0,0,0,0],"gamesOf7p":[0,0,0,0,0,0,0,0,0,0,0,0,0,0,0],"gamesOf8p":[1,1,0,0,0,0,0,0,0,0,0,0,0,0,0],"customGames":[0,0,0,0,0,0,0,0,0,0,0,0,0,0,0],"QMGames":[0,0,0,0,0,0,0,0,0,0,0,0,0,0,0],"customGamesPerGeneral":[1,0,0,0,0,0,0,0,0,0,0,0,0,0,0],"quickMatchesPerGeneral":[0,0,0,0,0,0,0,0,0,0,0,0,0,0,0],"locale":0,"gamesAsRandom":134,"options":"","systemSpec":"","lastFPS":0,"lastGeneral":13,"gamesInRowWithLastGeneral":1,"challengeMedals":0,"battleHonors":4374914,"QMwinsInARow":0,"maxQMwinsInARow":0,"winsInARow":3,"maxWinsInARow":8,"lossesInARow":0,"maxLossesInARow":5,"disconsInARow":0,"maxDisconsInARow":0,"desyncsInARow":0,"maxDesyncsInARow":0,"builtParticleCannon":2,"builtNuke":6,"builtSCUD":8,"lastLadderPort":0,"lastLadderHost":""}}!
[DEBUG] 

[DEBUG] [2026-10-07 23:09:31] [0x170938f80|https://api.playgenerals.online/env/prod/contract/1/PlayerStats/122782|Verb 0] Transfer is complete: 1979 bytes total! Curl result is 0
[DEBUG] 

[DEBUG] [2026-10-07 23:09:31] [0x170938f80|https://api.playgenerals.online/env/prod/contract/1/PlayerStats/122782|Verb 0] Response was 200 - {"stats":{"userID":122782,"EloRating":1000,"EloMatches":0,"MonthlyEloRating":1000,"wins":[1,1,9,7,6,6,5,6,7,5,6,11,8,6,0],"losses":[1,1,3,6,5,6,5,3,4,4,4,4,3,3,0],"games":[1,1,11,12,10,14,10,8,11,8,11,16,12,11,0],"duration":[23,12,119,126,101,202,129,105,148,55,112,180,133,138,0],"unitsKilled":[43,37,685,577,960,1335,456,776,522,242,674,931,818,690,0],"unitsLost":[59,71,675,450,830,1394,628,1060,526,245,399,1195,986,894,0],"unitsBuilt":[50,67,329,361,710,537,237,782,352,244,278,817,723,632,0],"buildingsKilled":[5,2,67,58,155,71,31,94,43,35,48,78,88,57,0],"buildingsLost":[5,8,40,59,90,124,78,134,59,31,59,104,66,54,0],"buildingsBuilt":[16,18,137,167,170,257,157,215,151,94,153,219,176,168,0],"earnings":[44790,34205,386441,266608,701413,2000768672,433367,682272,451792,169917,1200343219,1200623650,1400470224,2000285779,0],"techCaptured":[50,25,170,94,115,251,99,106,63,88,64,155,173,41,0],"discons":[0,0,0,0,0,0,0,0,0,0,0,0,0,0,0],"desyncs":[0,0,0,0,0,0,0,0,0,0,0,0,0,0,0],"surrenders":[1,1,1,1,2,4,1,1,3,1,1,0,0,0,0],"gamesOf2p":[1,0,0,0,0,0,0,0,0,0,0,0,0,0,0],"gamesOf3p":[0,0,0,0,0,0,0,0,0,0,0,0,0,0,0],"gamesOf4p":[1,1,8,9,10,9,9,6,11,6,10,14,10,10,0],"gamesOf5p":[1,1,1,0,0,0,0,0,0,0,0,0,0,0,0],"gamesOf6p":[1,1,2,2,1,4,2,2,1,0,0,0,0,0,0],"gamesOf7p":[0,0,0,0,0,0,0,0,0,0,0,0,0,0,0],"gamesOf8p":[1,1,0,0,0,0,0,0,0,0,0,0,0,0,0],"customGames":[0,0,0,0,0,0,0,0,0,0,0,0,0,0,0],"QMGames":[0,0,0,0,0,0,0,0,0,0,0,0,0,0,0],"customGamesPerGeneral":[1,0,0,0,0,0,0,0,0,0,0,0,0,0,0],"quickMatchesPerGeneral":[0,0,0,0,0,0,0,0,0,0,0,0,0,0,0],"locale":0,"gamesAsRandom":134,"options":"","systemSpec":"","lastFPS":0,"lastGeneral":13,"gamesInRowWithLastGeneral":1,"challengeMedals":0,"battleHonors":4374914,"QMwinsInARow":0,"maxQMwinsInARow":0,"winsInARow":3,"maxWinsInARow":8,"lossesInARow":0,"maxLossesInARow":5,"disconsInARow":0,"maxDisconsInARow":0,"desyncsInARow":0,"maxDesyncsInARow":0,"builtParticleCannon":2,"builtNuke":6,"builtSCUD":8,"lastLadderPort":0,"lastLadderHost":""}}!
[DEBUG] 

[DEBUG] [2026-10-07 23:09:31] [0x1709391c0|https://api.playgenerals.online/env/prod/contract/1/PlayerStats/122782|Verb 0] Transfer is complete: 1979 bytes total! Curl result is 0
[DEBUG] 

[DEBUG] [2026-10-07 23:09:31] [0x1709391c0|https://api.playgenerals.online/env/prod/contract/1/PlayerStats/122782|Verb 0] Response was 200 - {"stats":{"userID":122782,"EloRating":1000,"EloMatches":0,"MonthlyEloRating":1000,"wins":[1,1,9,7,6,6,5,6,7,5,6,11,8,6,0],"losses":[1,1,3,6,5,6,5,3,4,4,4,4,3,3,0],"games":[1,1,11,12,10,14,10,8,11,8,11,16,12,11,0],"duration":[23,12,119,126,101,202,129,105,148,55,112,180,133,138,0],"unitsKilled":[43,37,685,577,960,1335,456,776,522,242,674,931,818,690,0],"unitsLost":[59,71,675,450,830,1394,628,1060,526,245,399,1195,986,894,0],"unitsBuilt":[50,67,329,361,710,537,237,782,352,244,278,817,723,632,0],"buildingsKilled":[5,2,67,58,155,71,31,94,43,35,48,78,88,57,0],"buildingsLost":[5,8,40,59,90,124,78,134,59,31,59,104,66,54,0],"buildingsBuilt":[16,18,137,167,170,257,157,215,151,94,153,219,176,168,0],"earnings":[44790,34205,386441,266608,701413,2000768672,433367,682272,451792,169917,1200343219,1200623650,1400470224,2000285779,0],"techCaptured":[50,25,170,94,115,251,99,106,63,88,64,155,173,41,0],"discons":[0,0,0,0,0,0,0,0,0,0,0,0,0,0,0],"desyncs":[0,0,0,0,0,0,0,0,0,0,0,0,0,0,0],"surrenders":[1,1,1,1,2,4,1,1,3,1,1,0,0,0,0],"gamesOf2p":[1,0,0,0,0,0,0,0,0,0,0,0,0,0,0],"gamesOf3p":[0,0,0,0,0,0,0,0,0,0,0,0,0,0,0],"gamesOf4p":[1,1,8,9,10,9,9,6,11,6,10,14,10,10,0],"gamesOf5p":[1,1,1,0,0,0,0,0,0,0,0,0,0,0,0],"gamesOf6p":[1,1,2,2,1,4,2,2,1,0,0,0,0,0,0],"gamesOf7p":[0,0,0,0,0,0,0,0,0,0,0,0,0,0,0],"gamesOf8p":[1,1,0,0,0,0,0,0,0,0,0,0,0,0,0],"customGames":[0,0,0,0,0,0,0,0,0,0,0,0,0,0,0],"QMGames":[0,0,0,0,0,0,0,0,0,0,0,0,0,0,0],"customGamesPerGeneral":[1,0,0,0,0,0,0,0,0,0,0,0,0,0,0],"quickMatchesPerGeneral":[0,0,0,0,0,0,0,0,0,0,0,0,0,0,0],"locale":0,"gamesAsRandom":134,"options":"","systemSpec":"","lastFPS":0,"lastGeneral":13,"gamesInRowWithLastGeneral":1,"challengeMedals":0,"battleHonors":4374914,"QMwinsInARow":0,"maxQMwinsInARow":0,"winsInARow":3,"maxWinsInARow":8,"lossesInARow":0,"maxLossesInARow":5,"disconsInARow":0,"maxDisconsInARow":0,"desyncsInARow":0,"maxDesyncsInARow":0,"builtParticleCannon":2,"builtNuke":6,"builtSCUD":8,"lastLadderPort":0,"lastLadderHost":""}}!
[DEBUG] 

[DEBUG] [2026-10-07 23:09:31] [0x170901000|https://api.playgenerals.online/env/prod/contract/1/PlayerStats/122782|Verb 0] Transfer is complete: 1979 bytes total! Curl result is 0
[DEBUG] 

[DEBUG] [2026-10-07 23:09:31] [0x170901000|https://api.playgenerals.online/env/prod/contract/1/PlayerStats/122782|Verb 0] Response was 200 - {"stats":{"userID":122782,"EloRating":1000,"EloMatches":0,"MonthlyEloRating":1000,"wins":[1,1,9,7,6,6,5,6,7,5,6,11,8,6,0],"losses":[1,1,3,6,5,6,5,3,4,4,4,4,3,3,0],"games":[1,1,11,12,10,14,10,8,11,8,11,16,12,11,0],"duration":[23,12,119,126,101,202,129,105,148,55,112,180,133,138,0],"unitsKilled":[43,37,685,577,960,1335,456,776,522,242,674,931,818,690,0],"unitsLost":[59,71,675,450,830,1394,628,1060,526,245,399,1195,986,894,0],"unitsBuilt":[50,67,329,361,710,537,237,782,352,244,278,817,723,632,0],"buildingsKilled":[5,2,67,58,155,71,31,94,43,35,48,78,88,57,0],"buildingsLost":[5,8,40,59,90,124,78,134,59,31,59,104,66,54,0],"buildingsBuilt":[16,18,137,167,170,257,157,215,151,94,153,219,176,168,0],"earnings":[44790,34205,386441,266608,701413,2000768672,433367,682272,451792,169917,1200343219,1200623650,1400470224,2000285779,0],"techCaptured":[50,25,170,94,115,251,99,106,63,88,64,155,173,41,0],"discons":[0,0,0,0,0,0,0,0,0,0,0,0,0,0,0],"desyncs":[0,0,0,0,0,0,0,0,0,0,0,0,0,0,0],"surrenders":[1,1,1,1,2,4,1,1,3,1,1,0,0,0,0],"gamesOf2p":[1,0,0,0,0,0,0,0,0,0,0,0,0,0,0],"gamesOf3p":[0,0,0,0,0,0,0,0,0,0,0,0,0,0,0],"gamesOf4p":[1,1,8,9,10,9,9,6,11,6,10,14,10,10,0],"gamesOf5p":[1,1,1,0,0,0,0,0,0,0,0,0,0,0,0],"gamesOf6p":[1,1,2,2,1,4,2,2,1,0,0,0,0,0,0],"gamesOf7p":[0,0,0,0,0,0,0,0,0,0,0,0,0,0,0],"gamesOf8p":[1,1,0,0,0,0,0,0,0,0,0,0,0,0,0],"customGames":[0,0,0,0,0,0,0,0,0,0,0,0,0,0,0],"QMGames":[0,0,0,0,0,0,0,0,0,0,0,0,0,0,0],"customGamesPerGeneral":[1,0,0,0,0,0,0,0,0,0,0,0,0,0,0],"quickMatchesPerGeneral":[0,0,0,0,0,0,0,0,0,0,0,0,0,0,0],"locale":0,"gamesAsRandom":134,"options":"","systemSpec":"","lastFPS":0,"lastGeneral":13,"gamesInRowWithLastGeneral":1,"challengeMedals":0,"battleHonors":4374914,"QMwinsInARow":0,"maxQMwinsInARow":0,"winsInARow":3,"maxWinsInARow":8,"lossesInARow":0,"maxLossesInARow":5,"disconsInARow":0,"maxDisconsInARow":0,"desyncsInARow":0,"maxDesyncsInARow":0,"builtParticleCannon":2,"builtNuke":6,"builtSCUD":8,"lastLadderPort":0,"lastLadderHost":""}}!
[DEBUG] 

[DEBUG] [2026-10-07 23:09:31] [0x17093a4e0|https://api.playgenerals.online/env/prod/contract/1/PlayerStats/122782|Verb 0] Transfer is complete: 1979 bytes total! Curl result is 0
[DEBUG] 

[DEBUG] [2026-10-07 23:09:31] [0x17093a4e0|https://api.playgenerals.online/env/prod/contract/1/PlayerStats/122782|Verb 0] Response was 200 - {"stats":{"userID":122782,"EloRating":1000,"EloMatches":0,"MonthlyEloRating":1000,"wins":[1,1,9,7,6,6,5,6,7,5,6,11,8,6,0],"losses":[1,1,3,6,5,6,5,3,4,4,4,4,3,3,0],"games":[1,1,11,12,10,14,10,8,11,8,11,16,12,11,0],"duration":[23,12,119,126,101,202,129,105,148,55,112,180,133,138,0],"unitsKilled":[43,37,685,577,960,1335,456,776,522,242,674,931,818,690,0],"unitsLost":[59,71,675,450,830,1394,628,1060,526,245,399,1195,986,894,0],"unitsBuilt":[50,67,329,361,710,537,237,782,352,244,278,817,723,632,0],"buildingsKilled":[5,2,67,58,155,71,31,94,43,35,48,78,88,57,0],"buildingsLost":[5,8,40,59,90,124,78,134,59,31,59,104,66,54,0],"buildingsBuilt":[16,18,137,167,170,257,157,215,151,94,153,219,176,168,0],"earnings":[44790,34205,386441,266608,701413,2000768672,433367,682272,451792,169917,1200343219,1200623650,1400470224,2000285779,0],"techCaptured":[50,25,170,94,115,251,99,106,63,88,64,155,173,41,0],"discons":[0,0,0,0,0,0,0,0,0,0,0,0,0,0,0],"desyncs":[0,0,0,0,0,0,0,0,0,0,0,0,0,0,0],"surrenders":[1,1,1,1,2,4,1,1,3,1,1,0,0,0,0],"gamesOf2p":[1,0,0,0,0,0,0,0,0,0,0,0,0,0,0],"gamesOf3p":[0,0,0,0,0,0,0,0,0,0,0,0,0,0,0],"gamesOf4p":[1,1,8,9,10,9,9,6,11,6,10,14,10,10,0],"gamesOf5p":[1,1,1,0,0,0,0,0,0,0,0,0,0,0,0],"gamesOf6p":[1,1,2,2,1,4,2,2,1,0,0,0,0,0,0],"gamesOf7p":[0,0,0,0,0,0,0,0,0,0,0,0,0,0,0],"gamesOf8p":[1,1,0,0,0,0,0,0,0,0,0,0,0,0,0],"customGames":[0,0,0,0,0,0,0,0,0,0,0,0,0,0,0],"QMGames":[0,0,0,0,0,0,0,0,0,0,0,0,0,0,0],"customGamesPerGeneral":[1,0,0,0,0,0,0,0,0,0,0,0,0,0,0],"quickMatchesPerGeneral":[0,0,0,0,0,0,0,0,0,0,0,0,0,0,0],"locale":0,"gamesAsRandom":134,"options":"","systemSpec":"","lastFPS":0,"lastGeneral":13,"gamesInRowWithLastGeneral":1,"challengeMedals":0,"battleHonors":4374914,"QMwinsInARow":0,"maxQMwinsInARow":0,"winsInARow":3,"maxWinsInARow":8,"lossesInARow":0,"maxLossesInARow":5,"disconsInARow":0,"maxDisconsInARow":0,"desyncsInARow":0,"maxDesyncsInARow":0,"builtParticleCannon":2,"builtNuke":6,"builtSCUD":8,"lastLadderPort":0,"lastLadderHost":""}}!
[DEBUG] 

[DEBUG] [2026-10-07 23:09:31] [0x170901a20|https://api.playgenerals.online/env/prod/contract/1/PlayerStats/122782|Verb 0] Transfer is complete: 1979 bytes total! Curl result is 0
[DEBUG] 

[DEBUG] [2026-10-07 23:09:31] [0x170901a20|https://api.playgenerals.online/env/prod/contract/1/PlayerStats/122782|Verb 0] Response was 200 - {"stats":{"userID":122782,"EloRating":1000,"EloMatches":0,"MonthlyEloRating":1000,"wins":[1,1,9,7,6,6,5,6,7,5,6,11,8,6,0],"losses":[1,1,3,6,5,6,5,3,4,4,4,4,3,3,0],"games":[1,1,11,12,10,14,10,8,11,8,11,16,12,11,0],"duration":[23,12,119,126,101,202,129,105,148,55,112,180,133,138,0],"unitsKilled":[43,37,685,577,960,1335,456,776,522,242,674,931,818,690,0],"unitsLost":[59,71,675,450,830,1394,628,1060,526,245,399,1195,986,894,0],"unitsBuilt":[50,67,329,361,710,537,237,782,352,244,278,817,723,632,0],"buildingsKilled":[5,2,67,58,155,71,31,94,43,35,48,78,88,57,0],"buildingsLost":[5,8,40,59,90,124,78,134,59,31,59,104,66,54,0],"buildingsBuilt":[16,18,137,167,170,257,157,215,151,94,153,219,176,168,0],"earnings":[44790,34205,386441,266608,701413,2000768672,433367,682272,451792,169917,1200343219,1200623650,1400470224,2000285779,0],"techCaptured":[50,25,170,94,115,251,99,106,63,88,64,155,173,41,0],"discons":[0,0,0,0,0,0,0,0,0,0,0,0,0,0,0],"desyncs":[0,0,0,0,0,0,0,0,0,0,0,0,0,0,0],"surrenders":[1,1,1,1,2,4,1,1,3,1,1,0,0,0,0],"gamesOf2p":[1,0,0,0,0,0,0,0,0,0,0,0,0,0,0],"gamesOf3p":[0,0,0,0,0,0,0,0,0,0,0,0,0,0,0],"gamesOf4p":[1,1,8,9,10,9,9,6,11,6,10,14,10,10,0],"gamesOf5p":[1,1,1,0,0,0,0,0,0,0,0,0,0,0,0],"gamesOf6p":[1,1,2,2,1,4,2,2,1,0,0,0,0,0,0],"gamesOf7p":[0,0,0,0,0,0,0,0,0,0,0,0,0,0,0],"gamesOf8p":[1,1,0,0,0,0,0,0,0,0,0,0,0,0,0],"customGames":[0,0,0,0,0,0,0,0,0,0,0,0,0,0,0],"QMGames":[0,0,0,0,0,0,0,0,0,0,0,0,0,0,0],"customGamesPerGeneral":[1,0,0,0,0,0,0,0,0,0,0,0,0,0,0],"quickMatchesPerGeneral":[0,0,0,0,0,0,0,0,0,0,0,0,0,0,0],"locale":0,"gamesAsRandom":134,"options":"","systemSpec":"","lastFPS":0,"lastGeneral":13,"gamesInRowWithLastGeneral":1,"challengeMedals":0,"battleHonors":4374914,"QMwinsInARow":0,"maxQMwinsInARow":0,"winsInARow":3,"maxWinsInARow":8,"lossesInARow":0,"maxLossesInARow":5,"disconsInARow":0,"maxDisconsInARow":0,"desyncsInARow":0,"maxDesyncsInARow":0,"builtParticleCannon":2,"builtNuke":6,"builtSCUD":8,"lastLadderPort":0,"lastLadderHost":""}}!
[DEBUG] 

[DEBUG] [2026-10-07 23:09:31] [0x1708b1e60|https://api.playgenerals.online/env/prod/contract/1/PlayerStats/122782|Verb 0] Transfer is complete: 1979 bytes total! Curl result is 0
[DEBUG] 

[DEBUG] [2026-10-07 23:09:31] [0x1708b1e60|https://api.playgenerals.online/env/prod/contract/1/PlayerStats/122782|Verb 0] Response was 200 - {"stats":{"userID":122782,"EloRating":1000,"EloMatches":0,"MonthlyEloRating":1000,"wins":[1,1,9,7,6,6,5,6,7,5,6,11,8,6,0],"losses":[1,1,3,6,5,6,5,3,4,4,4,4,3,3,0],"games":[1,1,11,12,10,14,10,8,11,8,11,16,12,11,0],"duration":[23,12,119,126,101,202,129,105,148,55,112,180,133,138,0],"unitsKilled":[43,37,685,577,960,1335,456,776,522,242,674,931,818,690,0],"unitsLost":[59,71,675,450,830,1394,628,1060,526,245,399,1195,986,894,0],"unitsBuilt":[50,67,329,361,710,537,237,782,352,244,278,817,723,632,0],"buildingsKilled":[5,2,67,58,155,71,31,94,43,35,48,78,88,57,0],"buildingsLost":[5,8,40,59,90,124,78,134,59,31,59,104,66,54,0],"buildingsBuilt":[16,18,137,167,170,257,157,215,151,94,153,219,176,168,0],"earnings":[44790,34205,386441,266608,701413,2000768672,433367,682272,451792,169917,1200343219,1200623650,1400470224,2000285779,0],"techCaptured":[50,25,170,94,115,251,99,106,63,88,64,155,173,41,0],"discons":[0,0,0,0,0,0,0,0,0,0,0,0,0,0,0],"desyncs":[0,0,0,0,0,0,0,0,0,0,0,0,0,0,0],"surrenders":[1,1,1,1,2,4,1,1,3,1,1,0,0,0,0],"gamesOf2p":[1,0,0,0,0,0,0,0,0,0,0,0,0,0,0],"gamesOf3p":[0,0,0,0,0,0,0,0,0,0,0,0,0,0,0],"gamesOf4p":[1,1,8,9,10,9,9,6,11,6,10,14,10,10,0],"gamesOf5p":[1,1,1,0,0,0,0,0,0,0,0,0,0,0,0],"gamesOf6p":[1,1,2,2,1,4,2,2,1,0,0,0,0,0,0],"gamesOf7p":[0,0,0,0,0,0,0,0,0,0,0,0,0,0,0],"gamesOf8p":[1,1,0,0,0,0,0,0,0,0,0,0,0,0,0],"customGames":[0,0,0,0,0,0,0,0,0,0,0,0,0,0,0],"QMGames":[0,0,0,0,0,0,0,0,0,0,0,0,0,0,0],"customGamesPerGeneral":[1,0,0,0,0,0,0,0,0,0,0,0,0,0,0],"quickMatchesPerGeneral":[0,0,0,0,0,0,0,0,0,0,0,0,0,0,0],"locale":0,"gamesAsRandom":134,"options":"","systemSpec":"","lastFPS":0,"lastGeneral":13,"gamesInRowWithLastGeneral":1,"challengeMedals":0,"battleHonors":4374914,"QMwinsInARow":0,"maxQMwinsInARow":0,"winsInARow":3,"maxWinsInARow":8,"lossesInARow":0,"maxLossesInARow":5,"disconsInARow":0,"maxDisconsInARow":0,"desyncsInARow":0,"maxDesyncsInARow":0,"builtParticleCannon":2,"builtNuke":6,"builtSCUD":8,"lastLadderPort":0,"lastLadderHost":""}}!
[DEBUG] 

[DEBUG] [2026-10-07 23:09:31] [0x1708b9b40|https://api.playgenerals.online/env/prod/contract/1/PlayerStats/122782|Verb 0] Transfer is complete: 1979 bytes total! Curl result is 0
[DEBUG] 

[DEBUG] [2026-10-07 23:09:31] [0x1708b9b40|https://api.playgenerals.online/env/prod/contract/1/PlayerStats/122782|Verb 0] Response was 200 - {"stats":{"userID":122782,"EloRating":1000,"EloMatches":0,"MonthlyEloRating":1000,"wins":[1,1,9,7,6,6,5,6,7,5,6,11,8,6,0],"losses":[1,1,3,6,5,6,5,3,4,4,4,4,3,3,0],"games":[1,1,11,12,10,14,10,8,11,8,11,16,12,11,0],"duration":[23,12,119,126,101,202,129,105,148,55,112,180,133,138,0],"unitsKilled":[43,37,685,577,960,1335,456,776,522,242,674,931,818,690,0],"unitsLost":[59,71,675,450,830,1394,628,1060,526,245,399,1195,986,894,0],"unitsBuilt":[50,67,329,361,710,537,237,782,352,244,278,817,723,632,0],"buildingsKilled":[5,2,67,58,155,71,31,94,43,35,48,78,88,57,0],"buildingsLost":[5,8,40,59,90,124,78,134,59,31,59,104,66,54,0],"buildingsBuilt":[16,18,137,167,170,257,157,215,151,94,153,219,176,168,0],"earnings":[44790,34205,386441,266608,701413,2000768672,433367,682272,451792,169917,1200343219,1200623650,1400470224,2000285779,0],"techCaptured":[50,25,170,94,115,251,99,106,63,88,64,155,173,41,0],"discons":[0,0,0,0,0,0,0,0,0,0,0,0,0,0,0],"desyncs":[0,0,0,0,0,0,0,0,0,0,0,0,0,0,0],"surrenders":[1,1,1,1,2,4,1,1,3,1,1,0,0,0,0],"gamesOf2p":[1,0,0,0,0,0,0,0,0,0,0,0,0,0,0],"gamesOf3p":[0,0,0,0,0,0,0,0,0,0,0,0,0,0,0],"gamesOf4p":[1,1,8,9,10,9,9,6,11,6,10,14,10,10,0],"gamesOf5p":[1,1,1,0,0,0,0,0,0,0,0,0,0,0,0],"gamesOf6p":[1,1,2,2,1,4,2,2,1,0,0,0,0,0,0],"gamesOf7p":[0,0,0,0,0,0,0,0,0,0,0,0,0,0,0],"gamesOf8p":[1,1,0,0,0,0,0,0,0,0,0,0,0,0,0],"customGames":[0,0,0,0,0,0,0,0,0,0,0,0,0,0,0],"QMGames":[0,0,0,0,0,0,0,0,0,0,0,0,0,0,0],"customGamesPerGeneral":[1,0,0,0,0,0,0,0,0,0,0,0,0,0,0],"quickMatchesPerGeneral":[0,0,0,0,0,0,0,0,0,0,0,0,0,0,0],"locale":0,"gamesAsRandom":134,"options":"","systemSpec":"","lastFPS":0,"lastGeneral":13,"gamesInRowWithLastGeneral":1,"challengeMedals":0,"battleHonors":4374914,"QMwinsInARow":0,"maxQMwinsInARow":0,"winsInARow":3,"maxWinsInARow":8,"lossesInARow":0,"maxLossesInARow":5,"disconsInARow":0,"maxDisconsInARow":0,"desyncsInARow":0,"maxDesyncsInARow":0,"builtParticleCannon":2,"builtNuke":6,"builtSCUD":8,"lastLadderPort":0,"lastLadderHost":""}}!
[DEBUG] 

[DEBUG] [2026-10-07 23:09:31] [0x1709016c0|https://api.playgenerals.online/env/prod/contract/1/PlayerStats/122782|Verb 0] Transfer is complete: 1979 bytes total! Curl result is 0
[DEBUG] 

[DEBUG] [2026-10-07 23:09:31] [0x1709016c0|https://api.playgenerals.online/env/prod/contract/1/PlayerStats/122782|Verb 0] Response was 200 - {"stats":{"userID":122782,"EloRating":1000,"EloMatches":0,"MonthlyEloRating":1000,"wins":[1,1,9,7,6,6,5,6,7,5,6,11,8,6,0],"losses":[1,1,3,6,5,6,5,3,4,4,4,4,3,3,0],"games":[1,1,11,12,10,14,10,8,11,8,11,16,12,11,0],"duration":[23,12,119,126,101,202,129,105,148,55,112,180,133,138,0],"unitsKilled":[43,37,685,577,960,1335,456,776,522,242,674,931,818,690,0],"unitsLost":[59,71,675,450,830,1394,628,1060,526,245,399,1195,986,894,0],"unitsBuilt":[50,67,329,361,710,537,237,782,352,244,278,817,723,632,0],"buildingsKilled":[5,2,67,58,155,71,31,94,43,35,48,78,88,57,0],"buildingsLost":[5,8,40,59,90,124,78,134,59,31,59,104,66,54,0],"buildingsBuilt":[16,18,137,167,170,257,157,215,151,94,153,219,176,168,0],"earnings":[44790,34205,386441,266608,701413,2000768672,433367,682272,451792,169917,1200343219,1200623650,1400470224,2000285779,0],"techCaptured":[50,25,170,94,115,251,99,106,63,88,64,155,173,41,0],"discons":[0,0,0,0,0,0,0,0,0,0,0,0,0,0,0],"desyncs":[0,0,0,0,0,0,0,0,0,0,0,0,0,0,0],"surrenders":[1,1,1,1,2,4,1,1,3,1,1,0,0,0,0],"gamesOf2p":[1,0,0,0,0,0,0,0,0,0,0,0,0,0,0],"gamesOf3p":[0,0,0,0,0,0,0,0,0,0,0,0,0,0,0],"gamesOf4p":[1,1,8,9,10,9,9,6,11,6,10,14,10,10,0],"gamesOf5p":[1,1,1,0,0,0,0,0,0,0,0,0,0,0,0],"gamesOf6p":[1,1,2,2,1,4,2,2,1,0,0,0,0,0,0],"gamesOf7p":[0,0,0,0,0,0,0,0,0,0,0,0,0,0,0],"gamesOf8p":[1,1,0,0,0,0,0,0,0,0,0,0,0,0,0],"customGames":[0,0,0,0,0,0,0,0,0,0,0,0,0,0,0],"QMGames":[0,0,0,0,0,0,0,0,0,0,0,0,0,0,0],"customGamesPerGeneral":[1,0,0,0,0,0,0,0,0,0,0,0,0,0,0],"quickMatchesPerGeneral":[0,0,0,0,0,0,0,0,0,0,0,0,0,0,0],"locale":0,"gamesAsRandom":134,"options":"","systemSpec":"","lastFPS":0,"lastGeneral":13,"gamesInRowWithLastGeneral":1,"challengeMedals":0,"battleHonors":4374914,"QMwinsInARow":0,"maxQMwinsInARow":0,"winsInARow":3,"maxWinsInARow":8,"lossesInARow":0,"maxLossesInARow":5,"disconsInARow":0,"maxDisconsInARow":0,"desyncsInARow":0,"maxDesyncsInARow":0,"builtParticleCannon":2,"builtNuke":6,"builtSCUD":8,"lastLadderPort":0,"lastLadderHost":""}}!
[DEBUG] 

[DEBUG] [2026-10-07 23:09:31] [0x170939640|https://api.playgenerals.online/env/prod/contract/1/PlayerStats/122782|Verb 0] Transfer is complete: 1979 bytes total! Curl result is 0
[DEBUG] 

[DEBUG] [2026-10-07 23:09:31] [0x170939640|https://api.playgenerals.online/env/prod/contract/1/PlayerStats/122782|Verb 0] Response was 200 - {"stats":{"userID":122782,"EloRating":1000,"EloMatches":0,"MonthlyEloRating":1000,"wins":[1,1,9,7,6,6,5,6,7,5,6,11,8,6,0],"losses":[1,1,3,6,5,6,5,3,4,4,4,4,3,3,0],"games":[1,1,11,12,10,14,10,8,11,8,11,16,12,11,0],"duration":[23,12,119,126,101,202,129,105,148,55,112,180,133,138,0],"unitsKilled":[43,37,685,577,960,1335,456,776,522,242,674,931,818,690,0],"unitsLost":[59,71,675,450,830,1394,628,1060,526,245,399,1195,986,894,0],"unitsBuilt":[50,67,329,361,710,537,237,782,352,244,278,817,723,632,0],"buildingsKilled":[5,2,67,58,155,71,31,94,43,35,48,78,88,57,0],"buildingsLost":[5,8,40,59,90,124,78,134,59,31,59,104,66,54,0],"buildingsBuilt":[16,18,137,167,170,257,157,215,151,94,153,219,176,168,0],"earnings":[44790,34205,386441,266608,701413,2000768672,433367,682272,451792,169917,1200343219,1200623650,1400470224,2000285779,0],"techCaptured":[50,25,170,94,115,251,99,106,63,88,64,155,173,41,0],"discons":[0,0,0,0,0,0,0,0,0,0,0,0,0,0,0],"desyncs":[0,0,0,0,0,0,0,0,0,0,0,0,0,0,0],"surrenders":[1,1,1,1,2,4,1,1,3,1,1,0,0,0,0],"gamesOf2p":[1,0,0,0,0,0,0,0,0,0,0,0,0,0,0],"gamesOf3p":[0,0,0,0,0,0,0,0,0,0,0,0,0,0,0],"gamesOf4p":[1,1,8,9,10,9,9,6,11,6,10,14,10,10,0],"gamesOf5p":[1,1,1,0,0,0,0,0,0,0,0,0,0,0,0],"gamesOf6p":[1,1,2,2,1,4,2,2,1,0,0,0,0,0,0],"gamesOf7p":[0,0,0,0,0,0,0,0,0,0,0,0,0,0,0],"gamesOf8p":[1,1,0,0,0,0,0,0,0,0,0,0,0,0,0],"customGames":[0,0,0,0,0,0,0,0,0,0,0,0,0,0,0],"QMGames":[0,0,0,0,0,0,0,0,0,0,0,0,0,0,0],"customGamesPerGeneral":[1,0,0,0,0,0,0,0,0,0,0,0,0,0,0],"quickMatchesPerGeneral":[0,0,0,0,0,0,0,0,0,0,0,0,0,0,0],"locale":0,"gamesAsRandom":134,"options":"","systemSpec":"","lastFPS":0,"lastGeneral":13,"gamesInRowWithLastGeneral":1,"challengeMedals":0,"battleHonors":4374914,"QMwinsInARow":0,"maxQMwinsInARow":0,"winsInARow":3,"maxWinsInARow":8,"lossesInARow":0,"maxLossesInARow":5,"disconsInARow":0,"maxDisconsInARow":0,"desyncsInARow":0,"maxDesyncsInARow":0,"builtParticleCannon":2,"builtNuke":6,"builtSCUD":8,"lastLadderPort":0,"lastLadderHost":""}}!
[DEBUG] 

[DEBUG] [2026-10-07 23:09:31] [0x1708afdc0|https://api.playgenerals.online/env/prod/contract/1/PlayerStats/122782|Verb 0] Transfer is complete: 1979 bytes total! Curl result is 0
[DEBUG] 

[DEBUG] [2026-10-07 23:09:31] [0x1708afdc0|https://api.playgenerals.online/env/prod/contract/1/PlayerStats/122782|Verb 0] Response was 200 - {"stats":{"userID":122782,"EloRating":1000,"EloMatches":0,"MonthlyEloRating":1000,"wins":[1,1,9,7,6,6,5,6,7,5,6,11,8,6,0],"losses":[1,1,3,6,5,6,5,3,4,4,4,4,3,3,0],"games":[1,1,11,12,10,14,10,8,11,8,11,16,12,11,0],"duration":[23,12,119,126,101,202,129,105,148,55,112,180,133,138,0],"unitsKilled":[43,37,685,577,960,1335,456,776,522,242,674,931,818,690,0],"unitsLost":[59,71,675,450,830,1394,628,1060,526,245,399,1195,986,894,0],"unitsBuilt":[50,67,329,361,710,537,237,782,352,244,278,817,723,632,0],"buildingsKilled":[5,2,67,58,155,71,31,94,43,35,48,78,88,57,0],"buildingsLost":[5,8,40,59,90,124,78,134,59,31,59,104,66,54,0],"buildingsBuilt":[16,18,137,167,170,257,157,215,151,94,153,219,176,168,0],"earnings":[44790,34205,386441,266608,701413,2000768672,433367,682272,451792,169917,1200343219,1200623650,1400470224,2000285779,0],"techCaptured":[50,25,170,94,115,251,99,106,63,88,64,155,173,41,0],"discons":[0,0,0,0,0,0,0,0,0,0,0,0,0,0,0],"desyncs":[0,0,0,0,0,0,0,0,0,0,0,0,0,0,0],"surrenders":[1,1,1,1,2,4,1,1,3,1,1,0,0,0,0],"gamesOf2p":[1,0,0,0,0,0,0,0,0,0,0,0,0,0,0],"gamesOf3p":[0,0,0,0,0,0,0,0,0,0,0,0,0,0,0],"gamesOf4p":[1,1,8,9,10,9,9,6,11,6,10,14,10,10,0],"gamesOf5p":[1,1,1,0,0,0,0,0,0,0,0,0,0,0,0],"gamesOf6p":[1,1,2,2,1,4,2,2,1,0,0,0,0,0,0],"gamesOf7p":[0,0,0,0,0,0,0,0,0,0,0,0,0,0,0],"gamesOf8p":[1,1,0,0,0,0,0,0,0,0,0,0,0,0,0],"customGames":[0,0,0,0,0,0,0,0,0,0,0,0,0,0,0],"QMGames":[0,0,0,0,0,0,0,0,0,0,0,0,0,0,0],"customGamesPerGeneral":[1,0,0,0,0,0,0,0,0,0,0,0,0,0,0],"quickMatchesPerGeneral":[0,0,0,0,0,0,0,0,0,0,0,0,0,0,0],"locale":0,"gamesAsRandom":134,"options":"","systemSpec":"","lastFPS":0,"lastGeneral":13,"gamesInRowWithLastGeneral":1,"challengeMedals":0,"battleHonors":4374914,"QMwinsInARow":0,"maxQMwinsInARow":0,"winsInARow":3,"maxWinsInARow":8,"lossesInARow":0,"maxLossesInARow":5,"disconsInARow":0,"maxDisconsInARow":0,"desyncsInARow":0,"maxDesyncsInARow":0,"builtParticleCannon":2,"builtNuke":6,"builtSCUD":8,"lastLadderPort":0,"lastLadderHost":""}}!
[DEBUG] 

[DEBUG] [2026-10-07 23:09:31] [0x170939880|https://api.playgenerals.online/env/prod/contract/1/PlayerStats/122782|Verb 0] Transfer is complete: 1979 bytes total! Curl result is 0
[DEBUG] 

[DEBUG] [2026-10-07 23:09:31] [0x170939880|https://api.playgenerals.online/env/prod/contract/1/PlayerStats/122782|Verb 0] Response was 200 - {"stats":{"userID":122782,"EloRating":1000,"EloMatches":0,"MonthlyEloRating":1000,"wins":[1,1,9,7,6,6,5,6,7,5,6,11,8,6,0],"losses":[1,1,3,6,5,6,5,3,4,4,4,4,3,3,0],"games":[1,1,11,12,10,14,10,8,11,8,11,16,12,11,0],"duration":[23,12,119,126,101,202,129,105,148,55,112,180,133,138,0],"unitsKilled":[43,37,685,577,960,1335,456,776,522,242,674,931,818,690,0],"unitsLost":[59,71,675,450,830,1394,628,1060,526,245,399,1195,986,894,0],"unitsBuilt":[50,67,329,361,710,537,237,782,352,244,278,817,723,632,0],"buildingsKilled":[5,2,67,58,155,71,31,94,43,35,48,78,88,57,0],"buildingsLost":[5,8,40,59,90,124,78,134,59,31,59,104,66,54,0],"buildingsBuilt":[16,18,137,167,170,257,157,215,151,94,153,219,176,168,0],"earnings":[44790,34205,386441,266608,701413,2000768672,433367,682272,451792,169917,1200343219,1200623650,1400470224,2000285779,0],"techCaptured":[50,25,170,94,115,251,99,106,63,88,64,155,173,41,0],"discons":[0,0,0,0,0,0,0,0,0,0,0,0,0,0,0],"desyncs":[0,0,0,0,0,0,0,0,0,0,0,0,0,0,0],"surrenders":[1,1,1,1,2,4,1,1,3,1,1,0,0,0,0],"gamesOf2p":[1,0,0,0,0,0,0,0,0,0,0,0,0,0,0],"gamesOf3p":[0,0,0,0,0,0,0,0,0,0,0,0,0,0,0],"gamesOf4p":[1,1,8,9,10,9,9,6,11,6,10,14,10,10,0],"gamesOf5p":[1,1,1,0,0,0,0,0,0,0,0,0,0,0,0],"gamesOf6p":[1,1,2,2,1,4,2,2,1,0,0,0,0,0,0],"gamesOf7p":[0,0,0,0,0,0,0,0,0,0,0,0,0,0,0],"gamesOf8p":[1,1,0,0,0,0,0,0,0,0,0,0,0,0,0],"customGames":[0,0,0,0,0,0,0,0,0,0,0,0,0,0,0],"QMGames":[0,0,0,0,0,0,0,0,0,0,0,0,0,0,0],"customGamesPerGeneral":[1,0,0,0,0,0,0,0,0,0,0,0,0,0,0],"quickMatchesPerGeneral":[0,0,0,0,0,0,0,0,0,0,0,0,0,0,0],"locale":0,"gamesAsRandom":134,"options":"","systemSpec":"","lastFPS":0,"lastGeneral":13,"gamesInRowWithLastGeneral":1,"challengeMedals":0,"battleHonors":4374914,"QMwinsInARow":0,"maxQMwinsInARow":0,"winsInARow":3,"maxWinsInARow":8,"lossesInARow":0,"maxLossesInARow":5,"disconsInARow":0,"maxDisconsInARow":0,"desyncsInARow":0,"maxDesyncsInARow":0,"builtParticleCannon":2,"builtNuke":6,"builtSCUD":8,"lastLadderPort":0,"lastLadderHost":""}}!
[DEBUG] 

[DEBUG] [2026-10-07 23:09:31] [0x170882820|https://api.playgenerals.online/env/prod/contract/1/PlayerStats/122782|Verb 0] Transfer is complete: 1979 bytes total! Curl result is 0
[DEBUG] 

[DEBUG] [2026-10-07 23:09:31] [0x170882820|https://api.playgenerals.online/env/prod/contract/1/PlayerStats/122782|Verb 0] Response was 200 - {"stats":{"userID":122782,"EloRating":1000,"EloMatches":0,"MonthlyEloRating":1000,"wins":[1,1,9,7,6,6,5,6,7,5,6,11,8,6,0],"losses":[1,1,3,6,5,6,5,3,4,4,4,4,3,3,0],"games":[1,1,11,12,10,14,10,8,11,8,11,16,12,11,0],"duration":[23,12,119,126,101,202,129,105,148,55,112,180,133,138,0],"unitsKilled":[43,37,685,577,960,1335,456,776,522,242,674,931,818,690,0],"unitsLost":[59,71,675,450,830,1394,628,1060,526,245,399,1195,986,894,0],"unitsBuilt":[50,67,329,361,710,537,237,782,352,244,278,817,723,632,0],"buildingsKilled":[5,2,67,58,155,71,31,94,43,35,48,78,88,57,0],"buildingsLost":[5,8,40,59,90,124,78,134,59,31,59,104,66,54,0],"buildingsBuilt":[16,18,137,167,170,257,157,215,151,94,153,219,176,168,0],"earnings":[44790,34205,386441,266608,701413,2000768672,433367,682272,451792,169917,1200343219,1200623650,1400470224,2000285779,0],"techCaptured":[50,25,170,94,115,251,99,106,63,88,64,155,173,41,0],"discons":[0,0,0,0,0,0,0,0,0,0,0,0,0,0,0],"desyncs":[0,0,0,0,0,0,0,0,0,0,0,0,0,0,0],"surrenders":[1,1,1,1,2,4,1,1,3,1,1,0,0,0,0],"gamesOf2p":[1,0,0,0,0,0,0,0,0,0,0,0,0,0,0],"gamesOf3p":[0,0,0,0,0,0,0,0,0,0,0,0,0,0,0],"gamesOf4p":[1,1,8,9,10,9,9,6,11,6,10,14,10,10,0],"gamesOf5p":[1,1,1,0,0,0,0,0,0,0,0,0,0,0,0],"gamesOf6p":[1,1,2,2,1,4,2,2,1,0,0,0,0,0,0],"gamesOf7p":[0,0,0,0,0,0,0,0,0,0,0,0,0,0,0],"gamesOf8p":[1,1,0,0,0,0,0,0,0,0,0,0,0,0,0],"customGames":[0,0,0,0,0,0,0,0,0,0,0,0,0,0,0],"QMGames":[0,0,0,0,0,0,0,0,0,0,0,0,0,0,0],"customGamesPerGeneral":[1,0,0,0,0,0,0,0,0,0,0,0,0,0,0],"quickMatchesPerGeneral":[0,0,0,0,0,0,0,0,0,0,0,0,0,0,0],"locale":0,"gamesAsRandom":134,"options":"","systemSpec":"","lastFPS":0,"lastGeneral":13,"gamesInRowWithLastGeneral":1,"challengeMedals":0,"battleHonors":4374914,"QMwinsInARow":0,"maxQMwinsInARow":0,"winsInARow":3,"maxWinsInARow":8,"lossesInARow":0,"maxLossesInARow":5,"disconsInARow":0,"maxDisconsInARow":0,"desyncsInARow":0,"maxDesyncsInARow":0,"builtParticleCannon":2,"builtNuke":6,"builtSCUD":8,"lastLadderPort":0,"lastLadderHost":""}}!
[DEBUG] 

[DEBUG] [2026-10-07 23:09:31] [0x1708f7a60|https://api.playgenerals.online/env/prod/contract/1/PlayerStats/122782|Verb 0] Transfer is complete: 1979 bytes total! Curl result is 0
[DEBUG] 

[DEBUG] [2026-10-07 23:09:31] [0x1708f7a60|https://api.playgenerals.online/env/prod/contract/1/PlayerStats/122782|Verb 0] Response was 200 - {"stats":{"userID":122782,"EloRating":1000,"EloMatches":0,"MonthlyEloRating":1000,"wins":[1,1,9,7,6,6,5,6,7,5,6,11,8,6,0],"losses":[1,1,3,6,5,6,5,3,4,4,4,4,3,3,0],"games":[1,1,11,12,10,14,10,8,11,8,11,16,12,11,0],"duration":[23,12,119,126,101,202,129,105,148,55,112,180,133,138,0],"unitsKilled":[43,37,685,577,960,1335,456,776,522,242,674,931,818,690,0],"unitsLost":[59,71,675,450,830,1394,628,1060,526,245,399,1195,986,894,0],"unitsBuilt":[50,67,329,361,710,537,237,782,352,244,278,817,723,632,0],"buildingsKilled":[5,2,67,58,155,71,31,94,43,35,48,78,88,57,0],"buildingsLost":[5,8,40,59,90,124,78,134,59,31,59,104,66,54,0],"buildingsBuilt":[16,18,137,167,170,257,157,215,151,94,153,219,176,168,0],"earnings":[44790,34205,386441,266608,701413,2000768672,433367,682272,451792,169917,1200343219,1200623650,1400470224,2000285779,0],"techCaptured":[50,25,170,94,115,251,99,106,63,88,64,155,173,41,0],"discons":[0,0,0,0,0,0,0,0,0,0,0,0,0,0,0],"desyncs":[0,0,0,0,0,0,0,0,0,0,0,0,0,0,0],"surrenders":[1,1,1,1,2,4,1,1,3,1,1,0,0,0,0],"gamesOf2p":[1,0,0,0,0,0,0,0,0,0,0,0,0,0,0],"gamesOf3p":[0,0,0,0,0,0,0,0,0,0,0,0,0,0,0],"gamesOf4p":[1,1,8,9,10,9,9,6,11,6,10,14,10,10,0],"gamesOf5p":[1,1,1,0,0,0,0,0,0,0,0,0,0,0,0],"gamesOf6p":[1,1,2,2,1,4,2,2,1,0,0,0,0,0,0],"gamesOf7p":[0,0,0,0,0,0,0,0,0,0,0,0,0,0,0],"gamesOf8p":[1,1,0,0,0,0,0,0,0,0,0,0,0,0,0],"customGames":[0,0,0,0,0,0,0,0,0,0,0,0,0,0,0],"QMGames":[0,0,0,0,0,0,0,0,0,0,0,0,0,0,0],"customGamesPerGeneral":[1,0,0,0,0,0,0,0,0,0,0,0,0,0,0],"quickMatchesPerGeneral":[0,0,0,0,0,0,0,0,0,0,0,0,0,0,0],"locale":0,"gamesAsRandom":134,"options":"","systemSpec":"","lastFPS":0,"lastGeneral":13,"gamesInRowWithLastGeneral":1,"challengeMedals":0,"battleHonors":4374914,"QMwinsInARow":0,"maxQMwinsInARow":0,"winsInARow":3,"maxWinsInARow":8,"lossesInARow":0,"maxLossesInARow":5,"disconsInARow":0,"maxDisconsInARow":0,"desyncsInARow":0,"maxDesyncsInARow":0,"builtParticleCannon":2,"builtNuke":6,"builtSCUD":8,"lastLadderPort":0,"lastLadderHost":""}}!
[DEBUG] 

[DEBUG] [2026-10-07 23:09:31] [0x1708b5e80|https://api.playgenerals.online/env/prod/contract/1/PlayerStats/122782|Verb 0] Transfer is complete: 1979 bytes total! Curl result is 0
[DEBUG] 

[DEBUG] [2026-10-07 23:09:31] [0x1708b5e80|https://api.playgenerals.online/env/prod/contract/1/PlayerStats/122782|Verb 0] Response was 200 - {"stats":{"userID":122782,"EloRating":1000,"EloMatches":0,"MonthlyEloRating":1000,"wins":[1,1,9,7,6,6,5,6,7,5,6,11,8,6,0],"losses":[1,1,3,6,5,6,5,3,4,4,4,4,3,3,0],"games":[1,1,11,12,10,14,10,8,11,8,11,16,12,11,0],"duration":[23,12,119,126,101,202,129,105,148,55,112,180,133,138,0],"unitsKilled":[43,37,685,577,960,1335,456,776,522,242,674,931,818,690,0],"unitsLost":[59,71,675,450,830,1394,628,1060,526,245,399,1195,986,894,0],"unitsBuilt":[50,67,329,361,710,537,237,782,352,244,278,817,723,632,0],"buildingsKilled":[5,2,67,58,155,71,31,94,43,35,48,78,88,57,0],"buildingsLost":[5,8,40,59,90,124,78,134,59,31,59,104,66,54,0],"buildingsBuilt":[16,18,137,167,170,257,157,215,151,94,153,219,176,168,0],"earnings":[44790,34205,386441,266608,701413,2000768672,433367,682272,451792,169917,1200343219,1200623650,1400470224,2000285779,0],"techCaptured":[50,25,170,94,115,251,99,106,63,88,64,155,173,41,0],"discons":[0,0,0,0,0,0,0,0,0,0,0,0,0,0,0],"desyncs":[0,0,0,0,0,0,0,0,0,0,0,0,0,0,0],"surrenders":[1,1,1,1,2,4,1,1,3,1,1,0,0,0,0],"gamesOf2p":[1,0,0,0,0,0,0,0,0,0,0,0,0,0,0],"gamesOf3p":[0,0,0,0,0,0,0,0,0,0,0,0,0,0,0],"gamesOf4p":[1,1,8,9,10,9,9,6,11,6,10,14,10,10,0],"gamesOf5p":[1,1,1,0,0,0,0,0,0,0,0,0,0,0,0],"gamesOf6p":[1,1,2,2,1,4,2,2,1,0,0,0,0,0,0],"gamesOf7p":[0,0,0,0,0,0,0,0,0,0,0,0,0,0,0],"gamesOf8p":[1,1,0,0,0,0,0,0,0,0,0,0,0,0,0],"customGames":[0,0,0,0,0,0,0,0,0,0,0,0,0,0,0],"QMGames":[0,0,0,0,0,0,0,0,0,0,0,0,0,0,0],"customGamesPerGeneral":[1,0,0,0,0,0,0,0,0,0,0,0,0,0,0],"quickMatchesPerGeneral":[0,0,0,0,0,0,0,0,0,0,0,0,0,0,0],"locale":0,"gamesAsRandom":134,"options":"","systemSpec":"","lastFPS":0,"lastGeneral":13,"gamesInRowWithLastGeneral":1,"challengeMedals":0,"battleHonors":4374914,"QMwinsInARow":0,"maxQMwinsInARow":0,"winsInARow":3,"maxWinsInARow":8,"lossesInARow":0,"maxLossesInARow":5,"disconsInARow":0,"maxDisconsInARow":0,"desyncsInARow":0,"maxDesyncsInARow":0,"builtParticleCannon":2,"builtNuke":6,"builtSCUD":8,"lastLadderPort":0,"lastLadderHost":""}}!
[DEBUG] 

[DEBUG] [2026-10-07 23:09:31] [0x1708f7160|https://api.playgenerals.online/env/prod/contract/1/PlayerStats/122782|Verb 0] Transfer is complete: 1979 bytes total! Curl result is 0
[DEBUG] 

[DEBUG] [2026-10-07 23:09:31] [0x1708f7160|https://api.playgenerals.online/env/prod/contract/1/PlayerStats/122782|Verb 0] Response was 200 - {"stats":{"userID":122782,"EloRating":1000,"EloMatches":0,"MonthlyEloRating":1000,"wins":[1,1,9,7,6,6,5,6,7,5,6,11,8,6,0],"losses":[1,1,3,6,5,6,5,3,4,4,4,4,3,3,0],"games":[1,1,11,12,10,14,10,8,11,8,11,16,12,11,0],"duration":[23,12,119,126,101,202,129,105,148,55,112,180,133,138,0],"unitsKilled":[43,37,685,577,960,1335,456,776,522,242,674,931,818,690,0],"unitsLost":[59,71,675,450,830,1394,628,1060,526,245,399,1195,986,894,0],"unitsBuilt":[50,67,329,361,710,537,237,782,352,244,278,817,723,632,0],"buildingsKilled":[5,2,67,58,155,71,31,94,43,35,48,78,88,57,0],"buildingsLost":[5,8,40,59,90,124,78,134,59,31,59,104,66,54,0],"buildingsBuilt":[16,18,137,167,170,257,157,215,151,94,153,219,176,168,0],"earnings":[44790,34205,386441,266608,701413,2000768672,433367,682272,451792,169917,1200343219,1200623650,1400470224,2000285779,0],"techCaptured":[50,25,170,94,115,251,99,106,63,88,64,155,173,41,0],"discons":[0,0,0,0,0,0,0,0,0,0,0,0,0,0,0],"desyncs":[0,0,0,0,0,0,0,0,0,0,0,0,0,0,0],"surrenders":[1,1,1,1,2,4,1,1,3,1,1,0,0,0,0],"gamesOf2p":[1,0,0,0,0,0,0,0,0,0,0,0,0,0,0],"gamesOf3p":[0,0,0,0,0,0,0,0,0,0,0,0,0,0,0],"gamesOf4p":[1,1,8,9,10,9,9,6,11,6,10,14,10,10,0],"gamesOf5p":[1,1,1,0,0,0,0,0,0,0,0,0,0,0,0],"gamesOf6p":[1,1,2,2,1,4,2,2,1,0,0,0,0,0,0],"gamesOf7p":[0,0,0,0,0,0,0,0,0,0,0,0,0,0,0],"gamesOf8p":[1,1,0,0,0,0,0,0,0,0,0,0,0,0,0],"customGames":[0,0,0,0,0,0,0,0,0,0,0,0,0,0,0],"QMGames":[0,0,0,0,0,0,0,0,0,0,0,0,0,0,0],"customGamesPerGeneral":[1,0,0,0,0,0,0,0,0,0,0,0,0,0,0],"quickMatchesPerGeneral":[0,0,0,0,0,0,0,0,0,0,0,0,0,0,0],"locale":0,"gamesAsRandom":134,"options":"","systemSpec":"","lastFPS":0,"lastGeneral":13,"gamesInRowWithLastGeneral":1,"challengeMedals":0,"battleHonors":4374914,"QMwinsInARow":0,"maxQMwinsInARow":0,"winsInARow":3,"maxWinsInARow":8,"lossesInARow":0,"maxLossesInARow":5,"disconsInARow":0,"maxDisconsInARow":0,"desyncsInARow":0,"maxDesyncsInARow":0,"builtParticleCannon":2,"builtNuke":6,"builtSCUD":8,"lastLadderPort":0,"lastLadderHost":""}}!
[DEBUG] 

[DEBUG] [2026-10-07 23:09:31] [0x170901c60|https://api.playgenerals.online/env/prod/contract/1/PlayerStats/122782|Verb 0] Transfer is complete: 1979 bytes total! Curl result is 0
[DEBUG] 

[DEBUG] [2026-10-07 23:09:31] [0x170901c60|https://api.playgenerals.online/env/prod/contract/1/PlayerStats/122782|Verb 0] Response was 200 - {"stats":{"userID":122782,"EloRating":1000,"EloMatches":0,"MonthlyEloRating":1000,"wins":[1,1,9,7,6,6,5,6,7,5,6,11,8,6,0],"losses":[1,1,3,6,5,6,5,3,4,4,4,4,3,3,0],"games":[1,1,11,12,10,14,10,8,11,8,11,16,12,11,0],"duration":[23,12,119,126,101,202,129,105,148,55,112,180,133,138,0],"unitsKilled":[43,37,685,577,960,1335,456,776,522,242,674,931,818,690,0],"unitsLost":[59,71,675,450,830,1394,628,1060,526,245,399,1195,986,894,0],"unitsBuilt":[50,67,329,361,710,537,237,782,352,244,278,817,723,632,0],"buildingsKilled":[5,2,67,58,155,71,31,94,43,35,48,78,88,57,0],"buildingsLost":[5,8,40,59,90,124,78,134,59,31,59,104,66,54,0],"buildingsBuilt":[16,18,137,167,170,257,157,215,151,94,153,219,176,168,0],"earnings":[44790,34205,386441,266608,701413,2000768672,433367,682272,451792,169917,1200343219,1200623650,1400470224,2000285779,0],"techCaptured":[50,25,170,94,115,251,99,106,63,88,64,155,173,41,0],"discons":[0,0,0,0,0,0,0,0,0,0,0,0,0,0,0],"desyncs":[0,0,0,0,0,0,0,0,0,0,0,0,0,0,0],"surrenders":[1,1,1,1,2,4,1,1,3,1,1,0,0,0,0],"gamesOf2p":[1,0,0,0,0,0,0,0,0,0,0,0,0,0,0],"gamesOf3p":[0,0,0,0,0,0,0,0,0,0,0,0,0,0,0],"gamesOf4p":[1,1,8,9,10,9,9,6,11,6,10,14,10,10,0],"gamesOf5p":[1,1,1,0,0,0,0,0,0,0,0,0,0,0,0],"gamesOf6p":[1,1,2,2,1,4,2,2,1,0,0,0,0,0,0],"gamesOf7p":[0,0,0,0,0,0,0,0,0,0,0,0,0,0,0],"gamesOf8p":[1,1,0,0,0,0,0,0,0,0,0,0,0,0,0],"customGames":[0,0,0,0,0,0,0,0,0,0,0,0,0,0,0],"QMGames":[0,0,0,0,0,0,0,0,0,0,0,0,0,0,0],"customGamesPerGeneral":[1,0,0,0,0,0,0,0,0,0,0,0,0,0,0],"quickMatchesPerGeneral":[0,0,0,0,0,0,0,0,0,0,0,0,0,0,0],"locale":0,"gamesAsRandom":134,"options":"","systemSpec":"","lastFPS":0,"lastGeneral":13,"gamesInRowWithLastGeneral":1,"challengeMedals":0,"battleHonors":4374914,"QMwinsInARow":0,"maxQMwinsInARow":0,"winsInARow":3,"maxWinsInARow":8,"lossesInARow":0,"maxLossesInARow":5,"disconsInARow":0,"maxDisconsInARow":0,"desyncsInARow":0,"maxDesyncsInARow":0,"builtParticleCannon":2,"builtNuke":6,"builtSCUD":8,"lastLadderPort":0,"lastLadderHost":""}}!
[DEBUG] 

[DEBUG] [2026-10-07 23:09:31] [0x1708d69a0|https://api.playgenerals.online/env/prod/contract/1/PlayerStats/122782|Verb 0] Transfer is complete: 1979 bytes total! Curl result is 0
[DEBUG] 

[DEBUG] [2026-10-07 23:09:31] [0x1708d69a0|https://api.playgenerals.online/env/prod/contract/1/PlayerStats/122782|Verb 0] Response was 200 - {"stats":{"userID":122782,"EloRating":1000,"EloMatches":0,"MonthlyEloRating":1000,"wins":[1,1,9,7,6,6,5,6,7,5,6,11,8,6,0],"losses":[1,1,3,6,5,6,5,3,4,4,4,4,3,3,0],"games":[1,1,11,12,10,14,10,8,11,8,11,16,12,11,0],"duration":[23,12,119,126,101,202,129,105,148,55,112,180,133,138,0],"unitsKilled":[43,37,685,577,960,1335,456,776,522,242,674,931,818,690,0],"unitsLost":[59,71,675,450,830,1394,628,1060,526,245,399,1195,986,894,0],"unitsBuilt":[50,67,329,361,710,537,237,782,352,244,278,817,723,632,0],"buildingsKilled":[5,2,67,58,155,71,31,94,43,35,48,78,88,57,0],"buildingsLost":[5,8,40,59,90,124,78,134,59,31,59,104,66,54,0],"buildingsBuilt":[16,18,137,167,170,257,157,215,151,94,153,219,176,168,0],"earnings":[44790,34205,386441,266608,701413,2000768672,433367,682272,451792,169917,1200343219,1200623650,1400470224,2000285779,0],"techCaptured":[50,25,170,94,115,251,99,106,63,88,64,155,173,41,0],"discons":[0,0,0,0,0,0,0,0,0,0,0,0,0,0,0],"desyncs":[0,0,0,0,0,0,0,0,0,0,0,0,0,0,0],"surrenders":[1,1,1,1,2,4,1,1,3,1,1,0,0,0,0],"gamesOf2p":[1,0,0,0,0,0,0,0,0,0,0,0,0,0,0],"gamesOf3p":[0,0,0,0,0,0,0,0,0,0,0,0,0,0,0],"gamesOf4p":[1,1,8,9,10,9,9,6,11,6,10,14,10,10,0],"gamesOf5p":[1,1,1,0,0,0,0,0,0,0,0,0,0,0,0],"gamesOf6p":[1,1,2,2,1,4,2,2,1,0,0,0,0,0,0],"gamesOf7p":[0,0,0,0,0,0,0,0,0,0,0,0,0,0,0],"gamesOf8p":[1,1,0,0,0,0,0,0,0,0,0,0,0,0,0],"customGames":[0,0,0,0,0,0,0,0,0,0,0,0,0,0,0],"QMGames":[0,0,0,0,0,0,0,0,0,0,0,0,0,0,0],"customGamesPerGeneral":[1,0,0,0,0,0,0,0,0,0,0,0,0,0,0],"quickMatchesPerGeneral":[0,0,0,0,0,0,0,0,0,0,0,0,0,0,0],"locale":0,"gamesAsRandom":134,"options":"","systemSpec":"","lastFPS":0,"lastGeneral":13,"gamesInRowWithLastGeneral":1,"challengeMedals":0,"battleHonors":4374914,"QMwinsInARow":0,"maxQMwinsInARow":0,"winsInARow":3,"maxWinsInARow":8,"lossesInARow":0,"maxLossesInARow":5,"disconsInARow":0,"maxDisconsInARow":0,"desyncsInARow":0,"maxDesyncsInARow":0,"builtParticleCannon":2,"builtNuke":6,"builtSCUD":8,"lastLadderPort":0,"lastLadderHost":""}}!
[DEBUG] 

[DEBUG] [2026-10-07 23:09:31] [0x1709392e0|https://api.playgenerals.online/env/prod/contract/1/PlayerStats/122782|Verb 0] Transfer is complete: 1979 bytes total! Curl result is 0
[DEBUG] 

[DEBUG] [2026-10-07 23:09:31] [0x1709392e0|https://api.playgenerals.online/env/prod/contract/1/PlayerStats/122782|Verb 0] Response was 200 - {"stats":{"userID":122782,"EloRating":1000,"EloMatches":0,"MonthlyEloRating":1000,"wins":[1,1,9,7,6,6,5,6,7,5,6,11,8,6,0],"losses":[1,1,3,6,5,6,5,3,4,4,4,4,3,3,0],"games":[1,1,11,12,10,14,10,8,11,8,11,16,12,11,0],"duration":[23,12,119,126,101,202,129,105,148,55,112,180,133,138,0],"unitsKilled":[43,37,685,577,960,1335,456,776,522,242,674,931,818,690,0],"unitsLost":[59,71,675,450,830,1394,628,1060,526,245,399,1195,986,894,0],"unitsBuilt":[50,67,329,361,710,537,237,782,352,244,278,817,723,632,0],"buildingsKilled":[5,2,67,58,155,71,31,94,43,35,48,78,88,57,0],"buildingsLost":[5,8,40,59,90,124,78,134,59,31,59,104,66,54,0],"buildingsBuilt":[16,18,137,167,170,257,157,215,151,94,153,219,176,168,0],"earnings":[44790,34205,386441,266608,701413,2000768672,433367,682272,451792,169917,1200343219,1200623650,1400470224,2000285779,0],"techCaptured":[50,25,170,94,115,251,99,106,63,88,64,155,173,41,0],"discons":[0,0,0,0,0,0,0,0,0,0,0,0,0,0,0],"desyncs":[0,0,0,0,0,0,0,0,0,0,0,0,0,0,0],"surrenders":[1,1,1,1,2,4,1,1,3,1,1,0,0,0,0],"gamesOf2p":[1,0,0,0,0,0,0,0,0,0,0,0,0,0,0],"gamesOf3p":[0,0,0,0,0,0,0,0,0,0,0,0,0,0,0],"gamesOf4p":[1,1,8,9,10,9,9,6,11,6,10,14,10,10,0],"gamesOf5p":[1,1,1,0,0,0,0,0,0,0,0,0,0,0,0],"gamesOf6p":[1,1,2,2,1,4,2,2,1,0,0,0,0,0,0],"gamesOf7p":[0,0,0,0,0,0,0,0,0,0,0,0,0,0,0],"gamesOf8p":[1,1,0,0,0,0,0,0,0,0,0,0,0,0,0],"customGames":[0,0,0,0,0,0,0,0,0,0,0,0,0,0,0],"QMGames":[0,0,0,0,0,0,0,0,0,0,0,0,0,0,0],"customGamesPerGeneral":[1,0,0,0,0,0,0,0,0,0,0,0,0,0,0],"quickMatchesPerGeneral":[0,0,0,0,0,0,0,0,0,0,0,0,0,0,0],"locale":0,"gamesAsRandom":134,"options":"","systemSpec":"","lastFPS":0,"lastGeneral":13,"gamesInRowWithLastGeneral":1,"challengeMedals":0,"battleHonors":4374914,"QMwinsInARow":0,"maxQMwinsInARow":0,"winsInARow":3,"maxWinsInARow":8,"lossesInARow":0,"maxLossesInARow":5,"disconsInARow":0,"maxDisconsInARow":0,"desyncsInARow":0,"maxDesyncsInARow":0,"builtParticleCannon":2,"builtNuke":6,"builtSCUD":8,"lastLadderPort":0,"lastLadderHost":""}}!
[DEBUG] 

[DEBUG] [2026-10-07 23:09:31] [0x1708bfae0|https://api.playgenerals.online/env/prod/contract/1/PlayerStats/122782|Verb 0] Transfer is complete: 1979 bytes total! Curl result is 0
[DEBUG] 

[DEBUG] [2026-10-07 23:09:31] [0x1708bfae0|https://api.playgenerals.online/env/prod/contract/1/PlayerStats/122782|Verb 0] Response was 200 - {"stats":{"userID":122782,"EloRating":1000,"EloMatches":0,"MonthlyEloRating":1000,"wins":[1,1,9,7,6,6,5,6,7,5,6,11,8,6,0],"losses":[1,1,3,6,5,6,5,3,4,4,4,4,3,3,0],"games":[1,1,11,12,10,14,10,8,11,8,11,16,12,11,0],"duration":[23,12,119,126,101,202,129,105,148,55,112,180,133,138,0],"unitsKilled":[43,37,685,577,960,1335,456,776,522,242,674,931,818,690,0],"unitsLost":[59,71,675,450,830,1394,628,1060,526,245,399,1195,986,894,0],"unitsBuilt":[50,67,329,361,710,537,237,782,352,244,278,817,723,632,0],"buildingsKilled":[5,2,67,58,155,71,31,94,43,35,48,78,88,57,0],"buildingsLost":[5,8,40,59,90,124,78,134,59,31,59,104,66,54,0],"buildingsBuilt":[16,18,137,167,170,257,157,215,151,94,153,219,176,168,0],"earnings":[44790,34205,386441,266608,701413,2000768672,433367,682272,451792,169917,1200343219,1200623650,1400470224,2000285779,0],"techCaptured":[50,25,170,94,115,251,99,106,63,88,64,155,173,41,0],"discons":[0,0,0,0,0,0,0,0,0,0,0,0,0,0,0],"desyncs":[0,0,0,0,0,0,0,0,0,0,0,0,0,0,0],"surrenders":[1,1,1,1,2,4,1,1,3,1,1,0,0,0,0],"gamesOf2p":[1,0,0,0,0,0,0,0,0,0,0,0,0,0,0],"gamesOf3p":[0,0,0,0,0,0,0,0,0,0,0,0,0,0,0],"gamesOf4p":[1,1,8,9,10,9,9,6,11,6,10,14,10,10,0],"gamesOf5p":[1,1,1,0,0,0,0,0,0,0,0,0,0,0,0],"gamesOf6p":[1,1,2,2,1,4,2,2,1,0,0,0,0,0,0],"gamesOf7p":[0,0,0,0,0,0,0,0,0,0,0,0,0,0,0],"gamesOf8p":[1,1,0,0,0,0,0,0,0,0,0,0,0,0,0],"customGames":[0,0,0,0,0,0,0,0,0,0,0,0,0,0,0],"QMGames":[0,0,0,0,0,0,0,0,0,0,0,0,0,0,0],"customGamesPerGeneral":[1,0,0,0,0,0,0,0,0,0,0,0,0,0,0],"quickMatchesPerGeneral":[0,0,0,0,0,0,0,0,0,0,0,0,0,0,0],"locale":0,"gamesAsRandom":134,"options":"","systemSpec":"","lastFPS":0,"lastGeneral":13,"gamesInRowWithLastGeneral":1,"challengeMedals":0,"battleHonors":4374914,"QMwinsInARow":0,"maxQMwinsInARow":0,"winsInARow":3,"maxWinsInARow":8,"lossesInARow":0,"maxLossesInARow":5,"disconsInARow":0,"maxDisconsInARow":0,"desyncsInARow":0,"maxDesyncsInARow":0,"builtParticleCannon":2,"builtNuke":6,"builtSCUD":8,"lastLadderPort":0,"lastLadderHost":""}}!
[DEBUG] 

[DEBUG] [2026-10-07 23:09:31] [0x1708fee40|https://api.playgenerals.online/env/prod/contract/1/PlayerStats/122782|Verb 0] Transfer is complete: 1979 bytes total! Curl result is 0
[DEBUG] 

[DEBUG] [2026-10-07 23:09:31] [0x1708fee40|https://api.playgenerals.online/env/prod/contract/1/PlayerStats/122782|Verb 0] Response was 200 - {"stats":{"userID":122782,"EloRating":1000,"EloMatches":0,"MonthlyEloRating":1000,"wins":[1,1,9,7,6,6,5,6,7,5,6,11,8,6,0],"losses":[1,1,3,6,5,6,5,3,4,4,4,4,3,3,0],"games":[1,1,11,12,10,14,10,8,11,8,11,16,12,11,0],"duration":[23,12,119,126,101,202,129,105,148,55,112,180,133,138,0],"unitsKilled":[43,37,685,577,960,1335,456,776,522,242,674,931,818,690,0],"unitsLost":[59,71,675,450,830,1394,628,1060,526,245,399,1195,986,894,0],"unitsBuilt":[50,67,329,361,710,537,237,782,352,244,278,817,723,632,0],"buildingsKilled":[5,2,67,58,155,71,31,94,43,35,48,78,88,57,0],"buildingsLost":[5,8,40,59,90,124,78,134,59,31,59,104,66,54,0],"buildingsBuilt":[16,18,137,167,170,257,157,215,151,94,153,219,176,168,0],"earnings":[44790,34205,386441,266608,701413,2000768672,433367,682272,451792,169917,1200343219,1200623650,1400470224,2000285779,0],"techCaptured":[50,25,170,94,115,251,99,106,63,88,64,155,173,41,0],"discons":[0,0,0,0,0,0,0,0,0,0,0,0,0,0,0],"desyncs":[0,0,0,0,0,0,0,0,0,0,0,0,0,0,0],"surrenders":[1,1,1,1,2,4,1,1,3,1,1,0,0,0,0],"gamesOf2p":[1,0,0,0,0,0,0,0,0,0,0,0,0,0,0],"gamesOf3p":[0,0,0,0,0,0,0,0,0,0,0,0,0,0,0],"gamesOf4p":[1,1,8,9,10,9,9,6,11,6,10,14,10,10,0],"gamesOf5p":[1,1,1,0,0,0,0,0,0,0,0,0,0,0,0],"gamesOf6p":[1,1,2,2,1,4,2,2,1,0,0,0,0,0,0],"gamesOf7p":[0,0,0,0,0,0,0,0,0,0,0,0,0,0,0],"gamesOf8p":[1,1,0,0,0,0,0,0,0,0,0,0,0,0,0],"customGames":[0,0,0,0,0,0,0,0,0,0,0,0,0,0,0],"QMGames":[0,0,0,0,0,0,0,0,0,0,0,0,0,0,0],"customGamesPerGeneral":[1,0,0,0,0,0,0,0,0,0,0,0,0,0,0],"quickMatchesPerGeneral":[0,0,0,0,0,0,0,0,0,0,0,0,0,0,0],"locale":0,"gamesAsRandom":134,"options":"","systemSpec":"","lastFPS":0,"lastGeneral":13,"gamesInRowWithLastGeneral":1,"challengeMedals":0,"battleHonors":4374914,"QMwinsInARow":0,"maxQMwinsInARow":0,"winsInARow":3,"maxWinsInARow":8,"lossesInARow":0,"maxLossesInARow":5,"disconsInARow":0,"maxDisconsInARow":0,"desyncsInARow":0,"maxDesyncsInARow":0,"builtParticleCannon":2,"builtNuke":6,"builtSCUD":8,"lastLadderPort":0,"lastLadderHost":""}}!
[DEBUG] 

[DEBUG] [2026-10-07 23:09:31] [0x1709391c0|https://api.playgenerals.online/env/prod/contract/1/PlayerStats/122782|Verb 0] Transfer is complete: 1979 bytes total! Curl result is 0
[DEBUG] 

[DEBUG] [2026-10-07 23:09:31] [0x1709391c0|https://api.playgenerals.online/env/prod/contract/1/PlayerStats/122782|Verb 0] Response was 200 - {"stats":{"userID":122782,"EloRating":1000,"EloMatches":0,"MonthlyEloRating":1000,"wins":[1,1,9,7,6,6,5,6,7,5,6,11,8,6,0],"losses":[1,1,3,6,5,6,5,3,4,4,4,4,3,3,0],"games":[1,1,11,12,10,14,10,8,11,8,11,16,12,11,0],"duration":[23,12,119,126,101,202,129,105,148,55,112,180,133,138,0],"unitsKilled":[43,37,685,577,960,1335,456,776,522,242,674,931,818,690,0],"unitsLost":[59,71,675,450,830,1394,628,1060,526,245,399,1195,986,894,0],"unitsBuilt":[50,67,329,361,710,537,237,782,352,244,278,817,723,632,0],"buildingsKilled":[5,2,67,58,155,71,31,94,43,35,48,78,88,57,0],"buildingsLost":[5,8,40,59,90,124,78,134,59,31,59,104,66,54,0],"buildingsBuilt":[16,18,137,167,170,257,157,215,151,94,153,219,176,168,0],"earnings":[44790,34205,386441,266608,701413,2000768672,433367,682272,451792,169917,1200343219,1200623650,1400470224,2000285779,0],"techCaptured":[50,25,170,94,115,251,99,106,63,88,64,155,173,41,0],"discons":[0,0,0,0,0,0,0,0,0,0,0,0,0,0,0],"desyncs":[0,0,0,0,0,0,0,0,0,0,0,0,0,0,0],"surrenders":[1,1,1,1,2,4,1,1,3,1,1,0,0,0,0],"gamesOf2p":[1,0,0,0,0,0,0,0,0,0,0,0,0,0,0],"gamesOf3p":[0,0,0,0,0,0,0,0,0,0,0,0,0,0,0],"gamesOf4p":[1,1,8,9,10,9,9,6,11,6,10,14,10,10,0],"gamesOf5p":[1,1,1,0,0,0,0,0,0,0,0,0,0,0,0],"gamesOf6p":[1,1,2,2,1,4,2,2,1,0,0,0,0,0,0],"gamesOf7p":[0,0,0,0,0,0,0,0,0,0,0,0,0,0,0],"gamesOf8p":[1,1,0,0,0,0,0,0,0,0,0,0,0,0,0],"customGames":[0,0,0,0,0,0,0,0,0,0,0,0,0,0,0],"QMGames":[0,0,0,0,0,0,0,0,0,0,0,0,0,0,0],"customGamesPerGeneral":[1,0,0,0,0,0,0,0,0,0,0,0,0,0,0],"quickMatchesPerGeneral":[0,0,0,0,0,0,0,0,0,0,0,0,0,0,0],"locale":0,"gamesAsRandom":134,"options":"","systemSpec":"","lastFPS":0,"lastGeneral":13,"gamesInRowWithLastGeneral":1,"challengeMedals":0,"battleHonors":4374914,"QMwinsInARow":0,"maxQMwinsInARow":0,"winsInARow":3,"maxWinsInARow":8,"lossesInARow":0,"maxLossesInARow":5,"disconsInARow":0,"maxDisconsInARow":0,"desyncsInARow":0,"maxDesyncsInARow":0,"builtParticleCannon":2,"builtNuke":6,"builtSCUD":8,"lastLadderPort":0,"lastLadderHost":""}}!
[DEBUG] 

[DEBUG] [2026-10-07 23:09:31] [0x1708dc700|https://api.playgenerals.online/env/prod/contract/1/PlayerStats/122782|Verb 0] Transfer is complete: 1979 bytes total! Curl result is 0
[DEBUG] 

[DEBUG] [2026-10-07 23:09:31] [0x1708dc700|https://api.playgenerals.online/env/prod/contract/1/PlayerStats/122782|Verb 0] Response was 200 - {"stats":{"userID":122782,"EloRating":1000,"EloMatches":0,"MonthlyEloRating":1000,"wins":[1,1,9,7,6,6,5,6,7,5,6,11,8,6,0],"losses":[1,1,3,6,5,6,5,3,4,4,4,4,3,3,0],"games":[1,1,11,12,10,14,10,8,11,8,11,16,12,11,0],"duration":[23,12,119,126,101,202,129,105,148,55,112,180,133,138,0],"unitsKilled":[43,37,685,577,960,1335,456,776,522,242,674,931,818,690,0],"unitsLost":[59,71,675,450,830,1394,628,1060,526,245,399,1195,986,894,0],"unitsBuilt":[50,67,329,361,710,537,237,782,352,244,278,817,723,632,0],"buildingsKilled":[5,2,67,58,155,71,31,94,43,35,48,78,88,57,0],"buildingsLost":[5,8,40,59,90,124,78,134,59,31,59,104,66,54,0],"buildingsBuilt":[16,18,137,167,170,257,157,215,151,94,153,219,176,168,0],"earnings":[44790,34205,386441,266608,701413,2000768672,433367,682272,451792,169917,1200343219,1200623650,1400470224,2000285779,0],"techCaptured":[50,25,170,94,115,251,99,106,63,88,64,155,173,41,0],"discons":[0,0,0,0,0,0,0,0,0,0,0,0,0,0,0],"desyncs":[0,0,0,0,0,0,0,0,0,0,0,0,0,0,0],"surrenders":[1,1,1,1,2,4,1,1,3,1,1,0,0,0,0],"gamesOf2p":[1,0,0,0,0,0,0,0,0,0,0,0,0,0,0],"gamesOf3p":[0,0,0,0,0,0,0,0,0,0,0,0,0,0,0],"gamesOf4p":[1,1,8,9,10,9,9,6,11,6,10,14,10,10,0],"gamesOf5p":[1,1,1,0,0,0,0,0,0,0,0,0,0,0,0],"gamesOf6p":[1,1,2,2,1,4,2,2,1,0,0,0,0,0,0],"gamesOf7p":[0,0,0,0,0,0,0,0,0,0,0,0,0,0,0],"gamesOf8p":[1,1,0,0,0,0,0,0,0,0,0,0,0,0,0],"customGames":[0,0,0,0,0,0,0,0,0,0,0,0,0,0,0],"QMGames":[0,0,0,0,0,0,0,0,0,0,0,0,0,0,0],"customGamesPerGeneral":[1,0,0,0,0,0,0,0,0,0,0,0,0,0,0],"quickMatchesPerGeneral":[0,0,0,0,0,0,0,0,0,0,0,0,0,0,0],"locale":0,"gamesAsRandom":134,"options":"","systemSpec":"","lastFPS":0,"lastGeneral":13,"gamesInRowWithLastGeneral":1,"challengeMedals":0,"battleHonors":4374914,"QMwinsInARow":0,"maxQMwinsInARow":0,"winsInARow":3,"maxWinsInARow":8,"lossesInARow":0,"maxLossesInARow":5,"disconsInARow":0,"maxDisconsInARow":0,"desyncsInARow":0,"maxDesyncsInARow":0,"builtParticleCannon":2,"builtNuke":6,"builtSCUD":8,"lastLadderPort":0,"lastLadderHost":""}}!
[DEBUG] 

[DEBUG] [2026-10-07 23:09:31] [0x17093aa80|https://api.playgenerals.online/env/prod/contract/1/PlayerStats/122782|Verb 0] Transfer is complete: 1979 bytes total! Curl result is 0
[DEBUG] 

[DEBUG] [2026-10-07 23:09:31] [0x17093aa80|https://api.playgenerals.online/env/prod/contract/1/PlayerStats/122782|Verb 0] Response was 200 - {"stats":{"userID":122782,"EloRating":1000,"EloMatches":0,"MonthlyEloRating":1000,"wins":[1,1,9,7,6,6,5,6,7,5,6,11,8,6,0],"losses":[1,1,3,6,5,6,5,3,4,4,4,4,3,3,0],"games":[1,1,11,12,10,14,10,8,11,8,11,16,12,11,0],"duration":[23,12,119,126,101,202,129,105,148,55,112,180,133,138,0],"unitsKilled":[43,37,685,577,960,1335,456,776,522,242,674,931,818,690,0],"unitsLost":[59,71,675,450,830,1394,628,1060,526,245,399,1195,986,894,0],"unitsBuilt":[50,67,329,361,710,537,237,782,352,244,278,817,723,632,0],"buildingsKilled":[5,2,67,58,155,71,31,94,43,35,48,78,88,57,0],"buildingsLost":[5,8,40,59,90,124,78,134,59,31,59,104,66,54,0],"buildingsBuilt":[16,18,137,167,170,257,157,215,151,94,153,219,176,168,0],"earnings":[44790,34205,386441,266608,701413,2000768672,433367,682272,451792,169917,1200343219,1200623650,1400470224,2000285779,0],"techCaptured":[50,25,170,94,115,251,99,106,63,88,64,155,173,41,0],"discons":[0,0,0,0,0,0,0,0,0,0,0,0,0,0,0],"desyncs":[0,0,0,0,0,0,0,0,0,0,0,0,0,0,0],"surrenders":[1,1,1,1,2,4,1,1,3,1,1,0,0,0,0],"gamesOf2p":[1,0,0,0,0,0,0,0,0,0,0,0,0,0,0],"gamesOf3p":[0,0,0,0,0,0,0,0,0,0,0,0,0,0,0],"gamesOf4p":[1,1,8,9,10,9,9,6,11,6,10,14,10,10,0],"gamesOf5p":[1,1,1,0,0,0,0,0,0,0,0,0,0,0,0],"gamesOf6p":[1,1,2,2,1,4,2,2,1,0,0,0,0,0,0],"gamesOf7p":[0,0,0,0,0,0,0,0,0,0,0,0,0,0,0],"gamesOf8p":[1,1,0,0,0,0,0,0,0,0,0,0,0,0,0],"customGames":[0,0,0,0,0,0,0,0,0,0,0,0,0,0,0],"QMGames":[0,0,0,0,0,0,0,0,0,0,0,0,0,0,0],"customGamesPerGeneral":[1,0,0,0,0,0,0,0,0,0,0,0,0,0,0],"quickMatchesPerGeneral":[0,0,0,0,0,0,0,0,0,0,0,0,0,0,0],"locale":0,"gamesAsRandom":134,"options":"","systemSpec":"","lastFPS":0,"lastGeneral":13,"gamesInRowWithLastGeneral":1,"challengeMedals":0,"battleHonors":4374914,"QMwinsInARow":0,"maxQMwinsInARow":0,"winsInARow":3,"maxWinsInARow":8,"lossesInARow":0,"maxLossesInARow":5,"disconsInARow":0,"maxDisconsInARow":0,"desyncsInARow":0,"maxDesyncsInARow":0,"builtParticleCannon":2,"builtNuke":6,"builtSCUD":8,"lastLadderPort":0,"lastLadderHost":""}}!
[DEBUG] 

[DEBUG] [2026-10-07 23:09:31] [0x1709363a0|https://api.playgenerals.online/env/prod/contract/1/PlayerStats/122782|Verb 0] Transfer is complete: 1979 bytes total! Curl result is 0
[DEBUG] 

[DEBUG] [2026-10-07 23:09:31] [0x1709363a0|https://api.playgenerals.online/env/prod/contract/1/PlayerStats/122782|Verb 0] Response was 200 - {"stats":{"userID":122782,"EloRating":1000,"EloMatches":0,"MonthlyEloRating":1000,"wins":[1,1,9,7,6,6,5,6,7,5,6,11,8,6,0],"losses":[1,1,3,6,5,6,5,3,4,4,4,4,3,3,0],"games":[1,1,11,12,10,14,10,8,11,8,11,16,12,11,0],"duration":[23,12,119,126,101,202,129,105,148,55,112,180,133,138,0],"unitsKilled":[43,37,685,577,960,1335,456,776,522,242,674,931,818,690,0],"unitsLost":[59,71,675,450,830,1394,628,1060,526,245,399,1195,986,894,0],"unitsBuilt":[50,67,329,361,710,537,237,782,352,244,278,817,723,632,0],"buildingsKilled":[5,2,67,58,155,71,31,94,43,35,48,78,88,57,0],"buildingsLost":[5,8,40,59,90,124,78,134,59,31,59,104,66,54,0],"buildingsBuilt":[16,18,137,167,170,257,157,215,151,94,153,219,176,168,0],"earnings":[44790,34205,386441,266608,701413,2000768672,433367,682272,451792,169917,1200343219,1200623650,1400470224,2000285779,0],"techCaptured":[50,25,170,94,115,251,99,106,63,88,64,155,173,41,0],"discons":[0,0,0,0,0,0,0,0,0,0,0,0,0,0,0],"desyncs":[0,0,0,0,0,0,0,0,0,0,0,0,0,0,0],"surrenders":[1,1,1,1,2,4,1,1,3,1,1,0,0,0,0],"gamesOf2p":[1,0,0,0,0,0,0,0,0,0,0,0,0,0,0],"gamesOf3p":[0,0,0,0,0,0,0,0,0,0,0,0,0,0,0],"gamesOf4p":[1,1,8,9,10,9,9,6,11,6,10,14,10,10,0],"gamesOf5p":[1,1,1,0,0,0,0,0,0,0,0,0,0,0,0],"gamesOf6p":[1,1,2,2,1,4,2,2,1,0,0,0,0,0,0],"gamesOf7p":[0,0,0,0,0,0,0,0,0,0,0,0,0,0,0],"gamesOf8p":[1,1,0,0,0,0,0,0,0,0,0,0,0,0,0],"customGames":[0,0,0,0,0,0,0,0,0,0,0,0,0,0,0],"QMGames":[0,0,0,0,0,0,0,0,0,0,0,0,0,0,0],"customGamesPerGeneral":[1,0,0,0,0,0,0,0,0,0,0,0,0,0,0],"quickMatchesPerGeneral":[0,0,0,0,0,0,0,0,0,0,0,0,0,0,0],"locale":0,"gamesAsRandom":134,"options":"","systemSpec":"","lastFPS":0,"lastGeneral":13,"gamesInRowWithLastGeneral":1,"challengeMedals":0,"battleHonors":4374914,"QMwinsInARow":0,"maxQMwinsInARow":0,"winsInARow":3,"maxWinsInARow":8,"lossesInARow":0,"maxLossesInARow":5,"disconsInARow":0,"maxDisconsInARow":0,"desyncsInARow":0,"maxDesyncsInARow":0,"builtParticleCannon":2,"builtNuke":6,"builtSCUD":8,"lastLadderPort":0,"lastLadderHost":""}}!
[DEBUG] 

[DEBUG] [2026-10-07 23:09:31] [0x1709388c0|https://api.playgenerals.online/env/prod/contract/1/PlayerStats/122782|Verb 0] Transfer is complete: 1979 bytes total! Curl result is 0
[DEBUG] 

[DEBUG] [2026-10-07 23:09:31] [0x1709388c0|https://api.playgenerals.online/env/prod/contract/1/PlayerStats/122782|Verb 0] Response was 200 - {"stats":{"userID":122782,"EloRating":1000,"EloMatches":0,"MonthlyEloRating":1000,"wins":[1,1,9,7,6,6,5,6,7,5,6,11,8,6,0],"losses":[1,1,3,6,5,6,5,3,4,4,4,4,3,3,0],"games":[1,1,11,12,10,14,10,8,11,8,11,16,12,11,0],"duration":[23,12,119,126,101,202,129,105,148,55,112,180,133,138,0],"unitsKilled":[43,37,685,577,960,1335,456,776,522,242,674,931,818,690,0],"unitsLost":[59,71,675,450,830,1394,628,1060,526,245,399,1195,986,894,0],"unitsBuilt":[50,67,329,361,710,537,237,782,352,244,278,817,723,632,0],"buildingsKilled":[5,2,67,58,155,71,31,94,43,35,48,78,88,57,0],"buildingsLost":[5,8,40,59,90,124,78,134,59,31,59,104,66,54,0],"buildingsBuilt":[16,18,137,167,170,257,157,215,151,94,153,219,176,168,0],"earnings":[44790,34205,386441,266608,701413,2000768672,433367,682272,451792,169917,1200343219,1200623650,1400470224,2000285779,0],"techCaptured":[50,25,170,94,115,251,99,106,63,88,64,155,173,41,0],"discons":[0,0,0,0,0,0,0,0,0,0,0,0,0,0,0],"desyncs":[0,0,0,0,0,0,0,0,0,0,0,0,0,0,0],"surrenders":[1,1,1,1,2,4,1,1,3,1,1,0,0,0,0],"gamesOf2p":[1,0,0,0,0,0,0,0,0,0,0,0,0,0,0],"gamesOf3p":[0,0,0,0,0,0,0,0,0,0,0,0,0,0,0],"gamesOf4p":[1,1,8,9,10,9,9,6,11,6,10,14,10,10,0],"gamesOf5p":[1,1,1,0,0,0,0,0,0,0,0,0,0,0,0],"gamesOf6p":[1,1,2,2,1,4,2,2,1,0,0,0,0,0,0],"gamesOf7p":[0,0,0,0,0,0,0,0,0,0,0,0,0,0,0],"gamesOf8p":[1,1,0,0,0,0,0,0,0,0,0,0,0,0,0],"customGames":[0,0,0,0,0,0,0,0,0,0,0,0,0,0,0],"QMGames":[0,0,0,0,0,0,0,0,0,0,0,0,0,0,0],"customGamesPerGeneral":[1,0,0,0,0,0,0,0,0,0,0,0,0,0,0],"quickMatchesPerGeneral":[0,0,0,0,0,0,0,0,0,0,0,0,0,0,0],"locale":0,"gamesAsRandom":134,"options":"","systemSpec":"","lastFPS":0,"lastGeneral":13,"gamesInRowWithLastGeneral":1,"challengeMedals":0,"battleHonors":4374914,"QMwinsInARow":0,"maxQMwinsInARow":0,"winsInARow":3,"maxWinsInARow":8,"lossesInARow":0,"maxLossesInARow":5,"disconsInARow":0,"maxDisconsInARow":0,"desyncsInARow":0,"maxDesyncsInARow":0,"builtParticleCannon":2,"builtNuke":6,"builtSCUD":8,"lastLadderPort":0,"lastLadderHost":""}}!
[DEBUG] 

[DEBUG] [2026-10-07 23:09:31] [0x17093a720|https://api.playgenerals.online/env/prod/contract/1/PlayerStats/122782|Verb 0] Transfer is complete: 1979 bytes total! Curl result is 0
[DEBUG] 

[DEBUG] [2026-10-07 23:09:31] [0x17093a720|https://api.playgenerals.online/env/prod/contract/1/PlayerStats/122782|Verb 0] Response was 200 - {"stats":{"userID":122782,"EloRating":1000,"EloMatches":0,"MonthlyEloRating":1000,"wins":[1,1,9,7,6,6,5,6,7,5,6,11,8,6,0],"losses":[1,1,3,6,5,6,5,3,4,4,4,4,3,3,0],"games":[1,1,11,12,10,14,10,8,11,8,11,16,12,11,0],"duration":[23,12,119,126,101,202,129,105,148,55,112,180,133,138,0],"unitsKilled":[43,37,685,577,960,1335,456,776,522,242,674,931,818,690,0],"unitsLost":[59,71,675,450,830,1394,628,1060,526,245,399,1195,986,894,0],"unitsBuilt":[50,67,329,361,710,537,237,782,352,244,278,817,723,632,0],"buildingsKilled":[5,2,67,58,155,71,31,94,43,35,48,78,88,57,0],"buildingsLost":[5,8,40,59,90,124,78,134,59,31,59,104,66,54,0],"buildingsBuilt":[16,18,137,167,170,257,157,215,151,94,153,219,176,168,0],"earnings":[44790,34205,386441,266608,701413,2000768672,433367,682272,451792,169917,1200343219,1200623650,1400470224,2000285779,0],"techCaptured":[50,25,170,94,115,251,99,106,63,88,64,155,173,41,0],"discons":[0,0,0,0,0,0,0,0,0,0,0,0,0,0,0],"desyncs":[0,0,0,0,0,0,0,0,0,0,0,0,0,0,0],"surrenders":[1,1,1,1,2,4,1,1,3,1,1,0,0,0,0],"gamesOf2p":[1,0,0,0,0,0,0,0,0,0,0,0,0,0,0],"gamesOf3p":[0,0,0,0,0,0,0,0,0,0,0,0,0,0,0],"gamesOf4p":[1,1,8,9,10,9,9,6,11,6,10,14,10,10,0],"gamesOf5p":[1,1,1,0,0,0,0,0,0,0,0,0,0,0,0],"gamesOf6p":[1,1,2,2,1,4,2,2,1,0,0,0,0,0,0],"gamesOf7p":[0,0,0,0,0,0,0,0,0,0,0,0,0,0,0],"gamesOf8p":[1,1,0,0,0,0,0,0,0,0,0,0,0,0,0],"customGames":[0,0,0,0,0,0,0,0,0,0,0,0,0,0,0],"QMGames":[0,0,0,0,0,0,0,0,0,0,0,0,0,0,0],"customGamesPerGeneral":[1,0,0,0,0,0,0,0,0,0,0,0,0,0,0],"quickMatchesPerGeneral":[0,0,0,0,0,0,0,0,0,0,0,0,0,0,0],"locale":0,"gamesAsRandom":134,"options":"","systemSpec":"","lastFPS":0,"lastGeneral":13,"gamesInRowWithLastGeneral":1,"challengeMedals":0,"battleHonors":4374914,"QMwinsInARow":0,"maxQMwinsInARow":0,"winsInARow":3,"maxWinsInARow":8,"lossesInARow":0,"maxLossesInARow":5,"disconsInARow":0,"maxDisconsInARow":0,"desyncsInARow":0,"maxDesyncsInARow":0,"builtParticleCannon":2,"builtNuke":6,"builtSCUD":8,"lastLadderPort":0,"lastLadderHost":""}}!
[DEBUG] 

[DEBUG] [2026-10-07 23:09:31] [0x1708d1e40|https://api.playgenerals.online/env/prod/contract/1/PlayerStats/122782|Verb 0] Transfer is complete: 1979 bytes total! Curl result is 0
[DEBUG] 

[DEBUG] [2026-10-07 23:09:31] [0x1708d1e40|https://api.playgenerals.online/env/prod/contract/1/PlayerStats/122782|Verb 0] Response was 200 - {"stats":{"userID":122782,"EloRating":1000,"EloMatches":0,"MonthlyEloRating":1000,"wins":[1,1,9,7,6,6,5,6,7,5,6,11,8,6,0],"losses":[1,1,3,6,5,6,5,3,4,4,4,4,3,3,0],"games":[1,1,11,12,10,14,10,8,11,8,11,16,12,11,0],"duration":[23,12,119,126,101,202,129,105,148,55,112,180,133,138,0],"unitsKilled":[43,37,685,577,960,1335,456,776,522,242,674,931,818,690,0],"unitsLost":[59,71,675,450,830,1394,628,1060,526,245,399,1195,986,894,0],"unitsBuilt":[50,67,329,361,710,537,237,782,352,244,278,817,723,632,0],"buildingsKilled":[5,2,67,58,155,71,31,94,43,35,48,78,88,57,0],"buildingsLost":[5,8,40,59,90,124,78,134,59,31,59,104,66,54,0],"buildingsBuilt":[16,18,137,167,170,257,157,215,151,94,153,219,176,168,0],"earnings":[44790,34205,386441,266608,701413,2000768672,433367,682272,451792,169917,1200343219,1200623650,1400470224,2000285779,0],"techCaptured":[50,25,170,94,115,251,99,106,63,88,64,155,173,41,0],"discons":[0,0,0,0,0,0,0,0,0,0,0,0,0,0,0],"desyncs":[0,0,0,0,0,0,0,0,0,0,0,0,0,0,0],"surrenders":[1,1,1,1,2,4,1,1,3,1,1,0,0,0,0],"gamesOf2p":[1,0,0,0,0,0,0,0,0,0,0,0,0,0,0],"gamesOf3p":[0,0,0,0,0,0,0,0,0,0,0,0,0,0,0],"gamesOf4p":[1,1,8,9,10,9,9,6,11,6,10,14,10,10,0],"gamesOf5p":[1,1,1,0,0,0,0,0,0,0,0,0,0,0,0],"gamesOf6p":[1,1,2,2,1,4,2,2,1,0,0,0,0,0,0],"gamesOf7p":[0,0,0,0,0,0,0,0,0,0,0,0,0,0,0],"gamesOf8p":[1,1,0,0,0,0,0,0,0,0,0,0,0,0,0],"customGames":[0,0,0,0,0,0,0,0,0,0,0,0,0,0,0],"QMGames":[0,0,0,0,0,0,0,0,0,0,0,0,0,0,0],"customGamesPerGeneral":[1,0,0,0,0,0,0,0,0,0,0,0,0,0,0],"quickMatchesPerGeneral":[0,0,0,0,0,0,0,0,0,0,0,0,0,0,0],"locale":0,"gamesAsRandom":134,"options":"","systemSpec":"","lastFPS":0,"lastGeneral":13,"gamesInRowWithLastGeneral":1,"challengeMedals":0,"battleHonors":4374914,"QMwinsInARow":0,"maxQMwinsInARow":0,"winsInARow":3,"maxWinsInARow":8,"lossesInARow":0,"maxLossesInARow":5,"disconsInARow":0,"maxDisconsInARow":0,"desyncsInARow":0,"maxDesyncsInARow":0,"builtParticleCannon":2,"builtNuke":6,"builtSCUD":8,"lastLadderPort":0,"lastLadderHost":""}}!
[DEBUG] 

[DEBUG] [2026-10-07 23:09:31] [0x1708c1dc0|https://api.playgenerals.online/env/prod/contract/1/PlayerStats/122782|Verb 0] Transfer is complete: 1979 bytes total! Curl result is 0
[DEBUG] 

[DEBUG] [2026-10-07 23:09:31] [0x1708c1dc0|https://api.playgenerals.online/env/prod/contract/1/PlayerStats/122782|Verb 0] Response was 200 - {"stats":{"userID":122782,"EloRating":1000,"EloMatches":0,"MonthlyEloRating":1000,"wins":[1,1,9,7,6,6,5,6,7,5,6,11,8,6,0],"losses":[1,1,3,6,5,6,5,3,4,4,4,4,3,3,0],"games":[1,1,11,12,10,14,10,8,11,8,11,16,12,11,0],"duration":[23,12,119,126,101,202,129,105,148,55,112,180,133,138,0],"unitsKilled":[43,37,685,577,960,1335,456,776,522,242,674,931,818,690,0],"unitsLost":[59,71,675,450,830,1394,628,1060,526,245,399,1195,986,894,0],"unitsBuilt":[50,67,329,361,710,537,237,782,352,244,278,817,723,632,0],"buildingsKilled":[5,2,67,58,155,71,31,94,43,35,48,78,88,57,0],"buildingsLost":[5,8,40,59,90,124,78,134,59,31,59,104,66,54,0],"buildingsBuilt":[16,18,137,167,170,257,157,215,151,94,153,219,176,168,0],"earnings":[44790,34205,386441,266608,701413,2000768672,433367,682272,451792,169917,1200343219,1200623650,1400470224,2000285779,0],"techCaptured":[50,25,170,94,115,251,99,106,63,88,64,155,173,41,0],"discons":[0,0,0,0,0,0,0,0,0,0,0,0,0,0,0],"desyncs":[0,0,0,0,0,0,0,0,0,0,0,0,0,0,0],"surrenders":[1,1,1,1,2,4,1,1,3,1,1,0,0,0,0],"gamesOf2p":[1,0,0,0,0,0,0,0,0,0,0,0,0,0,0],"gamesOf3p":[0,0,0,0,0,0,0,0,0,0,0,0,0,0,0],"gamesOf4p":[1,1,8,9,10,9,9,6,11,6,10,14,10,10,0],"gamesOf5p":[1,1,1,0,0,0,0,0,0,0,0,0,0,0,0],"gamesOf6p":[1,1,2,2,1,4,2,2,1,0,0,0,0,0,0],"gamesOf7p":[0,0,0,0,0,0,0,0,0,0,0,0,0,0,0],"gamesOf8p":[1,1,0,0,0,0,0,0,0,0,0,0,0,0,0],"customGames":[0,0,0,0,0,0,0,0,0,0,0,0,0,0,0],"QMGames":[0,0,0,0,0,0,0,0,0,0,0,0,0,0,0],"customGamesPerGeneral":[1,0,0,0,0,0,0,0,0,0,0,0,0,0,0],"quickMatchesPerGeneral":[0,0,0,0,0,0,0,0,0,0,0,0,0,0,0],"locale":0,"gamesAsRandom":134,"options":"","systemSpec":"","lastFPS":0,"lastGeneral":13,"gamesInRowWithLastGeneral":1,"challengeMedals":0,"battleHonors":4374914,"QMwinsInARow":0,"maxQMwinsInARow":0,"winsInARow":3,"maxWinsInARow":8,"lossesInARow":0,"maxLossesInARow":5,"disconsInARow":0,"maxDisconsInARow":0,"desyncsInARow":0,"maxDesyncsInARow":0,"builtParticleCannon":2,"builtNuke":6,"builtSCUD":8,"lastLadderPort":0,"lastLadderHost":""}}!
[DEBUG] 

[DEBUG] [2026-10-07 23:09:31] [0x17093a600|https://api.playgenerals.online/env/prod/contract/1/PlayerStats/122782|Verb 0] Transfer is complete: 1979 bytes total! Curl result is 0
[DEBUG] 

[DEBUG] [2026-10-07 23:09:31] [0x17093a600|https://api.playgenerals.online/env/prod/contract/1/PlayerStats/122782|Verb 0] Response was 200 - {"stats":{"userID":122782,"EloRating":1000,"EloMatches":0,"MonthlyEloRating":1000,"wins":[1,1,9,7,6,6,5,6,7,5,6,11,8,6,0],"losses":[1,1,3,6,5,6,5,3,4,4,4,4,3,3,0],"games":[1,1,11,12,10,14,10,8,11,8,11,16,12,11,0],"duration":[23,12,119,126,101,202,129,105,148,55,112,180,133,138,0],"unitsKilled":[43,37,685,577,960,1335,456,776,522,242,674,931,818,690,0],"unitsLost":[59,71,675,450,830,1394,628,1060,526,245,399,1195,986,894,0],"unitsBuilt":[50,67,329,361,710,537,237,782,352,244,278,817,723,632,0],"buildingsKilled":[5,2,67,58,155,71,31,94,43,35,48,78,88,57,0],"buildingsLost":[5,8,40,59,90,124,78,134,59,31,59,104,66,54,0],"buildingsBuilt":[16,18,137,167,170,257,157,215,151,94,153,219,176,168,0],"earnings":[44790,34205,386441,266608,701413,2000768672,433367,682272,451792,169917,1200343219,1200623650,1400470224,2000285779,0],"techCaptured":[50,25,170,94,115,251,99,106,63,88,64,155,173,41,0],"discons":[0,0,0,0,0,0,0,0,0,0,0,0,0,0,0],"desyncs":[0,0,0,0,0,0,0,0,0,0,0,0,0,0,0],"surrenders":[1,1,1,1,2,4,1,1,3,1,1,0,0,0,0],"gamesOf2p":[1,0,0,0,0,0,0,0,0,0,0,0,0,0,0],"gamesOf3p":[0,0,0,0,0,0,0,0,0,0,0,0,0,0,0],"gamesOf4p":[1,1,8,9,10,9,9,6,11,6,10,14,10,10,0],"gamesOf5p":[1,1,1,0,0,0,0,0,0,0,0,0,0,0,0],"gamesOf6p":[1,1,2,2,1,4,2,2,1,0,0,0,0,0,0],"gamesOf7p":[0,0,0,0,0,0,0,0,0,0,0,0,0,0,0],"gamesOf8p":[1,1,0,0,0,0,0,0,0,0,0,0,0,0,0],"customGames":[0,0,0,0,0,0,0,0,0,0,0,0,0,0,0],"QMGames":[0,0,0,0,0,0,0,0,0,0,0,0,0,0,0],"customGamesPerGeneral":[1,0,0,0,0,0,0,0,0,0,0,0,0,0,0],"quickMatchesPerGeneral":[0,0,0,0,0,0,0,0,0,0,0,0,0,0,0],"locale":0,"gamesAsRandom":134,"options":"","systemSpec":"","lastFPS":0,"lastGeneral":13,"gamesInRowWithLastGeneral":1,"challengeMedals":0,"battleHonors":4374914,"QMwinsInARow":0,"maxQMwinsInARow":0,"winsInARow":3,"maxWinsInARow":8,"lossesInARow":0,"maxLossesInARow":5,"disconsInARow":0,"maxDisconsInARow":0,"desyncsInARow":0,"maxDesyncsInARow":0,"builtParticleCannon":2,"builtNuke":6,"builtSCUD":8,"lastLadderPort":0,"lastLadderHost":""}}!
[DEBUG] 

[DEBUG] [2026-10-07 23:09:31] [0x170901a20|https://api.playgenerals.online/env/prod/contract/1/PlayerStats/122782|Verb 0] Transfer is complete: 1979 bytes total! Curl result is 0
[DEBUG] 

[DEBUG] [2026-10-07 23:09:31] [0x170901a20|https://api.playgenerals.online/env/prod/contract/1/PlayerStats/122782|Verb 0] Response was 200 - {"stats":{"userID":122782,"EloRating":1000,"EloMatches":0,"MonthlyEloRating":1000,"wins":[1,1,9,7,6,6,5,6,7,5,6,11,8,6,0],"losses":[1,1,3,6,5,6,5,3,4,4,4,4,3,3,0],"games":[1,1,11,12,10,14,10,8,11,8,11,16,12,11,0],"duration":[23,12,119,126,101,202,129,105,148,55,112,180,133,138,0],"unitsKilled":[43,37,685,577,960,1335,456,776,522,242,674,931,818,690,0],"unitsLost":[59,71,675,450,830,1394,628,1060,526,245,399,1195,986,894,0],"unitsBuilt":[50,67,329,361,710,537,237,782,352,244,278,817,723,632,0],"buildingsKilled":[5,2,67,58,155,71,31,94,43,35,48,78,88,57,0],"buildingsLost":[5,8,40,59,90,124,78,134,59,31,59,104,66,54,0],"buildingsBuilt":[16,18,137,167,170,257,157,215,151,94,153,219,176,168,0],"earnings":[44790,34205,386441,266608,701413,2000768672,433367,682272,451792,169917,1200343219,1200623650,1400470224,2000285779,0],"techCaptured":[50,25,170,94,115,251,99,106,63,88,64,155,173,41,0],"discons":[0,0,0,0,0,0,0,0,0,0,0,0,0,0,0],"desyncs":[0,0,0,0,0,0,0,0,0,0,0,0,0,0,0],"surrenders":[1,1,1,1,2,4,1,1,3,1,1,0,0,0,0],"gamesOf2p":[1,0,0,0,0,0,0,0,0,0,0,0,0,0,0],"gamesOf3p":[0,0,0,0,0,0,0,0,0,0,0,0,0,0,0],"gamesOf4p":[1,1,8,9,10,9,9,6,11,6,10,14,10,10,0],"gamesOf5p":[1,1,1,0,0,0,0,0,0,0,0,0,0,0,0],"gamesOf6p":[1,1,2,2,1,4,2,2,1,0,0,0,0,0,0],"gamesOf7p":[0,0,0,0,0,0,0,0,0,0,0,0,0,0,0],"gamesOf8p":[1,1,0,0,0,0,0,0,0,0,0,0,0,0,0],"customGames":[0,0,0,0,0,0,0,0,0,0,0,0,0,0,0],"QMGames":[0,0,0,0,0,0,0,0,0,0,0,0,0,0,0],"customGamesPerGeneral":[1,0,0,0,0,0,0,0,0,0,0,0,0,0,0],"quickMatchesPerGeneral":[0,0,0,0,0,0,0,0,0,0,0,0,0,0,0],"locale":0,"gamesAsRandom":134,"options":"","systemSpec":"","lastFPS":0,"lastGeneral":13,"gamesInRowWithLastGeneral":1,"challengeMedals":0,"battleHonors":4374914,"QMwinsInARow":0,"maxQMwinsInARow":0,"winsInARow":3,"maxWinsInARow":8,"lossesInARow":0,"maxLossesInARow":5,"disconsInARow":0,"maxDisconsInARow":0,"desyncsInARow":0,"maxDesyncsInARow":0,"builtParticleCannon":2,"builtNuke":6,"builtSCUD":8,"lastLadderPort":0,"lastLadderHost":""}}!
[DEBUG] 

[DEBUG] [2026-10-07 23:09:31] [0x170935740|https://api.playgenerals.online/env/prod/contract/1/PlayerStats/122782|Verb 0] Transfer is complete: 1979 bytes total! Curl result is 0
[DEBUG] 

[DEBUG] [2026-10-07 23:09:31] [0x170935740|https://api.playgenerals.online/env/prod/contract/1/PlayerStats/122782|Verb 0] Response was 200 - {"stats":{"userID":122782,"EloRating":1000,"EloMatches":0,"MonthlyEloRating":1000,"wins":[1,1,9,7,6,6,5,6,7,5,6,11,8,6,0],"losses":[1,1,3,6,5,6,5,3,4,4,4,4,3,3,0],"games":[1,1,11,12,10,14,10,8,11,8,11,16,12,11,0],"duration":[23,12,119,126,101,202,129,105,148,55,112,180,133,138,0],"unitsKilled":[43,37,685,577,960,1335,456,776,522,242,674,931,818,690,0],"unitsLost":[59,71,675,450,830,1394,628,1060,526,245,399,1195,986,894,0],"unitsBuilt":[50,67,329,361,710,537,237,782,352,244,278,817,723,632,0],"buildingsKilled":[5,2,67,58,155,71,31,94,43,35,48,78,88,57,0],"buildingsLost":[5,8,40,59,90,124,78,134,59,31,59,104,66,54,0],"buildingsBuilt":[16,18,137,167,170,257,157,215,151,94,153,219,176,168,0],"earnings":[44790,34205,386441,266608,701413,2000768672,433367,682272,451792,169917,1200343219,1200623650,1400470224,2000285779,0],"techCaptured":[50,25,170,94,115,251,99,106,63,88,64,155,173,41,0],"discons":[0,0,0,0,0,0,0,0,0,0,0,0,0,0,0],"desyncs":[0,0,0,0,0,0,0,0,0,0,0,0,0,0,0],"surrenders":[1,1,1,1,2,4,1,1,3,1,1,0,0,0,0],"gamesOf2p":[1,0,0,0,0,0,0,0,0,0,0,0,0,0,0],"gamesOf3p":[0,0,0,0,0,0,0,0,0,0,0,0,0,0,0],"gamesOf4p":[1,1,8,9,10,9,9,6,11,6,10,14,10,10,0],"gamesOf5p":[1,1,1,0,0,0,0,0,0,0,0,0,0,0,0],"gamesOf6p":[1,1,2,2,1,4,2,2,1,0,0,0,0,0,0],"gamesOf7p":[0,0,0,0,0,0,0,0,0,0,0,0,0,0,0],"gamesOf8p":[1,1,0,0,0,0,0,0,0,0,0,0,0,0,0],"customGames":[0,0,0,0,0,0,0,0,0,0,0,0,0,0,0],"QMGames":[0,0,0,0,0,0,0,0,0,0,0,0,0,0,0],"customGamesPerGeneral":[1,0,0,0,0,0,0,0,0,0,0,0,0,0,0],"quickMatchesPerGeneral":[0,0,0,0,0,0,0,0,0,0,0,0,0,0,0],"locale":0,"gamesAsRandom":134,"options":"","systemSpec":"","lastFPS":0,"lastGeneral":13,"gamesInRowWithLastGeneral":1,"challengeMedals":0,"battleHonors":4374914,"QMwinsInARow":0,"maxQMwinsInARow":0,"winsInARow":3,"maxWinsInARow":8,"lossesInARow":0,"maxLossesInARow":5,"disconsInARow":0,"maxDisconsInARow":0,"desyncsInARow":0,"maxDesyncsInARow":0,"builtParticleCannon":2,"builtNuke":6,"builtSCUD":8,"lastLadderPort":0,"lastLadderHost":""}}!
[DEBUG] 

[DEBUG] [2026-10-07 23:09:31] [0x1708b9b40|https://api.playgenerals.online/env/prod/contract/1/PlayerStats/122782|Verb 0] Transfer is complete: 1979 bytes total! Curl result is 0
[DEBUG] 

[DEBUG] [2026-10-07 23:09:31] [0x1708b9b40|https://api.playgenerals.online/env/prod/contract/1/PlayerStats/122782|Verb 0] Response was 200 - {"stats":{"userID":122782,"EloRating":1000,"EloMatches":0,"MonthlyEloRating":1000,"wins":[1,1,9,7,6,6,5,6,7,5,6,11,8,6,0],"losses":[1,1,3,6,5,6,5,3,4,4,4,4,3,3,0],"games":[1,1,11,12,10,14,10,8,11,8,11,16,12,11,0],"duration":[23,12,119,126,101,202,129,105,148,55,112,180,133,138,0],"unitsKilled":[43,37,685,577,960,1335,456,776,522,242,674,931,818,690,0],"unitsLost":[59,71,675,450,830,1394,628,1060,526,245,399,1195,986,894,0],"unitsBuilt":[50,67,329,361,710,537,237,782,352,244,278,817,723,632,0],"buildingsKilled":[5,2,67,58,155,71,31,94,43,35,48,78,88,57,0],"buildingsLost":[5,8,40,59,90,124,78,134,59,31,59,104,66,54,0],"buildingsBuilt":[16,18,137,167,170,257,157,215,151,94,153,219,176,168,0],"earnings":[44790,34205,386441,266608,701413,2000768672,433367,682272,451792,169917,1200343219,1200623650,1400470224,2000285779,0],"techCaptured":[50,25,170,94,115,251,99,106,63,88,64,155,173,41,0],"discons":[0,0,0,0,0,0,0,0,0,0,0,0,0,0,0],"desyncs":[0,0,0,0,0,0,0,0,0,0,0,0,0,0,0],"surrenders":[1,1,1,1,2,4,1,1,3,1,1,0,0,0,0],"gamesOf2p":[1,0,0,0,0,0,0,0,0,0,0,0,0,0,0],"gamesOf3p":[0,0,0,0,0,0,0,0,0,0,0,0,0,0,0],"gamesOf4p":[1,1,8,9,10,9,9,6,11,6,10,14,10,10,0],"gamesOf5p":[1,1,1,0,0,0,0,0,0,0,0,0,0,0,0],"gamesOf6p":[1,1,2,2,1,4,2,2,1,0,0,0,0,0,0],"gamesOf7p":[0,0,0,0,0,0,0,0,0,0,0,0,0,0,0],"gamesOf8p":[1,1,0,0,0,0,0,0,0,0,0,0,0,0,0],"customGames":[0,0,0,0,0,0,0,0,0,0,0,0,0,0,0],"QMGames":[0,0,0,0,0,0,0,0,0,0,0,0,0,0,0],"customGamesPerGeneral":[1,0,0,0,0,0,0,0,0,0,0,0,0,0,0],"quickMatchesPerGeneral":[0,0,0,0,0,0,0,0,0,0,0,0,0,0,0],"locale":0,"gamesAsRandom":134,"options":"","systemSpec":"","lastFPS":0,"lastGeneral":13,"gamesInRowWithLastGeneral":1,"challengeMedals":0,"battleHonors":4374914,"QMwinsInARow":0,"maxQMwinsInARow":0,"winsInARow":3,"maxWinsInARow":8,"lossesInARow":0,"maxLossesInARow":5,"disconsInARow":0,"maxDisconsInARow":0,"desyncsInARow":0,"maxDesyncsInARow":0,"builtParticleCannon":2,"builtNuke":6,"builtSCUD":8,"lastLadderPort":0,"lastLadderHost":""}}!
[DEBUG] 

[DEBUG] [2026-10-07 23:09:31] [0x1709015a0|https://api.playgenerals.online/env/prod/contract/1/PlayerStats/122782|Verb 0] Transfer is complete: 1979 bytes total! Curl result is 0
[DEBUG] 

[DEBUG] [2026-10-07 23:09:31] [0x1709015a0|https://api.playgenerals.online/env/prod/contract/1/PlayerStats/122782|Verb 0] Response was 200 - {"stats":{"userID":122782,"EloRating":1000,"EloMatches":0,"MonthlyEloRating":1000,"wins":[1,1,9,7,6,6,5,6,7,5,6,11,8,6,0],"losses":[1,1,3,6,5,6,5,3,4,4,4,4,3,3,0],"games":[1,1,11,12,10,14,10,8,11,8,11,16,12,11,0],"duration":[23,12,119,126,101,202,129,105,148,55,112,180,133,138,0],"unitsKilled":[43,37,685,577,960,1335,456,776,522,242,674,931,818,690,0],"unitsLost":[59,71,675,450,830,1394,628,1060,526,245,399,1195,986,894,0],"unitsBuilt":[50,67,329,361,710,537,237,782,352,244,278,817,723,632,0],"buildingsKilled":[5,2,67,58,155,71,31,94,43,35,48,78,88,57,0],"buildingsLost":[5,8,40,59,90,124,78,134,59,31,59,104,66,54,0],"buildingsBuilt":[16,18,137,167,170,257,157,215,151,94,153,219,176,168,0],"earnings":[44790,34205,386441,266608,701413,2000768672,433367,682272,451792,169917,1200343219,1200623650,1400470224,2000285779,0],"techCaptured":[50,25,170,94,115,251,99,106,63,88,64,155,173,41,0],"discons":[0,0,0,0,0,0,0,0,0,0,0,0,0,0,0],"desyncs":[0,0,0,0,0,0,0,0,0,0,0,0,0,0,0],"surrenders":[1,1,1,1,2,4,1,1,3,1,1,0,0,0,0],"gamesOf2p":[1,0,0,0,0,0,0,0,0,0,0,0,0,0,0],"gamesOf3p":[0,0,0,0,0,0,0,0,0,0,0,0,0,0,0],"gamesOf4p":[1,1,8,9,10,9,9,6,11,6,10,14,10,10,0],"gamesOf5p":[1,1,1,0,0,0,0,0,0,0,0,0,0,0,0],"gamesOf6p":[1,1,2,2,1,4,2,2,1,0,0,0,0,0,0],"gamesOf7p":[0,0,0,0,0,0,0,0,0,0,0,0,0,0,0],"gamesOf8p":[1,1,0,0,0,0,0,0,0,0,0,0,0,0,0],"customGames":[0,0,0,0,0,0,0,0,0,0,0,0,0,0,0],"QMGames":[0,0,0,0,0,0,0,0,0,0,0,0,0,0,0],"customGamesPerGeneral":[1,0,0,0,0,0,0,0,0,0,0,0,0,0,0],"quickMatchesPerGeneral":[0,0,0,0,0,0,0,0,0,0,0,0,0,0,0],"locale":0,"gamesAsRandom":134,"options":"","systemSpec":"","lastFPS":0,"lastGeneral":13,"gamesInRowWithLastGeneral":1,"challengeMedals":0,"battleHonors":4374914,"QMwinsInARow":0,"maxQMwinsInARow":0,"winsInARow":3,"maxWinsInARow":8,"lossesInARow":0,"maxLossesInARow":5,"disconsInARow":0,"maxDisconsInARow":0,"desyncsInARow":0,"maxDesyncsInARow":0,"builtParticleCannon":2,"builtNuke":6,"builtSCUD":8,"lastLadderPort":0,"lastLadderHost":""}}!
[DEBUG] 

[DEBUG] [2026-10-07 23:09:31] [0x170935ce0|https://api.playgenerals.online/env/prod/contract/1/PlayerStats/122782|Verb 0] Transfer is complete: 1979 bytes total! Curl result is 0
[DEBUG] 

[DEBUG] [2026-10-07 23:09:31] [0x170935ce0|https://api.playgenerals.online/env/prod/contract/1/PlayerStats/122782|Verb 0] Response was 200 - {"stats":{"userID":122782,"EloRating":1000,"EloMatches":0,"MonthlyEloRating":1000,"wins":[1,1,9,7,6,6,5,6,7,5,6,11,8,6,0],"losses":[1,1,3,6,5,6,5,3,4,4,4,4,3,3,0],"games":[1,1,11,12,10,14,10,8,11,8,11,16,12,11,0],"duration":[23,12,119,126,101,202,129,105,148,55,112,180,133,138,0],"unitsKilled":[43,37,685,577,960,1335,456,776,522,242,674,931,818,690,0],"unitsLost":[59,71,675,450,830,1394,628,1060,526,245,399,1195,986,894,0],"unitsBuilt":[50,67,329,361,710,537,237,782,352,244,278,817,723,632,0],"buildingsKilled":[5,2,67,58,155,71,31,94,43,35,48,78,88,57,0],"buildingsLost":[5,8,40,59,90,124,78,134,59,31,59,104,66,54,0],"buildingsBuilt":[16,18,137,167,170,257,157,215,151,94,153,219,176,168,0],"earnings":[44790,34205,386441,266608,701413,2000768672,433367,682272,451792,169917,1200343219,1200623650,1400470224,2000285779,0],"techCaptured":[50,25,170,94,115,251,99,106,63,88,64,155,173,41,0],"discons":[0,0,0,0,0,0,0,0,0,0,0,0,0,0,0],"desyncs":[0,0,0,0,0,0,0,0,0,0,0,0,0,0,0],"surrenders":[1,1,1,1,2,4,1,1,3,1,1,0,0,0,0],"gamesOf2p":[1,0,0,0,0,0,0,0,0,0,0,0,0,0,0],"gamesOf3p":[0,0,0,0,0,0,0,0,0,0,0,0,0,0,0],"gamesOf4p":[1,1,8,9,10,9,9,6,11,6,10,14,10,10,0],"gamesOf5p":[1,1,1,0,0,0,0,0,0,0,0,0,0,0,0],"gamesOf6p":[1,1,2,2,1,4,2,2,1,0,0,0,0,0,0],"gamesOf7p":[0,0,0,0,0,0,0,0,0,0,0,0,0,0,0],"gamesOf8p":[1,1,0,0,0,0,0,0,0,0,0,0,0,0,0],"customGames":[0,0,0,0,0,0,0,0,0,0,0,0,0,0,0],"QMGames":[0,0,0,0,0,0,0,0,0,0,0,0,0,0,0],"customGamesPerGeneral":[1,0,0,0,0,0,0,0,0,0,0,0,0,0,0],"quickMatchesPerGeneral":[0,0,0,0,0,0,0,0,0,0,0,0,0,0,0],"locale":0,"gamesAsRandom":134,"options":"","systemSpec":"","lastFPS":0,"lastGeneral":13,"gamesInRowWithLastGeneral":1,"challengeMedals":0,"battleHonors":4374914,"QMwinsInARow":0,"maxQMwinsInARow":0,"winsInARow":3,"maxWinsInARow":8,"lossesInARow":0,"maxLossesInARow":5,"disconsInARow":0,"maxDisconsInARow":0,"desyncsInARow":0,"maxDesyncsInARow":0,"builtParticleCannon":2,"builtNuke":6,"builtSCUD":8,"lastLadderPort":0,"lastLadderHost":""}}!
[DEBUG] 

[DEBUG] [2026-10-07 23:09:31] [0x170938680|https://api.playgenerals.online/env/prod/contract/1/PlayerStats/122782|Verb 0] Transfer is complete: 1979 bytes total! Curl result is 0
[DEBUG] 

[DEBUG] [2026-10-07 23:09:31] [0x170938680|https://api.playgenerals.online/env/prod/contract/1/PlayerStats/122782|Verb 0] Response was 200 - {"stats":{"userID":122782,"EloRating":1000,"EloMatches":0,"MonthlyEloRating":1000,"wins":[1,1,9,7,6,6,5,6,7,5,6,11,8,6,0],"losses":[1,1,3,6,5,6,5,3,4,4,4,4,3,3,0],"games":[1,1,11,12,10,14,10,8,11,8,11,16,12,11,0],"duration":[23,12,119,126,101,202,129,105,148,55,112,180,133,138,0],"unitsKilled":[43,37,685,577,960,1335,456,776,522,242,674,931,818,690,0],"unitsLost":[59,71,675,450,830,1394,628,1060,526,245,399,1195,986,894,0],"unitsBuilt":[50,67,329,361,710,537,237,782,352,244,278,817,723,632,0],"buildingsKilled":[5,2,67,58,155,71,31,94,43,35,48,78,88,57,0],"buildingsLost":[5,8,40,59,90,124,78,134,59,31,59,104,66,54,0],"buildingsBuilt":[16,18,137,167,170,257,157,215,151,94,153,219,176,168,0],"earnings":[44790,34205,386441,266608,701413,2000768672,433367,682272,451792,169917,1200343219,1200623650,1400470224,2000285779,0],"techCaptured":[50,25,170,94,115,251,99,106,63,88,64,155,173,41,0],"discons":[0,0,0,0,0,0,0,0,0,0,0,0,0,0,0],"desyncs":[0,0,0,0,0,0,0,0,0,0,0,0,0,0,0],"surrenders":[1,1,1,1,2,4,1,1,3,1,1,0,0,0,0],"gamesOf2p":[1,0,0,0,0,0,0,0,0,0,0,0,0,0,0],"gamesOf3p":[0,0,0,0,0,0,0,0,0,0,0,0,0,0,0],"gamesOf4p":[1,1,8,9,10,9,9,6,11,6,10,14,10,10,0],"gamesOf5p":[1,1,1,0,0,0,0,0,0,0,0,0,0,0,0],"gamesOf6p":[1,1,2,2,1,4,2,2,1,0,0,0,0,0,0],"gamesOf7p":[0,0,0,0,0,0,0,0,0,0,0,0,0,0,0],"gamesOf8p":[1,1,0,0,0,0,0,0,0,0,0,0,0,0,0],"customGames":[0,0,0,0,0,0,0,0,0,0,0,0,0,0,0],"QMGames":[0,0,0,0,0,0,0,0,0,0,0,0,0,0,0],"customGamesPerGeneral":[1,0,0,0,0,0,0,0,0,0,0,0,0,0,0],"quickMatchesPerGeneral":[0,0,0,0,0,0,0,0,0,0,0,0,0,0,0],"locale":0,"gamesAsRandom":134,"options":"","systemSpec":"","lastFPS":0,"lastGeneral":13,"gamesInRowWithLastGeneral":1,"challengeMedals":0,"battleHonors":4374914,"QMwinsInARow":0,"maxQMwinsInARow":0,"winsInARow":3,"maxWinsInARow":8,"lossesInARow":0,"maxLossesInARow":5,"disconsInARow":0,"maxDisconsInARow":0,"desyncsInARow":0,"maxDesyncsInARow":0,"builtParticleCannon":2,"builtNuke":6,"builtSCUD":8,"lastLadderPort":0,"lastLadderHost":""}}!
[DEBUG] 

[DEBUG] [2026-10-07 23:09:31] [0x170882820|https://api.playgenerals.online/env/prod/contract/1/PlayerStats/122782|Verb 0] Transfer is complete: 1979 bytes total! Curl result is 0
[DEBUG] 

[DEBUG] [2026-10-07 23:09:31] [0x170882820|https://api.playgenerals.online/env/prod/contract/1/PlayerStats/122782|Verb 0] Response was 200 - {"stats":{"userID":122782,"EloRating":1000,"EloMatches":0,"MonthlyEloRating":1000,"wins":[1,1,9,7,6,6,5,6,7,5,6,11,8,6,0],"losses":[1,1,3,6,5,6,5,3,4,4,4,4,3,3,0],"games":[1,1,11,12,10,14,10,8,11,8,11,16,12,11,0],"duration":[23,12,119,126,101,202,129,105,148,55,112,180,133,138,0],"unitsKilled":[43,37,685,577,960,1335,456,776,522,242,674,931,818,690,0],"unitsLost":[59,71,675,450,830,1394,628,1060,526,245,399,1195,986,894,0],"unitsBuilt":[50,67,329,361,710,537,237,782,352,244,278,817,723,632,0],"buildingsKilled":[5,2,67,58,155,71,31,94,43,35,48,78,88,57,0],"buildingsLost":[5,8,40,59,90,124,78,134,59,31,59,104,66,54,0],"buildingsBuilt":[16,18,137,167,170,257,157,215,151,94,153,219,176,168,0],"earnings":[44790,34205,386441,266608,701413,2000768672,433367,682272,451792,169917,1200343219,1200623650,1400470224,2000285779,0],"techCaptured":[50,25,170,94,115,251,99,106,63,88,64,155,173,41,0],"discons":[0,0,0,0,0,0,0,0,0,0,0,0,0,0,0],"desyncs":[0,0,0,0,0,0,0,0,0,0,0,0,0,0,0],"surrenders":[1,1,1,1,2,4,1,1,3,1,1,0,0,0,0],"gamesOf2p":[1,0,0,0,0,0,0,0,0,0,0,0,0,0,0],"gamesOf3p":[0,0,0,0,0,0,0,0,0,0,0,0,0,0,0],"gamesOf4p":[1,1,8,9,10,9,9,6,11,6,10,14,10,10,0],"gamesOf5p":[1,1,1,0,0,0,0,0,0,0,0,0,0,0,0],"gamesOf6p":[1,1,2,2,1,4,2,2,1,0,0,0,0,0,0],"gamesOf7p":[0,0,0,0,0,0,0,0,0,0,0,0,0,0,0],"gamesOf8p":[1,1,0,0,0,0,0,0,0,0,0,0,0,0,0],"customGames":[0,0,0,0,0,0,0,0,0,0,0,0,0,0,0],"QMGames":[0,0,0,0,0,0,0,0,0,0,0,0,0,0,0],"customGamesPerGeneral":[1,0,0,0,0,0,0,0,0,0,0,0,0,0,0],"quickMatchesPerGeneral":[0,0,0,0,0,0,0,0,0,0,0,0,0,0,0],"locale":0,"gamesAsRandom":134,"options":"","systemSpec":"","lastFPS":0,"lastGeneral":13,"gamesInRowWithLastGeneral":1,"challengeMedals":0,"battleHonors":4374914,"QMwinsInARow":0,"maxQMwinsInARow":0,"winsInARow":3,"maxWinsInARow":8,"lossesInARow":0,"maxLossesInARow":5,"disconsInARow":0,"maxDisconsInARow":0,"desyncsInARow":0,"maxDesyncsInARow":0,"builtParticleCannon":2,"builtNuke":6,"builtSCUD":8,"lastLadderPort":0,"lastLadderHost":""}}!
[DEBUG] 

[DEBUG] [2026-10-07 23:09:31] [0x17093b6e0|https://api.playgenerals.online/env/prod/contract/1/PlayerStats/122782|Verb 0] Transfer is complete: 1979 bytes total! Curl result is 0
[DEBUG] 

[DEBUG] [2026-10-07 23:09:31] [0x17093b6e0|https://api.playgenerals.online/env/prod/contract/1/PlayerStats/122782|Verb 0] Response was 200 - {"stats":{"userID":122782,"EloRating":1000,"EloMatches":0,"MonthlyEloRating":1000,"wins":[1,1,9,7,6,6,5,6,7,5,6,11,8,6,0],"losses":[1,1,3,6,5,6,5,3,4,4,4,4,3,3,0],"games":[1,1,11,12,10,14,10,8,11,8,11,16,12,11,0],"duration":[23,12,119,126,101,202,129,105,148,55,112,180,133,138,0],"unitsKilled":[43,37,685,577,960,1335,456,776,522,242,674,931,818,690,0],"unitsLost":[59,71,675,450,830,1394,628,1060,526,245,399,1195,986,894,0],"unitsBuilt":[50,67,329,361,710,537,237,782,352,244,278,817,723,632,0],"buildingsKilled":[5,2,67,58,155,71,31,94,43,35,48,78,88,57,0],"buildingsLost":[5,8,40,59,90,124,78,134,59,31,59,104,66,54,0],"buildingsBuilt":[16,18,137,167,170,257,157,215,151,94,153,219,176,168,0],"earnings":[44790,34205,386441,266608,701413,2000768672,433367,682272,451792,169917,1200343219,1200623650,1400470224,2000285779,0],"techCaptured":[50,25,170,94,115,251,99,106,63,88,64,155,173,41,0],"discons":[0,0,0,0,0,0,0,0,0,0,0,0,0,0,0],"desyncs":[0,0,0,0,0,0,0,0,0,0,0,0,0,0,0],"surrenders":[1,1,1,1,2,4,1,1,3,1,1,0,0,0,0],"gamesOf2p":[1,0,0,0,0,0,0,0,0,0,0,0,0,0,0],"gamesOf3p":[0,0,0,0,0,0,0,0,0,0,0,0,0,0,0],"gamesOf4p":[1,1,8,9,10,9,9,6,11,6,10,14,10,10,0],"gamesOf5p":[1,1,1,0,0,0,0,0,0,0,0,0,0,0,0],"gamesOf6p":[1,1,2,2,1,4,2,2,1,0,0,0,0,0,0],"gamesOf7p":[0,0,0,0,0,0,0,0,0,0,0,0,0,0,0],"gamesOf8p":[1,1,0,0,0,0,0,0,0,0,0,0,0,0,0],"customGames":[0,0,0,0,0,0,0,0,0,0,0,0,0,0,0],"QMGames":[0,0,0,0,0,0,0,0,0,0,0,0,0,0,0],"customGamesPerGeneral":[1,0,0,0,0,0,0,0,0,0,0,0,0,0,0],"quickMatchesPerGeneral":[0,0,0,0,0,0,0,0,0,0,0,0,0,0,0],"locale":0,"gamesAsRandom":134,"options":"","systemSpec":"","lastFPS":0,"lastGeneral":13,"gamesInRowWithLastGeneral":1,"challengeMedals":0,"battleHonors":4374914,"QMwinsInARow":0,"maxQMwinsInARow":0,"winsInARow":3,"maxWinsInARow":8,"lossesInARow":0,"maxLossesInARow":5,"disconsInARow":0,"maxDisconsInARow":0,"desyncsInARow":0,"maxDesyncsInARow":0,"builtParticleCannon":2,"builtNuke":6,"builtSCUD":8,"lastLadderPort":0,"lastLadderHost":""}}!
[DEBUG] 

[DEBUG] [2026-10-07 23:09:31] [0x17093b380|https://api.playgenerals.online/env/prod/contract/1/PlayerStats/122782|Verb 0] Transfer is complete: 1979 bytes total! Curl result is 0
[DEBUG] 

[DEBUG] [2026-10-07 23:09:31] [0x17093b380|https://api.playgenerals.online/env/prod/contract/1/PlayerStats/122782|Verb 0] Response was 200 - {"stats":{"userID":122782,"EloRating":1000,"EloMatches":0,"MonthlyEloRating":1000,"wins":[1,1,9,7,6,6,5,6,7,5,6,11,8,6,0],"losses":[1,1,3,6,5,6,5,3,4,4,4,4,3,3,0],"games":[1,1,11,12,10,14,10,8,11,8,11,16,12,11,0],"duration":[23,12,119,126,101,202,129,105,148,55,112,180,133,138,0],"unitsKilled":[43,37,685,577,960,1335,456,776,522,242,674,931,818,690,0],"unitsLost":[59,71,675,450,830,1394,628,1060,526,245,399,1195,986,894,0],"unitsBuilt":[50,67,329,361,710,537,237,782,352,244,278,817,723,632,0],"buildingsKilled":[5,2,67,58,155,71,31,94,43,35,48,78,88,57,0],"buildingsLost":[5,8,40,59,90,124,78,134,59,31,59,104,66,54,0],"buildingsBuilt":[16,18,137,167,170,257,157,215,151,94,153,219,176,168,0],"earnings":[44790,34205,386441,266608,701413,2000768672,433367,682272,451792,169917,1200343219,1200623650,1400470224,2000285779,0],"techCaptured":[50,25,170,94,115,251,99,106,63,88,64,155,173,41,0],"discons":[0,0,0,0,0,0,0,0,0,0,0,0,0,0,0],"desyncs":[0,0,0,0,0,0,0,0,0,0,0,0,0,0,0],"surrenders":[1,1,1,1,2,4,1,1,3,1,1,0,0,0,0],"gamesOf2p":[1,0,0,0,0,0,0,0,0,0,0,0,0,0,0],"gamesOf3p":[0,0,0,0,0,0,0,0,0,0,0,0,0,0,0],"gamesOf4p":[1,1,8,9,10,9,9,6,11,6,10,14,10,10,0],"gamesOf5p":[1,1,1,0,0,0,0,0,0,0,0,0,0,0,0],"gamesOf6p":[1,1,2,2,1,4,2,2,1,0,0,0,0,0,0],"gamesOf7p":[0,0,0,0,0,0,0,0,0,0,0,0,0,0,0],"gamesOf8p":[1,1,0,0,0,0,0,0,0,0,0,0,0,0,0],"customGames":[0,0,0,0,0,0,0,0,0,0,0,0,0,0,0],"QMGames":[0,0,0,0,0,0,0,0,0,0,0,0,0,0,0],"customGamesPerGeneral":[1,0,0,0,0,0,0,0,0,0,0,0,0,0,0],"quickMatchesPerGeneral":[0,0,0,0,0,0,0,0,0,0,0,0,0,0,0],"locale":0,"gamesAsRandom":134,"options":"","systemSpec":"","lastFPS":0,"lastGeneral":13,"gamesInRowWithLastGeneral":1,"challengeMedals":0,"battleHonors":4374914,"QMwinsInARow":0,"maxQMwinsInARow":0,"winsInARow":3,"maxWinsInARow":8,"lossesInARow":0,"maxLossesInARow":5,"disconsInARow":0,"maxDisconsInARow":0,"desyncsInARow":0,"maxDesyncsInARow":0,"builtParticleCannon":2,"builtNuke":6,"builtSCUD":8,"lastLadderPort":0,"lastLadderHost":""}}!
[DEBUG] 

[DEBUG] [2026-10-07 23:09:31] [0x1708dc700|https://api.playgenerals.online/env/prod/contract/1/PlayerStats/122782|Verb 0] Transfer is complete: 1979 bytes total! Curl result is 0
[DEBUG] 

[DEBUG] [2026-10-07 23:09:31] [0x1708dc700|https://api.playgenerals.online/env/prod/contract/1/PlayerStats/122782|Verb 0] Response was 200 - {"stats":{"userID":122782,"EloRating":1000,"EloMatches":0,"MonthlyEloRating":1000,"wins":[1,1,9,7,6,6,5,6,7,5,6,11,8,6,0],"losses":[1,1,3,6,5,6,5,3,4,4,4,4,3,3,0],"games":[1,1,11,12,10,14,10,8,11,8,11,16,12,11,0],"duration":[23,12,119,126,101,202,129,105,148,55,112,180,133,138,0],"unitsKilled":[43,37,685,577,960,1335,456,776,522,242,674,931,818,690,0],"unitsLost":[59,71,675,450,830,1394,628,1060,526,245,399,1195,986,894,0],"unitsBuilt":[50,67,329,361,710,537,237,782,352,244,278,817,723,632,0],"buildingsKilled":[5,2,67,58,155,71,31,94,43,35,48,78,88,57,0],"buildingsLost":[5,8,40,59,90,124,78,134,59,31,59,104,66,54,0],"buildingsBuilt":[16,18,137,167,170,257,157,215,151,94,153,219,176,168,0],"earnings":[44790,34205,386441,266608,701413,2000768672,433367,682272,451792,169917,1200343219,1200623650,1400470224,2000285779,0],"techCaptured":[50,25,170,94,115,251,99,106,63,88,64,155,173,41,0],"discons":[0,0,0,0,0,0,0,0,0,0,0,0,0,0,0],"desyncs":[0,0,0,0,0,0,0,0,0,0,0,0,0,0,0],"surrenders":[1,1,1,1,2,4,1,1,3,1,1,0,0,0,0],"gamesOf2p":[1,0,0,0,0,0,0,0,0,0,0,0,0,0,0],"gamesOf3p":[0,0,0,0,0,0,0,0,0,0,0,0,0,0,0],"gamesOf4p":[1,1,8,9,10,9,9,6,11,6,10,14,10,10,0],"gamesOf5p":[1,1,1,0,0,0,0,0,0,0,0,0,0,0,0],"gamesOf6p":[1,1,2,2,1,4,2,2,1,0,0,0,0,0,0],"gamesOf7p":[0,0,0,0,0,0,0,0,0,0,0,0,0,0,0],"gamesOf8p":[1,1,0,0,0,0,0,0,0,0,0,0,0,0,0],"customGames":[0,0,0,0,0,0,0,0,0,0,0,0,0,0,0],"QMGames":[0,0,0,0,0,0,0,0,0,0,0,0,0,0,0],"customGamesPerGeneral":[1,0,0,0,0,0,0,0,0,0,0,0,0,0,0],"quickMatchesPerGeneral":[0,0,0,0,0,0,0,0,0,0,0,0,0,0,0],"locale":0,"gamesAsRandom":134,"options":"","systemSpec":"","lastFPS":0,"lastGeneral":13,"gamesInRowWithLastGeneral":1,"challengeMedals":0,"battleHonors":4374914,"QMwinsInARow":0,"maxQMwinsInARow":0,"winsInARow":3,"maxWinsInARow":8,"lossesInARow":0,"maxLossesInARow":5,"disconsInARow":0,"maxDisconsInARow":0,"desyncsInARow":0,"maxDesyncsInARow":0,"builtParticleCannon":2,"builtNuke":6,"builtSCUD":8,"lastLadderPort":0,"lastLadderHost":""}}!
[DEBUG] 

[DEBUG] [2026-10-07 23:09:31] [0x1708da660|https://api.playgenerals.online/env/prod/contract/1/PlayerStats/122782|Verb 0] Transfer is complete: 1979 bytes total! Curl result is 0
[DEBUG] 

[DEBUG] [2026-10-07 23:09:31] [0x1708da660|https://api.playgenerals.online/env/prod/contract/1/PlayerStats/122782|Verb 0] Response was 200 - {"stats":{"userID":122782,"EloRating":1000,"EloMatches":0,"MonthlyEloRating":1000,"wins":[1,1,9,7,6,6,5,6,7,5,6,11,8,6,0],"losses":[1,1,3,6,5,6,5,3,4,4,4,4,3,3,0],"games":[1,1,11,12,10,14,10,8,11,8,11,16,12,11,0],"duration":[23,12,119,126,101,202,129,105,148,55,112,180,133,138,0],"unitsKilled":[43,37,685,577,960,1335,456,776,522,242,674,931,818,690,0],"unitsLost":[59,71,675,450,830,1394,628,1060,526,245,399,1195,986,894,0],"unitsBuilt":[50,67,329,361,710,537,237,782,352,244,278,817,723,632,0],"buildingsKilled":[5,2,67,58,155,71,31,94,43,35,48,78,88,57,0],"buildingsLost":[5,8,40,59,90,124,78,134,59,31,59,104,66,54,0],"buildingsBuilt":[16,18,137,167,170,257,157,215,151,94,153,219,176,168,0],"earnings":[44790,34205,386441,266608,701413,2000768672,433367,682272,451792,169917,1200343219,1200623650,1400470224,2000285779,0],"techCaptured":[50,25,170,94,115,251,99,106,63,88,64,155,173,41,0],"discons":[0,0,0,0,0,0,0,0,0,0,0,0,0,0,0],"desyncs":[0,0,0,0,0,0,0,0,0,0,0,0,0,0,0],"surrenders":[1,1,1,1,2,4,1,1,3,1,1,0,0,0,0],"gamesOf2p":[1,0,0,0,0,0,0,0,0,0,0,0,0,0,0],"gamesOf3p":[0,0,0,0,0,0,0,0,0,0,0,0,0,0,0],"gamesOf4p":[1,1,8,9,10,9,9,6,11,6,10,14,10,10,0],"gamesOf5p":[1,1,1,0,0,0,0,0,0,0,0,0,0,0,0],"gamesOf6p":[1,1,2,2,1,4,2,2,1,0,0,0,0,0,0],"gamesOf7p":[0,0,0,0,0,0,0,0,0,0,0,0,0,0,0],"gamesOf8p":[1,1,0,0,0,0,0,0,0,0,0,0,0,0,0],"customGames":[0,0,0,0,0,0,0,0,0,0,0,0,0,0,0],"QMGames":[0,0,0,0,0,0,0,0,0,0,0,0,0,0,0],"customGamesPerGeneral":[1,0,0,0,0,0,0,0,0,0,0,0,0,0,0],"quickMatchesPerGeneral":[0,0,0,0,0,0,0,0,0,0,0,0,0,0,0],"locale":0,"gamesAsRandom":134,"options":"","systemSpec":"","lastFPS":0,"lastGeneral":13,"gamesInRowWithLastGeneral":1,"challengeMedals":0,"battleHonors":4374914,"QMwinsInARow":0,"maxQMwinsInARow":0,"winsInARow":3,"maxWinsInARow":8,"lossesInARow":0,"maxLossesInARow":5,"disconsInARow":0,"maxDisconsInARow":0,"desyncsInARow":0,"maxDesyncsInARow":0,"builtParticleCannon":2,"builtNuke":6,"builtSCUD":8,"lastLadderPort":0,"lastLadderHost":""}}!
[DEBUG] 

[DEBUG] [2026-10-07 23:09:31] [0x1708b21c0|https://api.playgenerals.online/env/prod/contract/1/PlayerStats/122782|Verb 0] Transfer is complete: 1979 bytes total! Curl result is 0
[DEBUG] 

[DEBUG] [2026-10-07 23:09:31] [0x1708b21c0|https://api.playgenerals.online/env/prod/contract/1/PlayerStats/122782|Verb 0] Response was 200 - {"stats":{"userID":122782,"EloRating":1000,"EloMatches":0,"MonthlyEloRating":1000,"wins":[1,1,9,7,6,6,5,6,7,5,6,11,8,6,0],"losses":[1,1,3,6,5,6,5,3,4,4,4,4,3,3,0],"games":[1,1,11,12,10,14,10,8,11,8,11,16,12,11,0],"duration":[23,12,119,126,101,202,129,105,148,55,112,180,133,138,0],"unitsKilled":[43,37,685,577,960,1335,456,776,522,242,674,931,818,690,0],"unitsLost":[59,71,675,450,830,1394,628,1060,526,245,399,1195,986,894,0],"unitsBuilt":[50,67,329,361,710,537,237,782,352,244,278,817,723,632,0],"buildingsKilled":[5,2,67,58,155,71,31,94,43,35,48,78,88,57,0],"buildingsLost":[5,8,40,59,90,124,78,134,59,31,59,104,66,54,0],"buildingsBuilt":[16,18,137,167,170,257,157,215,151,94,153,219,176,168,0],"earnings":[44790,34205,386441,266608,701413,2000768672,433367,682272,451792,169917,1200343219,1200623650,1400470224,2000285779,0],"techCaptured":[50,25,170,94,115,251,99,106,63,88,64,155,173,41,0],"discons":[0,0,0,0,0,0,0,0,0,0,0,0,0,0,0],"desyncs":[0,0,0,0,0,0,0,0,0,0,0,0,0,0,0],"surrenders":[1,1,1,1,2,4,1,1,3,1,1,0,0,0,0],"gamesOf2p":[1,0,0,0,0,0,0,0,0,0,0,0,0,0,0],"gamesOf3p":[0,0,0,0,0,0,0,0,0,0,0,0,0,0,0],"gamesOf4p":[1,1,8,9,10,9,9,6,11,6,10,14,10,10,0],"gamesOf5p":[1,1,1,0,0,0,0,0,0,0,0,0,0,0,0],"gamesOf6p":[1,1,2,2,1,4,2,2,1,0,0,0,0,0,0],"gamesOf7p":[0,0,0,0,0,0,0,0,0,0,0,0,0,0,0],"gamesOf8p":[1,1,0,0,0,0,0,0,0,0,0,0,0,0,0],"customGames":[0,0,0,0,0,0,0,0,0,0,0,0,0,0,0],"QMGames":[0,0,0,0,0,0,0,0,0,0,0,0,0,0,0],"customGamesPerGeneral":[1,0,0,0,0,0,0,0,0,0,0,0,0,0,0],"quickMatchesPerGeneral":[0,0,0,0,0,0,0,0,0,0,0,0,0,0,0],"locale":0,"gamesAsRandom":134,"options":"","systemSpec":"","lastFPS":0,"lastGeneral":13,"gamesInRowWithLastGeneral":1,"challengeMedals":0,"battleHonors":4374914,"QMwinsInARow":0,"maxQMwinsInARow":0,"winsInARow":3,"maxWinsInARow":8,"lossesInARow":0,"maxLossesInARow":5,"disconsInARow":0,"maxDisconsInARow":0,"desyncsInARow":0,"maxDesyncsInARow":0,"builtParticleCannon":2,"builtNuke":6,"builtSCUD":8,"lastLadderPort":0,"lastLadderHost":""}}!
[DEBUG] 

[DEBUG] [2026-10-07 23:09:31] [0x170939640|https://api.playgenerals.online/env/prod/contract/1/PlayerStats/122782|Verb 0] Transfer is complete: 1979 bytes total! Curl result is 0
[DEBUG] 

[DEBUG] [2026-10-07 23:09:31] [0x170939640|https://api.playgenerals.online/env/prod/contract/1/PlayerStats/122782|Verb 0] Response was 200 - {"stats":{"userID":122782,"EloRating":1000,"EloMatches":0,"MonthlyEloRating":1000,"wins":[1,1,9,7,6,6,5,6,7,5,6,11,8,6,0],"losses":[1,1,3,6,5,6,5,3,4,4,4,4,3,3,0],"games":[1,1,11,12,10,14,10,8,11,8,11,16,12,11,0],"duration":[23,12,119,126,101,202,129,105,148,55,112,180,133,138,0],"unitsKilled":[43,37,685,577,960,1335,456,776,522,242,674,931,818,690,0],"unitsLost":[59,71,675,450,830,1394,628,1060,526,245,399,1195,986,894,0],"unitsBuilt":[50,67,329,361,710,537,237,782,352,244,278,817,723,632,0],"buildingsKilled":[5,2,67,58,155,71,31,94,43,35,48,78,88,57,0],"buildingsLost":[5,8,40,59,90,124,78,134,59,31,59,104,66,54,0],"buildingsBuilt":[16,18,137,167,170,257,157,215,151,94,153,219,176,168,0],"earnings":[44790,34205,386441,266608,701413,2000768672,433367,682272,451792,169917,1200343219,1200623650,1400470224,2000285779,0],"techCaptured":[50,25,170,94,115,251,99,106,63,88,64,155,173,41,0],"discons":[0,0,0,0,0,0,0,0,0,0,0,0,0,0,0],"desyncs":[0,0,0,0,0,0,0,0,0,0,0,0,0,0,0],"surrenders":[1,1,1,1,2,4,1,1,3,1,1,0,0,0,0],"gamesOf2p":[1,0,0,0,0,0,0,0,0,0,0,0,0,0,0],"gamesOf3p":[0,0,0,0,0,0,0,0,0,0,0,0,0,0,0],"gamesOf4p":[1,1,8,9,10,9,9,6,11,6,10,14,10,10,0],"gamesOf5p":[1,1,1,0,0,0,0,0,0,0,0,0,0,0,0],"gamesOf6p":[1,1,2,2,1,4,2,2,1,0,0,0,0,0,0],"gamesOf7p":[0,0,0,0,0,0,0,0,0,0,0,0,0,0,0],"gamesOf8p":[1,1,0,0,0,0,0,0,0,0,0,0,0,0,0],"customGames":[0,0,0,0,0,0,0,0,0,0,0,0,0,0,0],"QMGames":[0,0,0,0,0,0,0,0,0,0,0,0,0,0,0],"customGamesPerGeneral":[1,0,0,0,0,0,0,0,0,0,0,0,0,0,0],"quickMatchesPerGeneral":[0,0,0,0,0,0,0,0,0,0,0,0,0,0,0],"locale":0,"gamesAsRandom":134,"options":"","systemSpec":"","lastFPS":0,"lastGeneral":13,"gamesInRowWithLastGeneral":1,"challengeMedals":0,"battleHonors":4374914,"QMwinsInARow":0,"maxQMwinsInARow":0,"winsInARow":3,"maxWinsInARow":8,"lossesInARow":0,"maxLossesInARow":5,"disconsInARow":0,"maxDisconsInARow":0,"desyncsInARow":0,"maxDesyncsInARow":0,"builtParticleCannon":2,"builtNuke":6,"builtSCUD":8,"lastLadderPort":0,"lastLadderHost":""}}!
[DEBUG] 

[DEBUG] [2026-10-07 23:09:32] [0x17082f420|https://api.playgenerals.online/env/prod/contract/1/PlayerStats/122782|Verb 0] Transfer is complete: 1979 bytes total! Curl result is 0
[DEBUG] 

[DEBUG] [2026-10-07 23:09:32] [0x17082f420|https://api.playgenerals.online/env/prod/contract/1/PlayerStats/122782|Verb 0] Response was 200 - {"stats":{"userID":122782,"EloRating":1000,"EloMatches":0,"MonthlyEloRating":1000,"wins":[1,1,9,7,6,6,5,6,7,5,6,11,8,6,0],"losses":[1,1,3,6,5,6,5,3,4,4,4,4,3,3,0],"games":[1,1,11,12,10,14,10,8,11,8,11,16,12,11,0],"duration":[23,12,119,126,101,202,129,105,148,55,112,180,133,138,0],"unitsKilled":[43,37,685,577,960,1335,456,776,522,242,674,931,818,690,0],"unitsLost":[59,71,675,450,830,1394,628,1060,526,245,399,1195,986,894,0],"unitsBuilt":[50,67,329,361,710,537,237,782,352,244,278,817,723,632,0],"buildingsKilled":[5,2,67,58,155,71,31,94,43,35,48,78,88,57,0],"buildingsLost":[5,8,40,59,90,124,78,134,59,31,59,104,66,54,0],"buildingsBuilt":[16,18,137,167,170,257,157,215,151,94,153,219,176,168,0],"earnings":[44790,34205,386441,266608,701413,2000768672,433367,682272,451792,169917,1200343219,1200623650,1400470224,2000285779,0],"techCaptured":[50,25,170,94,115,251,99,106,63,88,64,155,173,41,0],"discons":[0,0,0,0,0,0,0,0,0,0,0,0,0,0,0],"desyncs":[0,0,0,0,0,0,0,0,0,0,0,0,0,0,0],"surrenders":[1,1,1,1,2,4,1,1,3,1,1,0,0,0,0],"gamesOf2p":[1,0,0,0,0,0,0,0,0,0,0,0,0,0,0],"gamesOf3p":[0,0,0,0,0,0,0,0,0,0,0,0,0,0,0],"gamesOf4p":[1,1,8,9,10,9,9,6,11,6,10,14,10,10,0],"gamesOf5p":[1,1,1,0,0,0,0,0,0,0,0,0,0,0,0],"gamesOf6p":[1,1,2,2,1,4,2,2,1,0,0,0,0,0,0],"gamesOf7p":[0,0,0,0,0,0,0,0,0,0,0,0,0,0,0],"gamesOf8p":[1,1,0,0,0,0,0,0,0,0,0,0,0,0,0],"customGames":[0,0,0,0,0,0,0,0,0,0,0,0,0,0,0],"QMGames":[0,0,0,0,0,0,0,0,0,0,0,0,0,0,0],"customGamesPerGeneral":[1,0,0,0,0,0,0,0,0,0,0,0,0,0,0],"quickMatchesPerGeneral":[0,0,0,0,0,0,0,0,0,0,0,0,0,0,0],"locale":0,"gamesAsRandom":134,"options":"","systemSpec":"","lastFPS":0,"lastGeneral":13,"gamesInRowWithLastGeneral":1,"challengeMedals":0,"battleHonors":4374914,"QMwinsInARow":0,"maxQMwinsInARow":0,"winsInARow":3,"maxWinsInARow":8,"lossesInARow":0,"maxLossesInARow":5,"disconsInARow":0,"maxDisconsInARow":0,"desyncsInARow":0,"maxDesyncsInARow":0,"builtParticleCannon":2,"builtNuke":6,"builtSCUD":8,"lastLadderPort":0,"lastLadderHost":""}}!
[DEBUG] 

[DEBUG] [2026-10-07 23:09:32] [0x170939ac0|https://api.playgenerals.online/env/prod/contract/1/PlayerStats/122782|Verb 0] Transfer is complete: 1979 bytes total! Curl result is 0
[DEBUG] 

[DEBUG] [2026-10-07 23:09:32] [0x170939ac0|https://api.playgenerals.online/env/prod/contract/1/PlayerStats/122782|Verb 0] Response was 200 - {"stats":{"userID":122782,"EloRating":1000,"EloMatches":0,"MonthlyEloRating":1000,"wins":[1,1,9,7,6,6,5,6,7,5,6,11,8,6,0],"losses":[1,1,3,6,5,6,5,3,4,4,4,4,3,3,0],"games":[1,1,11,12,10,14,10,8,11,8,11,16,12,11,0],"duration":[23,12,119,126,101,202,129,105,148,55,112,180,133,138,0],"unitsKilled":[43,37,685,577,960,1335,456,776,522,242,674,931,818,690,0],"unitsLost":[59,71,675,450,830,1394,628,1060,526,245,399,1195,986,894,0],"unitsBuilt":[50,67,329,361,710,537,237,782,352,244,278,817,723,632,0],"buildingsKilled":[5,2,67,58,155,71,31,94,43,35,48,78,88,57,0],"buildingsLost":[5,8,40,59,90,124,78,134,59,31,59,104,66,54,0],"buildingsBuilt":[16,18,137,167,170,257,157,215,151,94,153,219,176,168,0],"earnings":[44790,34205,386441,266608,701413,2000768672,433367,682272,451792,169917,1200343219,1200623650,1400470224,2000285779,0],"techCaptured":[50,25,170,94,115,251,99,106,63,88,64,155,173,41,0],"discons":[0,0,0,0,0,0,0,0,0,0,0,0,0,0,0],"desyncs":[0,0,0,0,0,0,0,0,0,0,0,0,0,0,0],"surrenders":[1,1,1,1,2,4,1,1,3,1,1,0,0,0,0],"gamesOf2p":[1,0,0,0,0,0,0,0,0,0,0,0,0,0,0],"gamesOf3p":[0,0,0,0,0,0,0,0,0,0,0,0,0,0,0],"gamesOf4p":[1,1,8,9,10,9,9,6,11,6,10,14,10,10,0],"gamesOf5p":[1,1,1,0,0,0,0,0,0,0,0,0,0,0,0],"gamesOf6p":[1,1,2,2,1,4,2,2,1,0,0,0,0,0,0],"gamesOf7p":[0,0,0,0,0,0,0,0,0,0,0,0,0,0,0],"gamesOf8p":[1,1,0,0,0,0,0,0,0,0,0,0,0,0,0],"customGames":[0,0,0,0,0,0,0,0,0,0,0,0,0,0,0],"QMGames":[0,0,0,0,0,0,0,0,0,0,0,0,0,0,0],"customGamesPerGeneral":[1,0,0,0,0,0,0,0,0,0,0,0,0,0,0],"quickMatchesPerGeneral":[0,0,0,0,0,0,0,0,0,0,0,0,0,0,0],"locale":0,"gamesAsRandom":134,"options":"","systemSpec":"","lastFPS":0,"lastGeneral":13,"gamesInRowWithLastGeneral":1,"challengeMedals":0,"battleHonors":4374914,"QMwinsInARow":0,"maxQMwinsInARow":0,"winsInARow":3,"maxWinsInARow":8,"lossesInARow":0,"maxLossesInARow":5,"disconsInARow":0,"maxDisconsInARow":0,"desyncsInARow":0,"maxDesyncsInARow":0,"builtParticleCannon":2,"builtNuke":6,"builtSCUD":8,"lastLadderPort":0,"lastLadderHost":""}}!
[DEBUG] 

[DEBUG] [2026-10-07 23:09:32] [0x1708efa20|https://api.playgenerals.online/env/prod/contract/1/PlayerStats/122782|Verb 0] Transfer is complete: 1979 bytes total! Curl result is 0
[DEBUG] 

[DEBUG] [2026-10-07 23:09:32] [0x1708efa20|https://api.playgenerals.online/env/prod/contract/1/PlayerStats/122782|Verb 0] Response was 200 - {"stats":{"userID":122782,"EloRating":1000,"EloMatches":0,"MonthlyEloRating":1000,"wins":[1,1,9,7,6,6,5,6,7,5,6,11,8,6,0],"losses":[1,1,3,6,5,6,5,3,4,4,4,4,3,3,0],"games":[1,1,11,12,10,14,10,8,11,8,11,16,12,11,0],"duration":[23,12,119,126,101,202,129,105,148,55,112,180,133,138,0],"unitsKilled":[43,37,685,577,960,1335,456,776,522,242,674,931,818,690,0],"unitsLost":[59,71,675,450,830,1394,628,1060,526,245,399,1195,986,894,0],"unitsBuilt":[50,67,329,361,710,537,237,782,352,244,278,817,723,632,0],"buildingsKilled":[5,2,67,58,155,71,31,94,43,35,48,78,88,57,0],"buildingsLost":[5,8,40,59,90,124,78,134,59,31,59,104,66,54,0],"buildingsBuilt":[16,18,137,167,170,257,157,215,151,94,153,219,176,168,0],"earnings":[44790,34205,386441,266608,701413,2000768672,433367,682272,451792,169917,1200343219,1200623650,1400470224,2000285779,0],"techCaptured":[50,25,170,94,115,251,99,106,63,88,64,155,173,41,0],"discons":[0,0,0,0,0,0,0,0,0,0,0,0,0,0,0],"desyncs":[0,0,0,0,0,0,0,0,0,0,0,0,0,0,0],"surrenders":[1,1,1,1,2,4,1,1,3,1,1,0,0,0,0],"gamesOf2p":[1,0,0,0,0,0,0,0,0,0,0,0,0,0,0],"gamesOf3p":[0,0,0,0,0,0,0,0,0,0,0,0,0,0,0],"gamesOf4p":[1,1,8,9,10,9,9,6,11,6,10,14,10,10,0],"gamesOf5p":[1,1,1,0,0,0,0,0,0,0,0,0,0,0,0],"gamesOf6p":[1,1,2,2,1,4,2,2,1,0,0,0,0,0,0],"gamesOf7p":[0,0,0,0,0,0,0,0,0,0,0,0,0,0,0],"gamesOf8p":[1,1,0,0,0,0,0,0,0,0,0,0,0,0,0],"customGames":[0,0,0,0,0,0,0,0,0,0,0,0,0,0,0],"QMGames":[0,0,0,0,0,0,0,0,0,0,0,0,0,0,0],"customGamesPerGeneral":[1,0,0,0,0,0,0,0,0,0,0,0,0,0,0],"quickMatchesPerGeneral":[0,0,0,0,0,0,0,0,0,0,0,0,0,0,0],"locale":0,"gamesAsRandom":134,"options":"","systemSpec":"","lastFPS":0,"lastGeneral":13,"gamesInRowWithLastGeneral":1,"challengeMedals":0,"battleHonors":4374914,"QMwinsInARow":0,"maxQMwinsInARow":0,"winsInARow":3,"maxWinsInARow":8,"lossesInARow":0,"maxLossesInARow":5,"disconsInARow":0,"maxDisconsInARow":0,"desyncsInARow":0,"maxDesyncsInARow":0,"builtParticleCannon":2,"builtNuke":6,"builtSCUD":8,"lastLadderPort":0,"lastLadderHost":""}}!
[DEBUG] 

[DEBUG] [2026-10-07 23:09:32] [0x1708dc700|https://api.playgenerals.online/env/prod/contract/1/PlayerStats/122782|Verb 0] Transfer is complete: 1979 bytes total! Curl result is 0
[DEBUG] 

[DEBUG] [2026-10-07 23:09:32] [0x1708dc700|https://api.playgenerals.online/env/prod/contract/1/PlayerStats/122782|Verb 0] Response was 200 - {"stats":{"userID":122782,"EloRating":1000,"EloMatches":0,"MonthlyEloRating":1000,"wins":[1,1,9,7,6,6,5,6,7,5,6,11,8,6,0],"losses":[1,1,3,6,5,6,5,3,4,4,4,4,3,3,0],"games":[1,1,11,12,10,14,10,8,11,8,11,16,12,11,0],"duration":[23,12,119,126,101,202,129,105,148,55,112,180,133,138,0],"unitsKilled":[43,37,685,577,960,1335,456,776,522,242,674,931,818,690,0],"unitsLost":[59,71,675,450,830,1394,628,1060,526,245,399,1195,986,894,0],"unitsBuilt":[50,67,329,361,710,537,237,782,352,244,278,817,723,632,0],"buildingsKilled":[5,2,67,58,155,71,31,94,43,35,48,78,88,57,0],"buildingsLost":[5,8,40,59,90,124,78,134,59,31,59,104,66,54,0],"buildingsBuilt":[16,18,137,167,170,257,157,215,151,94,153,219,176,168,0],"earnings":[44790,34205,386441,266608,701413,2000768672,433367,682272,451792,169917,1200343219,1200623650,1400470224,2000285779,0],"techCaptured":[50,25,170,94,115,251,99,106,63,88,64,155,173,41,0],"discons":[0,0,0,0,0,0,0,0,0,0,0,0,0,0,0],"desyncs":[0,0,0,0,0,0,0,0,0,0,0,0,0,0,0],"surrenders":[1,1,1,1,2,4,1,1,3,1,1,0,0,0,0],"gamesOf2p":[1,0,0,0,0,0,0,0,0,0,0,0,0,0,0],"gamesOf3p":[0,0,0,0,0,0,0,0,0,0,0,0,0,0,0],"gamesOf4p":[1,1,8,9,10,9,9,6,11,6,10,14,10,10,0],"gamesOf5p":[1,1,1,0,0,0,0,0,0,0,0,0,0,0,0],"gamesOf6p":[1,1,2,2,1,4,2,2,1,0,0,0,0,0,0],"gamesOf7p":[0,0,0,0,0,0,0,0,0,0,0,0,0,0,0],"gamesOf8p":[1,1,0,0,0,0,0,0,0,0,0,0,0,0,0],"customGames":[0,0,0,0,0,0,0,0,0,0,0,0,0,0,0],"QMGames":[0,0,0,0,0,0,0,0,0,0,0,0,0,0,0],"customGamesPerGeneral":[1,0,0,0,0,0,0,0,0,0,0,0,0,0,0],"quickMatchesPerGeneral":[0,0,0,0,0,0,0,0,0,0,0,0,0,0,0],"locale":0,"gamesAsRandom":134,"options":"","systemSpec":"","lastFPS":0,"lastGeneral":13,"gamesInRowWithLastGeneral":1,"challengeMedals":0,"battleHonors":4374914,"QMwinsInARow":0,"maxQMwinsInARow":0,"winsInARow":3,"maxWinsInARow":8,"lossesInARow":0,"maxLossesInARow":5,"disconsInARow":0,"maxDisconsInARow":0,"desyncsInARow":0,"maxDesyncsInARow":0,"builtParticleCannon":2,"builtNuke":6,"builtSCUD":8,"lastLadderPort":0,"lastLadderHost":""}}!
[DEBUG] 

[DEBUG] [2026-10-07 23:09:32] [0x17082c960|https://api.playgenerals.online/env/prod/contract/1/PlayerStats/122782|Verb 0] Transfer is complete: 1979 bytes total! Curl result is 0
[DEBUG] 

[DEBUG] [2026-10-07 23:09:32] [0x17082c960|https://api.playgenerals.online/env/prod/contract/1/PlayerStats/122782|Verb 0] Response was 200 - {"stats":{"userID":122782,"EloRating":1000,"EloMatches":0,"MonthlyEloRating":1000,"wins":[1,1,9,7,6,6,5,6,7,5,6,11,8,6,0],"losses":[1,1,3,6,5,6,5,3,4,4,4,4,3,3,0],"games":[1,1,11,12,10,14,10,8,11,8,11,16,12,11,0],"duration":[23,12,119,126,101,202,129,105,148,55,112,180,133,138,0],"unitsKilled":[43,37,685,577,960,1335,456,776,522,242,674,931,818,690,0],"unitsLost":[59,71,675,450,830,1394,628,1060,526,245,399,1195,986,894,0],"unitsBuilt":[50,67,329,361,710,537,237,782,352,244,278,817,723,632,0],"buildingsKilled":[5,2,67,58,155,71,31,94,43,35,48,78,88,57,0],"buildingsLost":[5,8,40,59,90,124,78,134,59,31,59,104,66,54,0],"buildingsBuilt":[16,18,137,167,170,257,157,215,151,94,153,219,176,168,0],"earnings":[44790,34205,386441,266608,701413,2000768672,433367,682272,451792,169917,1200343219,1200623650,1400470224,2000285779,0],"techCaptured":[50,25,170,94,115,251,99,106,63,88,64,155,173,41,0],"discons":[0,0,0,0,0,0,0,0,0,0,0,0,0,0,0],"desyncs":[0,0,0,0,0,0,0,0,0,0,0,0,0,0,0],"surrenders":[1,1,1,1,2,4,1,1,3,1,1,0,0,0,0],"gamesOf2p":[1,0,0,0,0,0,0,0,0,0,0,0,0,0,0],"gamesOf3p":[0,0,0,0,0,0,0,0,0,0,0,0,0,0,0],"gamesOf4p":[1,1,8,9,10,9,9,6,11,6,10,14,10,10,0],"gamesOf5p":[1,1,1,0,0,0,0,0,0,0,0,0,0,0,0],"gamesOf6p":[1,1,2,2,1,4,2,2,1,0,0,0,0,0,0],"gamesOf7p":[0,0,0,0,0,0,0,0,0,0,0,0,0,0,0],"gamesOf8p":[1,1,0,0,0,0,0,0,0,0,0,0,0,0,0],"customGames":[0,0,0,0,0,0,0,0,0,0,0,0,0,0,0],"QMGames":[0,0,0,0,0,0,0,0,0,0,0,0,0,0,0],"customGamesPerGeneral":[1,0,0,0,0,0,0,0,0,0,0,0,0,0,0],"quickMatchesPerGeneral":[0,0,0,0,0,0,0,0,0,0,0,0,0,0,0],"locale":0,"gamesAsRandom":134,"options":"","systemSpec":"","lastFPS":0,"lastGeneral":13,"gamesInRowWithLastGeneral":1,"challengeMedals":0,"battleHonors":4374914,"QMwinsInARow":0,"maxQMwinsInARow":0,"winsInARow":3,"maxWinsInARow":8,"lossesInARow":0,"maxLossesInARow":5,"disconsInARow":0,"maxDisconsInARow":0,"desyncsInARow":0,"maxDesyncsInARow":0,"builtParticleCannon":2,"builtNuke":6,"builtSCUD":8,"lastLadderPort":0,"lastLadderHost":""}}!
[DEBUG] 

[DEBUG] [2026-10-07 23:09:32] [0x1708b05a0|https://api.playgenerals.online/env/prod/contract/1/PlayerStats/122782|Verb 0] Transfer is complete: 1979 bytes total! Curl result is 0
[DEBUG] 

[DEBUG] [2026-10-07 23:09:32] [0x1708b05a0|https://api.playgenerals.online/env/prod/contract/1/PlayerStats/122782|Verb 0] Response was 200 - {"stats":{"userID":122782,"EloRating":1000,"EloMatches":0,"MonthlyEloRating":1000,"wins":[1,1,9,7,6,6,5,6,7,5,6,11,8,6,0],"losses":[1,1,3,6,5,6,5,3,4,4,4,4,3,3,0],"games":[1,1,11,12,10,14,10,8,11,8,11,16,12,11,0],"duration":[23,12,119,126,101,202,129,105,148,55,112,180,133,138,0],"unitsKilled":[43,37,685,577,960,1335,456,776,522,242,674,931,818,690,0],"unitsLost":[59,71,675,450,830,1394,628,1060,526,245,399,1195,986,894,0],"unitsBuilt":[50,67,329,361,710,537,237,782,352,244,278,817,723,632,0],"buildingsKilled":[5,2,67,58,155,71,31,94,43,35,48,78,88,57,0],"buildingsLost":[5,8,40,59,90,124,78,134,59,31,59,104,66,54,0],"buildingsBuilt":[16,18,137,167,170,257,157,215,151,94,153,219,176,168,0],"earnings":[44790,34205,386441,266608,701413,2000768672,433367,682272,451792,169917,1200343219,1200623650,1400470224,2000285779,0],"techCaptured":[50,25,170,94,115,251,99,106,63,88,64,155,173,41,0],"discons":[0,0,0,0,0,0,0,0,0,0,0,0,0,0,0],"desyncs":[0,0,0,0,0,0,0,0,0,0,0,0,0,0,0],"surrenders":[1,1,1,1,2,4,1,1,3,1,1,0,0,0,0],"gamesOf2p":[1,0,0,0,0,0,0,0,0,0,0,0,0,0,0],"gamesOf3p":[0,0,0,0,0,0,0,0,0,0,0,0,0,0,0],"gamesOf4p":[1,1,8,9,10,9,9,6,11,6,10,14,10,10,0],"gamesOf5p":[1,1,1,0,0,0,0,0,0,0,0,0,0,0,0],"gamesOf6p":[1,1,2,2,1,4,2,2,1,0,0,0,0,0,0],"gamesOf7p":[0,0,0,0,0,0,0,0,0,0,0,0,0,0,0],"gamesOf8p":[1,1,0,0,0,0,0,0,0,0,0,0,0,0,0],"customGames":[0,0,0,0,0,0,0,0,0,0,0,0,0,0,0],"QMGames":[0,0,0,0,0,0,0,0,0,0,0,0,0,0,0],"customGamesPerGeneral":[1,0,0,0,0,0,0,0,0,0,0,0,0,0,0],"quickMatchesPerGeneral":[0,0,0,0,0,0,0,0,0,0,0,0,0,0,0],"locale":0,"gamesAsRandom":134,"options":"","systemSpec":"","lastFPS":0,"lastGeneral":13,"gamesInRowWithLastGeneral":1,"challengeMedals":0,"battleHonors":4374914,"QMwinsInARow":0,"maxQMwinsInARow":0,"winsInARow":3,"maxWinsInARow":8,"lossesInARow":0,"maxLossesInARow":5,"disconsInARow":0,"maxDisconsInARow":0,"desyncsInARow":0,"maxDesyncsInARow":0,"builtParticleCannon":2,"builtNuke":6,"builtSCUD":8,"lastLadderPort":0,"lastLadderHost":""}}!
[DEBUG] 

[DEBUG] [2026-10-07 23:09:32] [0x1708246e0|https://api.playgenerals.online/env/prod/contract/1/PlayerStats/122782|Verb 0] Transfer is complete: 1979 bytes total! Curl result is 0
[DEBUG] 

[DEBUG] [2026-10-07 23:09:32] [0x1708246e0|https://api.playgenerals.online/env/prod/contract/1/PlayerStats/122782|Verb 0] Response was 200 - {"stats":{"userID":122782,"EloRating":1000,"EloMatches":0,"MonthlyEloRating":1000,"wins":[1,1,9,7,6,6,5,6,7,5,6,11,8,6,0],"losses":[1,1,3,6,5,6,5,3,4,4,4,4,3,3,0],"games":[1,1,11,12,10,14,10,8,11,8,11,16,12,11,0],"duration":[23,12,119,126,101,202,129,105,148,55,112,180,133,138,0],"unitsKilled":[43,37,685,577,960,1335,456,776,522,242,674,931,818,690,0],"unitsLost":[59,71,675,450,830,1394,628,1060,526,245,399,1195,986,894,0],"unitsBuilt":[50,67,329,361,710,537,237,782,352,244,278,817,723,632,0],"buildingsKilled":[5,2,67,58,155,71,31,94,43,35,48,78,88,57,0],"buildingsLost":[5,8,40,59,90,124,78,134,59,31,59,104,66,54,0],"buildingsBuilt":[16,18,137,167,170,257,157,215,151,94,153,219,176,168,0],"earnings":[44790,34205,386441,266608,701413,2000768672,433367,682272,451792,169917,1200343219,1200623650,1400470224,2000285779,0],"techCaptured":[50,25,170,94,115,251,99,106,63,88,64,155,173,41,0],"discons":[0,0,0,0,0,0,0,0,0,0,0,0,0,0,0],"desyncs":[0,0,0,0,0,0,0,0,0,0,0,0,0,0,0],"surrenders":[1,1,1,1,2,4,1,1,3,1,1,0,0,0,0],"gamesOf2p":[1,0,0,0,0,0,0,0,0,0,0,0,0,0,0],"gamesOf3p":[0,0,0,0,0,0,0,0,0,0,0,0,0,0,0],"gamesOf4p":[1,1,8,9,10,9,9,6,11,6,10,14,10,10,0],"gamesOf5p":[1,1,1,0,0,0,0,0,0,0,0,0,0,0,0],"gamesOf6p":[1,1,2,2,1,4,2,2,1,0,0,0,0,0,0],"gamesOf7p":[0,0,0,0,0,0,0,0,0,0,0,0,0,0,0],"gamesOf8p":[1,1,0,0,0,0,0,0,0,0,0,0,0,0,0],"customGames":[0,0,0,0,0,0,0,0,0,0,0,0,0,0,0],"QMGames":[0,0,0,0,0,0,0,0,0,0,0,0,0,0,0],"customGamesPerGeneral":[1,0,0,0,0,0,0,0,0,0,0,0,0,0,0],"quickMatchesPerGeneral":[0,0,0,0,0,0,0,0,0,0,0,0,0,0,0],"locale":0,"gamesAsRandom":134,"options":"","systemSpec":"","lastFPS":0,"lastGeneral":13,"gamesInRowWithLastGeneral":1,"challengeMedals":0,"battleHonors":4374914,"QMwinsInARow":0,"maxQMwinsInARow":0,"winsInARow":3,"maxWinsInARow":8,"lossesInARow":0,"maxLossesInARow":5,"disconsInARow":0,"maxDisconsInARow":0,"desyncsInARow":0,"maxDesyncsInARow":0,"builtParticleCannon":2,"builtNuke":6,"builtSCUD":8,"lastLadderPort":0,"lastLadderHost":""}}!
[DEBUG] 

[DEBUG] [2026-10-07 23:09:32] [0x170939400|https://api.playgenerals.online/env/prod/contract/1/PlayerStats/122782|Verb 0] Transfer is complete: 1979 bytes total! Curl result is 0
[DEBUG] 

[DEBUG] [2026-10-07 23:09:32] [0x170939400|https://api.playgenerals.online/env/prod/contract/1/PlayerStats/122782|Verb 0] Response was 200 - {"stats":{"userID":122782,"EloRating":1000,"EloMatches":0,"MonthlyEloRating":1000,"wins":[1,1,9,7,6,6,5,6,7,5,6,11,8,6,0],"losses":[1,1,3,6,5,6,5,3,4,4,4,4,3,3,0],"games":[1,1,11,12,10,14,10,8,11,8,11,16,12,11,0],"duration":[23,12,119,126,101,202,129,105,148,55,112,180,133,138,0],"unitsKilled":[43,37,685,577,960,1335,456,776,522,242,674,931,818,690,0],"unitsLost":[59,71,675,450,830,1394,628,1060,526,245,399,1195,986,894,0],"unitsBuilt":[50,67,329,361,710,537,237,782,352,244,278,817,723,632,0],"buildingsKilled":[5,2,67,58,155,71,31,94,43,35,48,78,88,57,0],"buildingsLost":[5,8,40,59,90,124,78,134,59,31,59,104,66,54,0],"buildingsBuilt":[16,18,137,167,170,257,157,215,151,94,153,219,176,168,0],"earnings":[44790,34205,386441,266608,701413,2000768672,433367,682272,451792,169917,1200343219,1200623650,1400470224,2000285779,0],"techCaptured":[50,25,170,94,115,251,99,106,63,88,64,155,173,41,0],"discons":[0,0,0,0,0,0,0,0,0,0,0,0,0,0,0],"desyncs":[0,0,0,0,0,0,0,0,0,0,0,0,0,0,0],"surrenders":[1,1,1,1,2,4,1,1,3,1,1,0,0,0,0],"gamesOf2p":[1,0,0,0,0,0,0,0,0,0,0,0,0,0,0],"gamesOf3p":[0,0,0,0,0,0,0,0,0,0,0,0,0,0,0],"gamesOf4p":[1,1,8,9,10,9,9,6,11,6,10,14,10,10,0],"gamesOf5p":[1,1,1,0,0,0,0,0,0,0,0,0,0,0,0],"gamesOf6p":[1,1,2,2,1,4,2,2,1,0,0,0,0,0,0],"gamesOf7p":[0,0,0,0,0,0,0,0,0,0,0,0,0,0,0],"gamesOf8p":[1,1,0,0,0,0,0,0,0,0,0,0,0,0,0],"customGames":[0,0,0,0,0,0,0,0,0,0,0,0,0,0,0],"QMGames":[0,0,0,0,0,0,0,0,0,0,0,0,0,0,0],"customGamesPerGeneral":[1,0,0,0,0,0,0,0,0,0,0,0,0,0,0],"quickMatchesPerGeneral":[0,0,0,0,0,0,0,0,0,0,0,0,0,0,0],"locale":0,"gamesAsRandom":134,"options":"","systemSpec":"","lastFPS":0,"lastGeneral":13,"gamesInRowWithLastGeneral":1,"challengeMedals":0,"battleHonors":4374914,"QMwinsInARow":0,"maxQMwinsInARow":0,"winsInARow":3,"maxWinsInARow":8,"lossesInARow":0,"maxLossesInARow":5,"disconsInARow":0,"maxDisconsInARow":0,"desyncsInARow":0,"maxDesyncsInARow":0,"builtParticleCannon":2,"builtNuke":6,"builtSCUD":8,"lastLadderPort":0,"lastLadderHost":""}}!
[DEBUG] 

[DEBUG] [2026-10-07 23:09:32] [0x1708bee80|https://api.playgenerals.online/env/prod/contract/1/PlayerStats/122782|Verb 0] Transfer is complete: 1979 bytes total! Curl result is 0
[DEBUG] 

[DEBUG] [2026-10-07 23:09:32] [0x1708bee80|https://api.playgenerals.online/env/prod/contract/1/PlayerStats/122782|Verb 0] Response was 200 - {"stats":{"userID":122782,"EloRating":1000,"EloMatches":0,"MonthlyEloRating":1000,"wins":[1,1,9,7,6,6,5,6,7,5,6,11,8,6,0],"losses":[1,1,3,6,5,6,5,3,4,4,4,4,3,3,0],"games":[1,1,11,12,10,14,10,8,11,8,11,16,12,11,0],"duration":[23,12,119,126,101,202,129,105,148,55,112,180,133,138,0],"unitsKilled":[43,37,685,577,960,1335,456,776,522,242,674,931,818,690,0],"unitsLost":[59,71,675,450,830,1394,628,1060,526,245,399,1195,986,894,0],"unitsBuilt":[50,67,329,361,710,537,237,782,352,244,278,817,723,632,0],"buildingsKilled":[5,2,67,58,155,71,31,94,43,35,48,78,88,57,0],"buildingsLost":[5,8,40,59,90,124,78,134,59,31,59,104,66,54,0],"buildingsBuilt":[16,18,137,167,170,257,157,215,151,94,153,219,176,168,0],"earnings":[44790,34205,386441,266608,701413,2000768672,433367,682272,451792,169917,1200343219,1200623650,1400470224,2000285779,0],"techCaptured":[50,25,170,94,115,251,99,106,63,88,64,155,173,41,0],"discons":[0,0,0,0,0,0,0,0,0,0,0,0,0,0,0],"desyncs":[0,0,0,0,0,0,0,0,0,0,0,0,0,0,0],"surrenders":[1,1,1,1,2,4,1,1,3,1,1,0,0,0,0],"gamesOf2p":[1,0,0,0,0,0,0,0,0,0,0,0,0,0,0],"gamesOf3p":[0,0,0,0,0,0,0,0,0,0,0,0,0,0,0],"gamesOf4p":[1,1,8,9,10,9,9,6,11,6,10,14,10,10,0],"gamesOf5p":[1,1,1,0,0,0,0,0,0,0,0,0,0,0,0],"gamesOf6p":[1,1,2,2,1,4,2,2,1,0,0,0,0,0,0],"gamesOf7p":[0,0,0,0,0,0,0,0,0,0,0,0,0,0,0],"gamesOf8p":[1,1,0,0,0,0,0,0,0,0,0,0,0,0,0],"customGames":[0,0,0,0,0,0,0,0,0,0,0,0,0,0,0],"QMGames":[0,0,0,0,0,0,0,0,0,0,0,0,0,0,0],"customGamesPerGeneral":[1,0,0,0,0,0,0,0,0,0,0,0,0,0,0],"quickMatchesPerGeneral":[0,0,0,0,0,0,0,0,0,0,0,0,0,0,0],"locale":0,"gamesAsRandom":134,"options":"","systemSpec":"","lastFPS":0,"lastGeneral":13,"gamesInRowWithLastGeneral":1,"challengeMedals":0,"battleHonors":4374914,"QMwinsInARow":0,"maxQMwinsInARow":0,"winsInARow":3,"maxWinsInARow":8,"lossesInARow":0,"maxLossesInARow":5,"disconsInARow":0,"maxDisconsInARow":0,"desyncsInARow":0,"maxDesyncsInARow":0,"builtParticleCannon":2,"builtNuke":6,"builtSCUD":8,"lastLadderPort":0,"lastLadderHost":""}}!
[DEBUG] 

[DEBUG] [2026-10-07 23:09:32] [0x1708d9220|https://api.playgenerals.online/env/prod/contract/1/PlayerStats/122782|Verb 0] Transfer is complete: 1979 bytes total! Curl result is 0
[DEBUG] 

[DEBUG] [2026-10-07 23:09:32] [0x1708d9220|https://api.playgenerals.online/env/prod/contract/1/PlayerStats/122782|Verb 0] Response was 200 - {"stats":{"userID":122782,"EloRating":1000,"EloMatches":0,"MonthlyEloRating":1000,"wins":[1,1,9,7,6,6,5,6,7,5,6,11,8,6,0],"losses":[1,1,3,6,5,6,5,3,4,4,4,4,3,3,0],"games":[1,1,11,12,10,14,10,8,11,8,11,16,12,11,0],"duration":[23,12,119,126,101,202,129,105,148,55,112,180,133,138,0],"unitsKilled":[43,37,685,577,960,1335,456,776,522,242,674,931,818,690,0],"unitsLost":[59,71,675,450,830,1394,628,1060,526,245,399,1195,986,894,0],"unitsBuilt":[50,67,329,361,710,537,237,782,352,244,278,817,723,632,0],"buildingsKilled":[5,2,67,58,155,71,31,94,43,35,48,78,88,57,0],"buildingsLost":[5,8,40,59,90,124,78,134,59,31,59,104,66,54,0],"buildingsBuilt":[16,18,137,167,170,257,157,215,151,94,153,219,176,168,0],"earnings":[44790,34205,386441,266608,701413,2000768672,433367,682272,451792,169917,1200343219,1200623650,1400470224,2000285779,0],"techCaptured":[50,25,170,94,115,251,99,106,63,88,64,155,173,41,0],"discons":[0,0,0,0,0,0,0,0,0,0,0,0,0,0,0],"desyncs":[0,0,0,0,0,0,0,0,0,0,0,0,0,0,0],"surrenders":[1,1,1,1,2,4,1,1,3,1,1,0,0,0,0],"gamesOf2p":[1,0,0,0,0,0,0,0,0,0,0,0,0,0,0],"gamesOf3p":[0,0,0,0,0,0,0,0,0,0,0,0,0,0,0],"gamesOf4p":[1,1,8,9,10,9,9,6,11,6,10,14,10,10,0],"gamesOf5p":[1,1,1,0,0,0,0,0,0,0,0,0,0,0,0],"gamesOf6p":[1,1,2,2,1,4,2,2,1,0,0,0,0,0,0],"gamesOf7p":[0,0,0,0,0,0,0,0,0,0,0,0,0,0,0],"gamesOf8p":[1,1,0,0,0,0,0,0,0,0,0,0,0,0,0],"customGames":[0,0,0,0,0,0,0,0,0,0,0,0,0,0,0],"QMGames":[0,0,0,0,0,0,0,0,0,0,0,0,0,0,0],"customGamesPerGeneral":[1,0,0,0,0,0,0,0,0,0,0,0,0,0,0],"quickMatchesPerGeneral":[0,0,0,0,0,0,0,0,0,0,0,0,0,0,0],"locale":0,"gamesAsRandom":134,"options":"","systemSpec":"","lastFPS":0,"lastGeneral":13,"gamesInRowWithLastGeneral":1,"challengeMedals":0,"battleHonors":4374914,"QMwinsInARow":0,"maxQMwinsInARow":0,"winsInARow":3,"maxWinsInARow":8,"lossesInARow":0,"maxLossesInARow":5,"disconsInARow":0,"maxDisconsInARow":0,"desyncsInARow":0,"maxDesyncsInARow":0,"builtParticleCannon":2,"builtNuke":6,"builtSCUD":8,"lastLadderPort":0,"lastLadderHost":""}}!
[DEBUG] 

[DEBUG] [2026-10-07 23:09:32] [0x1708bdda0|https://api.playgenerals.online/env/prod/contract/1/PlayerStats/122782|Verb 0] Transfer is complete: 1979 bytes total! Curl result is 0
[DEBUG] 

[DEBUG] [2026-10-07 23:09:32] [0x1708bdda0|https://api.playgenerals.online/env/prod/contract/1/PlayerStats/122782|Verb 0] Response was 200 - {"stats":{"userID":122782,"EloRating":1000,"EloMatches":0,"MonthlyEloRating":1000,"wins":[1,1,9,7,6,6,5,6,7,5,6,11,8,6,0],"losses":[1,1,3,6,5,6,5,3,4,4,4,4,3,3,0],"games":[1,1,11,12,10,14,10,8,11,8,11,16,12,11,0],"duration":[23,12,119,126,101,202,129,105,148,55,112,180,133,138,0],"unitsKilled":[43,37,685,577,960,1335,456,776,522,242,674,931,818,690,0],"unitsLost":[59,71,675,450,830,1394,628,1060,526,245,399,1195,986,894,0],"unitsBuilt":[50,67,329,361,710,537,237,782,352,244,278,817,723,632,0],"buildingsKilled":[5,2,67,58,155,71,31,94,43,35,48,78,88,57,0],"buildingsLost":[5,8,40,59,90,124,78,134,59,31,59,104,66,54,0],"buildingsBuilt":[16,18,137,167,170,257,157,215,151,94,153,219,176,168,0],"earnings":[44790,34205,386441,266608,701413,2000768672,433367,682272,451792,169917,1200343219,1200623650,1400470224,2000285779,0],"techCaptured":[50,25,170,94,115,251,99,106,63,88,64,155,173,41,0],"discons":[0,0,0,0,0,0,0,0,0,0,0,0,0,0,0],"desyncs":[0,0,0,0,0,0,0,0,0,0,0,0,0,0,0],"surrenders":[1,1,1,1,2,4,1,1,3,1,1,0,0,0,0],"gamesOf2p":[1,0,0,0,0,0,0,0,0,0,0,0,0,0,0],"gamesOf3p":[0,0,0,0,0,0,0,0,0,0,0,0,0,0,0],"gamesOf4p":[1,1,8,9,10,9,9,6,11,6,10,14,10,10,0],"gamesOf5p":[1,1,1,0,0,0,0,0,0,0,0,0,0,0,0],"gamesOf6p":[1,1,2,2,1,4,2,2,1,0,0,0,0,0,0],"gamesOf7p":[0,0,0,0,0,0,0,0,0,0,0,0,0,0,0],"gamesOf8p":[1,1,0,0,0,0,0,0,0,0,0,0,0,0,0],"customGames":[0,0,0,0,0,0,0,0,0,0,0,0,0,0,0],"QMGames":[0,0,0,0,0,0,0,0,0,0,0,0,0,0,0],"customGamesPerGeneral":[1,0,0,0,0,0,0,0,0,0,0,0,0,0,0],"quickMatchesPerGeneral":[0,0,0,0,0,0,0,0,0,0,0,0,0,0,0],"locale":0,"gamesAsRandom":134,"options":"","systemSpec":"","lastFPS":0,"lastGeneral":13,"gamesInRowWithLastGeneral":1,"challengeMedals":0,"battleHonors":4374914,"QMwinsInARow":0,"maxQMwinsInARow":0,"winsInARow":3,"maxWinsInARow":8,"lossesInARow":0,"maxLossesInARow":5,"disconsInARow":0,"maxDisconsInARow":0,"desyncsInARow":0,"maxDesyncsInARow":0,"builtParticleCannon":2,"builtNuke":6,"builtSCUD":8,"lastLadderPort":0,"lastLadderHost":""}}!
[DEBUG] 

[DEBUG] [2026-10-07 23:09:32] [0x1708d8c80|https://api.playgenerals.online/env/prod/contract/1/PlayerStats/122782|Verb 0] Transfer is complete: 1979 bytes total! Curl result is 0
[DEBUG] 

[DEBUG] [2026-10-07 23:09:32] [0x1708d8c80|https://api.playgenerals.online/env/prod/contract/1/PlayerStats/122782|Verb 0] Response was 200 - {"stats":{"userID":122782,"EloRating":1000,"EloMatches":0,"MonthlyEloRating":1000,"wins":[1,1,9,7,6,6,5,6,7,5,6,11,8,6,0],"losses":[1,1,3,6,5,6,5,3,4,4,4,4,3,3,0],"games":[1,1,11,12,10,14,10,8,11,8,11,16,12,11,0],"duration":[23,12,119,126,101,202,129,105,148,55,112,180,133,138,0],"unitsKilled":[43,37,685,577,960,1335,456,776,522,242,674,931,818,690,0],"unitsLost":[59,71,675,450,830,1394,628,1060,526,245,399,1195,986,894,0],"unitsBuilt":[50,67,329,361,710,537,237,782,352,244,278,817,723,632,0],"buildingsKilled":[5,2,67,58,155,71,31,94,43,35,48,78,88,57,0],"buildingsLost":[5,8,40,59,90,124,78,134,59,31,59,104,66,54,0],"buildingsBuilt":[16,18,137,167,170,257,157,215,151,94,153,219,176,168,0],"earnings":[44790,34205,386441,266608,701413,2000768672,433367,682272,451792,169917,1200343219,1200623650,1400470224,2000285779,0],"techCaptured":[50,25,170,94,115,251,99,106,63,88,64,155,173,41,0],"discons":[0,0,0,0,0,0,0,0,0,0,0,0,0,0,0],"desyncs":[0,0,0,0,0,0,0,0,0,0,0,0,0,0,0],"surrenders":[1,1,1,1,2,4,1,1,3,1,1,0,0,0,0],"gamesOf2p":[1,0,0,0,0,0,0,0,0,0,0,0,0,0,0],"gamesOf3p":[0,0,0,0,0,0,0,0,0,0,0,0,0,0,0],"gamesOf4p":[1,1,8,9,10,9,9,6,11,6,10,14,10,10,0],"gamesOf5p":[1,1,1,0,0,0,0,0,0,0,0,0,0,0,0],"gamesOf6p":[1,1,2,2,1,4,2,2,1,0,0,0,0,0,0],"gamesOf7p":[0,0,0,0,0,0,0,0,0,0,0,0,0,0,0],"gamesOf8p":[1,1,0,0,0,0,0,0,0,0,0,0,0,0,0],"customGames":[0,0,0,0,0,0,0,0,0,0,0,0,0,0,0],"QMGames":[0,0,0,0,0,0,0,0,0,0,0,0,0,0,0],"customGamesPerGeneral":[1,0,0,0,0,0,0,0,0,0,0,0,0,0,0],"quickMatchesPerGeneral":[0,0,0,0,0,0,0,0,0,0,0,0,0,0,0],"locale":0,"gamesAsRandom":134,"options":"","systemSpec":"","lastFPS":0,"lastGeneral":13,"gamesInRowWithLastGeneral":1,"challengeMedals":0,"battleHonors":4374914,"QMwinsInARow":0,"maxQMwinsInARow":0,"winsInARow":3,"maxWinsInARow":8,"lossesInARow":0,"maxLossesInARow":5,"disconsInARow":0,"maxDisconsInARow":0,"desyncsInARow":0,"maxDesyncsInARow":0,"builtParticleCannon":2,"builtNuke":6,"builtSCUD":8,"lastLadderPort":0,"lastLadderHost":""}}!
[DEBUG] 

[DEBUG] [2026-10-07 23:09:32] [0x1708ff3e0|https://api.playgenerals.online/env/prod/contract/1/PlayerStats/122782|Verb 0] Transfer is complete: 1979 bytes total! Curl result is 0
[DEBUG] 

[DEBUG] [2026-10-07 23:09:32] [0x1708ff3e0|https://api.playgenerals.online/env/prod/contract/1/PlayerStats/122782|Verb 0] Response was 200 - {"stats":{"userID":122782,"EloRating":1000,"EloMatches":0,"MonthlyEloRating":1000,"wins":[1,1,9,7,6,6,5,6,7,5,6,11,8,6,0],"losses":[1,1,3,6,5,6,5,3,4,4,4,4,3,3,0],"games":[1,1,11,12,10,14,10,8,11,8,11,16,12,11,0],"duration":[23,12,119,126,101,202,129,105,148,55,112,180,133,138,0],"unitsKilled":[43,37,685,577,960,1335,456,776,522,242,674,931,818,690,0],"unitsLost":[59,71,675,450,830,1394,628,1060,526,245,399,1195,986,894,0],"unitsBuilt":[50,67,329,361,710,537,237,782,352,244,278,817,723,632,0],"buildingsKilled":[5,2,67,58,155,71,31,94,43,35,48,78,88,57,0],"buildingsLost":[5,8,40,59,90,124,78,134,59,31,59,104,66,54,0],"buildingsBuilt":[16,18,137,167,170,257,157,215,151,94,153,219,176,168,0],"earnings":[44790,34205,386441,266608,701413,2000768672,433367,682272,451792,169917,1200343219,1200623650,1400470224,2000285779,0],"techCaptured":[50,25,170,94,115,251,99,106,63,88,64,155,173,41,0],"discons":[0,0,0,0,0,0,0,0,0,0,0,0,0,0,0],"desyncs":[0,0,0,0,0,0,0,0,0,0,0,0,0,0,0],"surrenders":[1,1,1,1,2,4,1,1,3,1,1,0,0,0,0],"gamesOf2p":[1,0,0,0,0,0,0,0,0,0,0,0,0,0,0],"gamesOf3p":[0,0,0,0,0,0,0,0,0,0,0,0,0,0,0],"gamesOf4p":[1,1,8,9,10,9,9,6,11,6,10,14,10,10,0],"gamesOf5p":[1,1,1,0,0,0,0,0,0,0,0,0,0,0,0],"gamesOf6p":[1,1,2,2,1,4,2,2,1,0,0,0,0,0,0],"gamesOf7p":[0,0,0,0,0,0,0,0,0,0,0,0,0,0,0],"gamesOf8p":[1,1,0,0,0,0,0,0,0,0,0,0,0,0,0],"customGames":[0,0,0,0,0,0,0,0,0,0,0,0,0,0,0],"QMGames":[0,0,0,0,0,0,0,0,0,0,0,0,0,0,0],"customGamesPerGeneral":[1,0,0,0,0,0,0,0,0,0,0,0,0,0,0],"quickMatchesPerGeneral":[0,0,0,0,0,0,0,0,0,0,0,0,0,0,0],"locale":0,"gamesAsRandom":134,"options":"","systemSpec":"","lastFPS":0,"lastGeneral":13,"gamesInRowWithLastGeneral":1,"challengeMedals":0,"battleHonors":4374914,"QMwinsInARow":0,"maxQMwinsInARow":0,"winsInARow":3,"maxWinsInARow":8,"lossesInARow":0,"maxLossesInARow":5,"disconsInARow":0,"maxDisconsInARow":0,"desyncsInARow":0,"maxDesyncsInARow":0,"builtParticleCannon":2,"builtNuke":6,"builtSCUD":8,"lastLadderPort":0,"lastLadderHost":""}}!
[DEBUG] 

[DEBUG] [2026-10-07 23:09:33] [0x1708bbbe0|https://api.playgenerals.online/env/prod/contract/1/ServiceConfig|Verb 0] Transfer is complete: 840 bytes total! Curl result is 0
[DEBUG] 

[DEBUG] [2026-10-07 23:09:33] [0x1708bbbe0|https://api.playgenerals.online/env/prod/contract/1/ServiceConfig|Verb 0] Response was 200 - {
	"retry_signalling": true,
	"use_mapped_port": true,
	"min_run_ahead_frames": 6,
	"ra_update_frequency_frames": 10,
	"relay_all_traffic": false,
	"ra_slack_percent": 30,
	"frame_grouping_frames": 2,
	"enable_host_migration": false,
	"network_do_immediate_flush_per_frame": true,
	"network_send_flags": -1,
	"network_latency_logic_model": 2,
	"use_default_config": true,
	"ra_slack_override_percent_in_default": 30,
	"do_probes": true,
	"do_replay_upload": true,
	"network_mesh_histogram_duration": 20000,
	"ibra_ra_tweaks": false,
	"ibra_minslack_default": 0.35,
	"ibra_maxslack_default": 1.0,
	"ibra_minslack_greaterthan300ms": 0.4,
	"ibra_maxslack_greaterthan300ms": 1.0,
	"ibra_minslack_greaterthan200ms": 0.4,
	"ibra_maxslack_greaterthan200ms": 1.0,
	"screenshot_width": 960,
	"screenshot_height": 600,
	"use_new_networking": false
}
!
[DEBUG] 

[DEBUG] [2026-10-07 23:09:33] [NGMP] Joining lobby with id 67836
[DEBUG] 

[DEBUG] [2026-10-07 23:09:33] NetworkMesh: iOS forcing TURN relay-only ICE (STUN disabled)
[DEBUG] 

[DEBUG] [2026-10-07 23:09:33] NetworkMesh: Apple build forcing native ICE implementation 1
[DEBUG] 

[DEBUG] [2026-10-07 23:09:33] NetworkMesh: using ICE implementation 1 (0=default, 1=native, 2=WebRTC)
[DEBUG] 

[DEBUG] [2026-10-07 23:09:33] [0x1708bb880|https://api.playgenerals.online/env/prod/contract/1/Lobby/67836|Verb 0] Transfer is complete: 179 bytes total! Curl result is 0
[DEBUG] 

[DEBUG] [2026-10-07 23:09:33] [0x1708bb880|https://api.playgenerals.online/env/prod/contract/1/Lobby/67836|Verb 0] Response was 200 - <redacted>!
[DEBUG] 

[DEBUG] [2026-10-07 23:09:33] [NGMP] Joined lobby
[DEBUG] 

[DEBUG] [2026-10-07 23:09:33] [SIGNAL] Got TURN credentials, starting 0 held signalling request(s)
[DEBUG] 

[DEBUG] [2026-10-07 23:09:33] [AC] Begin Session 0
[DEBUG] 

[DEBUG] [2026-10-07 23:09:33] [AC] Begin Session End
[DEBUG] 

[DEBUG] [2026-10-07 23:09:33] [STEAM CONNECTION] Attaching connection 821186600 to user 14531
[DEBUG] 

[DEBUG] [2026-10-07 23:09:33] [STEAM NETWORKING LOGFUNC] [#821186600 P2P str:14531 rem vport 0] Sending P2P ConnectRequest
[DEBUG] 

[DEBUG] [2026-10-07 23:09:33] [NETWORK_CONNECTION_START_SIGNALLING] Starting signalling with 14531 (MWID: )
[DEBUG] 

[DEBUG] [2026-10-07 23:09:33] [SIGNAL] SEND SIGNAL!
[DEBUG] 

[DEBUG] [2026-10-07 23:09:33] [STEAM NETWORKING][#821186600 P2P str:14531 rem vport 0] Entered connecting state

[DEBUG] 

[DEBUG] [2026-10-07 23:09:33] [AC] Websocket AC_REGISTER_PLAYER for 14531 and 
[DEBUG] 

[DEBUG] [2026-10-07 23:09:33] [STEAM CONNECTION] Attaching connection 2745011911 to user 19983
[DEBUG] 

[DEBUG] [2026-10-07 23:09:33] [STEAM NETWORKING LOGFUNC] [#2745011911 P2P str:19983 rem vport 0] Sending P2P ConnectRequest
[DEBUG] 

[DEBUG] [2026-10-07 23:09:33] [NETWORK_CONNECTION_START_SIGNALLING] Starting signalling with 19983 (MWID: )
[DEBUG] 

[DEBUG] [2026-10-07 23:09:33] [SIGNAL] SEND SIGNAL!
[DEBUG] 

[DEBUG] [2026-10-07 23:09:33] [STEAM NETWORKING][#2745011911 P2P str:19983 rem vport 0] Entered connecting state

[DEBUG] 

[DEBUG] [2026-10-07 23:09:33] [AC] Websocket AC_REGISTER_PLAYER for 19983 and 
[DEBUG] 

[DEBUG] [2026-10-07 23:09:33] [SIGNAL] GOT SIGNAL!
[DEBUG] 

[DEBUG] [2026-10-07 23:09:33] [SIGNAL] Signal User: 14531!
[DEBUG] 

[DEBUG] [2026-10-07 23:09:33] [SIGNAL] Signal Payload Size: 1050!
[DEBUG] 

[DEBUG] [2026-10-07 23:09:33] [SIGNAL] PROCESS SIGNAL!
[DEBUG] 

[DEBUG] [2026-10-07 23:09:33] [STEAM NETWORKING][#821186600 P2P str:14531 vport 0 'Steam Connection User14531'] finding route

[DEBUG] 

[DEBUG] [2026-10-07 23:09:33] [SIGNAL] GOT SIGNAL!
[DEBUG] 

[DEBUG] [2026-10-07 23:09:33] [SIGNAL] Signal User: 19983!
[DEBUG] 

[DEBUG] [2026-10-07 23:09:33] [SIGNAL] Signal Payload Size: 680!
[DEBUG] 

[DEBUG] [2026-10-07 23:09:33] [SIGNAL] SEND SIGNAL!
[DEBUG] 

[DEBUG] [2026-10-07 23:09:33] [SIGNAL] PROCESS SIGNAL!
[DEBUG] 

[DEBUG] [2026-10-07 23:09:33] [STEAM NETWORKING][#2745011911 P2P str:19983 vport 0 'Steam Connection User19983'] finding route

[DEBUG] 

[DEBUG] [2026-10-07 23:09:33] [SIGNAL] SEND SIGNAL!
[DEBUG] 

[DEBUG] [2026-10-07 23:09:33] [SIGNAL] GOT SIGNAL!
[DEBUG] 

[DEBUG] [2026-10-07 23:09:33] [SIGNAL] Signal User: 19983!
[DEBUG] 

[DEBUG] [2026-10-07 23:09:33] [SIGNAL] Signal Payload Size: 1006!
[DEBUG] 

[DEBUG] [2026-10-07 23:09:33] [0x170937900|https://api.playgenerals.online/env/prod/contract/1/Lobby/67836|Verb 0] Transfer is complete: 2163 bytes total! Curl result is 0
[DEBUG] 

[DEBUG] [2026-10-07 23:09:33] [0x170937900|https://api.playgenerals.online/env/prod/contract/1/Lobby/67836|Verb 0] Response was 200 - {"lobby":{"LobbyID":67836,"Owner":14531,"Name":"[EU][⛊] 2v2 cxn","State":0,"MapName":"!2v2 cxn.map (4)","MapPath":"!2v2 cxn\\!2v2 cxn.map","IsMapOfficial":false,"MatchID":0,"TimeCreated":"2026-10-07T18:07:38.7229832Z","NumCurrentPlayers":3,"MaxPlayers":4,"IsVanillaTeamsOnly":false,"StartingCash":10000,"IsLimitSuperweapons":true,"IsTrackingStats":true,"IsPassworded":false,"AllowObservers":true,"ExeCRC":560676586,"IniCRC":2180732466,"NetworkRoomID":1,"RNGSeed":<redacted>,"LobbyType":0,"MatchedUserIDs":[],"Region":"Europe","EstimatedLatency":999999,"MaximumCameraHeight":380,"Members":[{"UserID":14531,"DisplayName":"JOYBOY","IsReady":true,"Port":0,"Side":-1,"Team":0,"Color":6,"StartingPosition":-1,"HasMap":true,"SlotState":5,"SlotIndex":0,"Region":"Europe","MiddlewareUserID":""},{"UserID":129336,"DisplayName":"weyva","IsReady":false,"Port":0,"Side":-1,"Team":-1,"Color":2,"StartingPosition":-1,"HasMap":false,"SlotState":5,"SlotIndex":1,"Region":"Asia","MiddlewareUserID":""},{"UserID":19983,"DisplayName":"ReBoRn","IsReady":false,"Port":0,"Side":-1,"Team":0,"Color":5,"StartingPosition":-1,"HasMap":false,"SlotState":5,"SlotIndex":2,"Region":"Europe","MiddlewareUserID":""},{"UserID":-1,"DisplayName":"","IsReady":false,"Port":0,"Side":-1,"Team":-1,"Color":-1,"StartingPosition":-1,"HasMap":true,"SlotState":0,"SlotIndex":3,"Region":"Unknown","MiddlewareUserID":""},{"UserID":-1,"DisplayName":"","IsReady":false,"Port":0,"Side":-1,"Team":-1,"Color":-1,"StartingPosition":-1,"HasMap":true,"SlotState":1,"SlotIndex":4,"Region":"Unknown","MiddlewareUserID":""},{"UserID":-1,"DisplayName":"","IsReady":false,"Port":0,"Side":-1,"Team":-1,"Color":-1,"StartingPosition":-1,"HasMap":true,"SlotState":1,"SlotIndex":5,"Region":"Unknown","MiddlewareUserID":""},{"UserID":-1,"DisplayName":"","IsReady":false,"Port":0,"Side":-1,"Team":-1,"Color":-1,"StartingPosition":-1,"HasMap":true,"SlotState":1,"SlotIndex":6,"Region":"Unknown","MiddlewareUserID":""},{"UserID":-1,"DisplayName":"","IsReady":false,"Port":0,"Side":-1,"Team":-1,"Color":-1,"StartingPosition":-1,"HasMap":true,"SlotState":1,"SlotIndex":7,"Region":"Unknown","MiddlewareUserID":""}],"AnticheatID":0}}!
[DEBUG] 

[DEBUG] [2026-10-07 23:09:33] [0x1708f1e20|https://api.playgenerals.online/env/prod/contract/1/PlayerStats/14531|Verb 0] Transfer is complete: 2079 bytes total! Curl result is 0
[DEBUG] 

[DEBUG] [2026-10-07 23:09:33] [0x1708f1e20|https://api.playgenerals.online/env/prod/contract/1/PlayerStats/14531|Verb 0] Response was 200 - {"stats":{"userID":14531,"EloRating":1167,"EloMatches":419,"MonthlyEloRating":1021,"wins":[1,1,35,31,33,34,37,29,40,26,28,38,35,31,0],"losses":[1,1,44,39,41,36,44,35,33,22,29,31,28,32,0],"games":[1,1,91,75,84,76,93,72,80,56,62,79,69,77,0],"duration":[10,4,709,706,728,596,802,585,763,506,473,663,647,688,0],"unitsKilled":[12,5,2284,2198,2351,1874,2905,1776,2654,1646,1392,1979,1848,2498,0],"unitsLost":[31,18,3291,2678,3991,2282,3616,1840,2397,2627,1540,3134,2892,3903,0],"unitsBuilt":[13,27,4169,3368,5861,3124,4492,2598,3509,2567,2134,5358,4291,5782,0],"buildingsKilled":[2,4,234,219,215,184,247,220,294,223,169,194,162,196,0],"buildingsLost":[7,2,140,251,322,125,185,92,226,80,155,262,257,282,0],"buildingsBuilt":[8,5,755,764,1264,675,857,598,834,513,596,1195,1011,1350,0],"earnings":[8490,9000,2728702,3144547,3557640,2299760,3164808,2033072,3506562,1992348,2107154,2913419,2481725,3688947,0],"techCaptured":[19,3,204,319,401,154,332,201,272,172,268,273,294,268,0],"discons":[0,0,0,0,0,0,0,0,0,0,0,0,0,0,0],"desyncs":[1,1,2,1,1,2,2,1,1,0,0,0,0,0,0],"surrenders":[1,1,5,5,3,4,4,5,1,2,3,6,1,2,0],"gamesOf2p":[1,1,67,45,46,45,56,39,48,38,36,49,42,52,0],"gamesOf3p":[1,1,2,2,1,1,1,1,1,0,0,0,0,0,0],"gamesOf4p":[1,1,9,8,9,7,10,9,13,8,4,12,13,7,0],"gamesOf5p":[1,1,1,2,3,2,1,2,1,2,2,2,1,0,0],"gamesOf6p":[1,1,13,21,23,19,26,19,16,10,19,14,10,15,0],"gamesOf7p":[1,1,1,1,2,2,1,3,1,1,0,0,0,0,0],"gamesOf8p":[1,1,1,1,0,0,0,0,0,0,0,0,0,0,0],"customGames":[0,0,0,0,0,0,0,0,0,0,0,0,0,0,0],"QMGames":[0,0,0,0,0,0,0,0,0,0,0,0,0,0,0],"customGamesPerGeneral":[1,0,0,0,0,0,0,0,0,0,0,0,0,0,0],"quickMatchesPerGeneral":[1,0,0,0,0,0,0,0,0,0,0,0,0,0,0],"locale":0,"gamesAsRandom":369,"options":"","systemSpec":"","lastFPS":0,"lastGeneral":12,"gamesInRowWithLastGeneral":1,"challengeMedals":0,"battleHonors":4374914,"QMwinsInARow":0,"maxQMwinsInARow":0,"winsInARow":10,"maxWinsInARow":18,"lossesInARow":0,"maxLossesInARow":15,"disconsInARow":0,"maxDisconsInARow":4,"desyncsInARow":0,"maxDesyncsInARow":1,"builtParticleCannon":1,"builtNuke":14,"builtSCUD":23,"lastLadderPort":0,"lastLadderHost":""}}!
[DEBUG] 

[DEBUG] [2026-10-07 23:09:33] [0x1708bf1e0|https://api.playgenerals.online/env/prod/contract/1/ConnectionOutcome|Verb 0] Transfer is complete: 17 bytes total! Curl result is 0
[DEBUG] 

[DEBUG] [2026-10-07 23:09:33] [0x1708bf1e0|https://api.playgenerals.online/env/prod/contract/1/ConnectionOutcome|Verb 0] Response was 200 - {"success":false}!
[DEBUG] 

[DEBUG] [2026-10-07 23:09:33] [SIGNAL] PROCESS SIGNAL!
[DEBUG] 

[DEBUG] [2026-10-07 23:09:33] [STEAM NETWORKING LOGFUNC] [#2745011911 P2P str:19983 vport 0 'Steam Connection User19983'] Got remote candidate 'candidate:141802316 0 udp 2122262784 2a02:3037:301:f648:28a:c96f:72a9:102 57034 typ host generation 0 ufrag CZDtY network-id 2 network-cost 10'
[DEBUG] 

[DEBUG] [2026-10-07 23:09:33] [STEAM NETWORKING LOGFUNC] [#2745011911 P2P str:19983 vport 0 'Steam Connection User19983'] Got remote candidate 'candidate:3105591770 0 udp 2122194688 192.168.1.115 57035 typ host generation 0 ufrag CZDtY network-id 1 network-cost 10'
[DEBUG] 

[DEBUG] [2026-10-07 23:09:33] [STEAM NETWORKING LOGFUNC] [#2745011911 P2P str:19983 vport 0 'Steam Connection User19983'] Got remote candidate 'candidate:945002350 0 udp 1685987072 176.3.80.222 43448 typ srflx raddr 192.168.1.115 rport 57035 generation 0 ufrag CZDtY network-id 1 network-cost 10'
[DEBUG] 

[DEBUG] [2026-10-07 23:09:33] [STEAM NETWORKING LOGFUNC] [#2745011911 P2P str:19983 vport 0 'Steam Connection User19983'] Got remote candidate 'candidate:945002350 0 udp 1685987072 176.3.80.222 43415 typ srflx raddr 192.168.1.115 rport 57035 generation 0 ufrag CZDtY network-id 1 network-cost 10'
[DEBUG] 

[DEBUG] [2026-10-07 23:09:33] [STEAM NETWORKING LOGFUNC] [#2745011911 P2P str:19983 vport 0 'Steam Connection User19983'] Got remote candidate 'candidate:945002350 0 udp 1685987072 176.3.80.222 43441 typ srflx raddr 192.168.1.115 rport 57035 generation 0 ufrag CZDtY network-id 1 network-cost 10'
[DEBUG] 

[DEBUG] [2026-10-07 23:09:34] [0x1708ff3e0|https://api.playgenerals.online/env/prod/contract/1/Lobby/67836|Verb 0] Transfer is complete: 2163 bytes total! Curl result is 0
[DEBUG] 

[DEBUG] [2026-10-07 23:09:34] [0x1708ff3e0|https://api.playgenerals.online/env/prod/contract/1/Lobby/67836|Verb 0] Response was 200 - {"lobby":{"LobbyID":67836,"Owner":14531,"Name":"[EU][⛊] 2v2 cxn","State":0,"MapName":"!2v2 cxn.map (4)","MapPath":"!2v2 cxn\\!2v2 cxn.map","IsMapOfficial":false,"MatchID":0,"TimeCreated":"2026-10-07T18:07:38.7229832Z","NumCurrentPlayers":3,"MaxPlayers":4,"IsVanillaTeamsOnly":false,"StartingCash":10000,"IsLimitSuperweapons":true,"IsTrackingStats":true,"IsPassworded":false,"AllowObservers":true,"ExeCRC":560676586,"IniCRC":2180732466,"NetworkRoomID":1,"RNGSeed":<redacted>,"LobbyType":0,"MatchedUserIDs":[],"Region":"Europe","EstimatedLatency":999999,"MaximumCameraHeight":380,"Members":[{"UserID":14531,"DisplayName":"JOYBOY","IsReady":true,"Port":0,"Side":-1,"Team":0,"Color":6,"StartingPosition":-1,"HasMap":true,"SlotState":5,"SlotIndex":0,"Region":"Europe","MiddlewareUserID":""},{"UserID":129336,"DisplayName":"weyva","IsReady":false,"Port":0,"Side":-1,"Team":-1,"Color":2,"StartingPosition":-1,"HasMap":false,"SlotState":5,"SlotIndex":1,"Region":"Asia","MiddlewareUserID":""},{"UserID":19983,"DisplayName":"ReBoRn","IsReady":false,"Port":0,"Side":-1,"Team":0,"Color":5,"StartingPosition":-1,"HasMap":false,"SlotState":5,"SlotIndex":2,"Region":"Europe","MiddlewareUserID":""},{"UserID":-1,"DisplayName":"","IsReady":false,"Port":0,"Side":-1,"Team":-1,"Color":-1,"StartingPosition":-1,"HasMap":true,"SlotState":0,"SlotIndex":3,"Region":"Unknown","MiddlewareUserID":""},{"UserID":-1,"DisplayName":"","IsReady":false,"Port":0,"Side":-1,"Team":-1,"Color":-1,"StartingPosition":-1,"HasMap":true,"SlotState":1,"SlotIndex":4,"Region":"Unknown","MiddlewareUserID":""},{"UserID":-1,"DisplayName":"","IsReady":false,"Port":0,"Side":-1,"Team":-1,"Color":-1,"StartingPosition":-1,"HasMap":true,"SlotState":1,"SlotIndex":5,"Region":"Unknown","MiddlewareUserID":""},{"UserID":-1,"DisplayName":"","IsReady":false,"Port":0,"Side":-1,"Team":-1,"Color":-1,"StartingPosition":-1,"HasMap":true,"SlotState":1,"SlotIndex":6,"Region":"Unknown","MiddlewareUserID":""},{"UserID":-1,"DisplayName":"","IsReady":false,"Port":0,"Side":-1,"Team":-1,"Color":-1,"StartingPosition":-1,"HasMap":true,"SlotState":1,"SlotIndex":7,"Region":"Unknown","MiddlewareUserID":""}],"AnticheatID":0}}!
[DEBUG] 

[DEBUG] [2026-10-07 23:09:34] [0x1708f11c0|https://api.playgenerals.online/env/prod/contract/1/ConnectionOutcome|Verb 0] Transfer is complete: 17 bytes total! Curl result is 0
[DEBUG] 

[DEBUG] [2026-10-07 23:09:34] [0x1708f11c0|https://api.playgenerals.online/env/prod/contract/1/ConnectionOutcome|Verb 0] Response was 200 - {"success":false}!
[DEBUG] 

[DEBUG] [2026-10-07 23:09:34] [SIGNAL] GOT SIGNAL!
[DEBUG] 

[DEBUG] [2026-10-07 23:09:34] [SIGNAL] Signal User: 19983!
[DEBUG] 

[DEBUG] [2026-10-07 23:09:34] [SIGNAL] Signal Payload Size: 1356!
[DEBUG] 

[DEBUG] [2026-10-07 23:09:34] [SIGNAL] PROCESS SIGNAL!
[DEBUG] 

[DEBUG] [2026-10-07 23:09:34] [STEAM NETWORKING LOGFUNC] [#2745011911 P2P str:19983 vport 0 'Steam Connection User19983'] Got remote candidate 'candidate:2463077696 0 udp 41885440 104.30.145.176 39882 typ relay raddr 2a02:3037:301:f648:28a:c96f:72a9:102 rport 57034 generation 0 ufrag CZDtY network-id 2 network-cost 10'
[DEBUG] 

[DEBUG] [2026-10-07 23:09:34] [STEAM NETWORKING LOGFUNC] [#2745011911 P2P str:19983 vport 0 'Steam Connection User19983'] Got remote candidate 'candidate:3174903896 0 udp 41819904 104.30.150.209 17264 typ relay raddr 176.3.80.222 rport 43441 generation 0 ufrag CZDtY network-id 1 network-cost 10'
[DEBUG] 

[DEBUG] [2026-10-07 23:09:34] [SIGNAL] SEND SIGNAL!
[DEBUG] 

[DEBUG] [2026-10-07 23:09:34] [STEAM CONNECTION] Attaching connection 1266245529 to user 19031
[DEBUG] 

[DEBUG] [2026-10-07 23:09:34] [STEAM NETWORKING LOGFUNC] [#1266245529 P2P str:19031 rem vport 0] Sending P2P ConnectRequest
[DEBUG] 

[DEBUG] [2026-10-07 23:09:34] [NETWORK_CONNECTION_START_SIGNALLING] Starting signalling with 19031 (MWID: )
[DEBUG] 

[DEBUG] [2026-10-07 23:09:34] [0x1708fe0c0|https://api.playgenerals.online/env/prod/contract/1/PlayerStats/19983|Verb 0] Transfer is complete: 2091 bytes total! Curl result is 0
[DEBUG] 

[DEBUG] [2026-10-07 23:09:34] [0x1708fe0c0|https://api.playgenerals.online/env/prod/contract/1/PlayerStats/19983|Verb 0] Response was 200 - {"stats":{"userID":19983,"EloRating":1302,"EloMatches":64,"MonthlyEloRating":1046,"wins":[1,1,33,41,38,37,39,44,47,33,33,29,35,42,0],"losses":[1,1,22,32,19,17,23,15,23,16,21,21,27,17,0],"games":[1,1,58,72,58,55,63,62,72,51,57,51,62,61,0],"duration":[37,11,758,834,699,634,742,680,749,576,938,590,796,737,0],"unitsKilled":[135,52,3312,4332,3050,3209,4431,3109,3018,1969,4689,2246,3676,3712,0],"unitsLost":[113,20,3749,3494,2984,3075,4997,2418,2104,2377,3053,2853,4880,4469,0],"unitsBuilt":[155,22,4119,4427,4367,3048,4103,3021,3100,3694,4288,4050,6033,6137,0],"buildingsKilled":[8,7,310,383,204,357,461,464,233,327,307,225,320,326,0],"buildingsLost":[1,8,242,443,294,234,340,164,183,192,267,313,514,301,0],"buildingsBuilt":[24,13,1039,1124,1288,912,979,930,867,717,911,1112,1491,1505,0],"earnings":[189956,24350,604020778,4629351,3491397,3125483,4100609,3328113,3120542,2875065,4731470,3111570,4501614,4756995,0],"techCaptured":[69,22,574,409,485,415,532,501,465,456,918,488,581,512,0],"discons":[0,0,0,0,0,0,0,0,0,0,0,0,0,0,0],"desyncs":[1,1,2,1,3,1,2,2,1,1,0,0,0,0,0],"surrenders":[1,1,5,7,4,4,2,5,4,2,3,3,3,5,0],"gamesOf2p":[1,1,7,9,8,5,9,8,10,4,5,6,5,9,0],"gamesOf3p":[1,1,1,1,1,1,1,1,0,0,0,0,0,0,0],"gamesOf4p":[1,1,19,32,26,24,31,23,31,28,20,22,25,26,0],"gamesOf5p":[1,1,6,2,5,4,5,7,4,2,8,3,3,4,0],"gamesOf6p":[1,1,22,24,16,16,17,21,22,15,21,18,22,17,0],"gamesOf7p":[1,1,5,6,5,4,1,3,3,4,2,1,2,2,0],"gamesOf8p":[1,1,2,2,2,3,5,1,2,2,2,1,2,0,0],"customGames":[0,0,0,0,0,0,0,0,0,0,0,0,0,0,0],"QMGames":[0,0,0,0,0,0,0,0,0,0,0,0,0,0,0],"customGamesPerGeneral":[1,0,0,0,0,0,0,0,0,0,0,0,0,0,0],"quickMatchesPerGeneral":[1,0,0,0,0,0,0,0,0,0,0,0,0,0,0],"locale":0,"gamesAsRandom":657,"options":"","systemSpec":"","lastFPS":0,"lastGeneral":5,"gamesInRowWithLastGeneral":1,"challengeMedals":0,"battleHonors":4374914,"QMwinsInARow":0,"maxQMwinsInARow":0,"winsInARow":10,"maxWinsInARow":17,"lossesInARow":0,"maxLossesInARow":6,"disconsInARow":0,"maxDisconsInARow":2,"desyncsInARow":0,"maxDesyncsInARow":2,"builtParticleCannon":35,"builtNuke":53,"builtSCUD":58,"lastLadderPort":0,"lastLadderHost":""}}!
[DEBUG] 

[DEBUG] [2026-10-07 23:09:34] [SIGNAL] SEND SIGNAL!
[DEBUG] 

[DEBUG] [2026-10-07 23:09:34] [STEAM NETWORKING][#1266245529 P2P str:19031 rem vport 0] Entered connecting state

[DEBUG] 

[DEBUG] [2026-10-07 23:09:34] [AC] Websocket AC_REGISTER_PLAYER for 19031 and 
[DEBUG] 

[DEBUG] [2026-10-07 23:09:34] [0x170939880|https://api.playgenerals.online/env/prod/contract/1/Lobby/67836|Verb 0] Transfer is complete: 2171 bytes total! Curl result is 0
[DEBUG] 

[DEBUG] [2026-10-07 23:09:34] [0x170939880|https://api.playgenerals.online/env/prod/contract/1/Lobby/67836|Verb 0] Response was 200 - {"lobby":{"LobbyID":67836,"Owner":14531,"Name":"[EU][⛊] 2v2 cxn","State":0,"MapName":"!2v2 cxn.map (4)","MapPath":"!2v2 cxn\\!2v2 cxn.map","IsMapOfficial":false,"MatchID":0,"TimeCreated":"2026-10-07T18:07:38.7229832Z","NumCurrentPlayers":4,"MaxPlayers":4,"IsVanillaTeamsOnly":false,"StartingCash":10000,"IsLimitSuperweapons":true,"IsTrackingStats":true,"IsPassworded":false,"AllowObservers":true,"ExeCRC":560676586,"IniCRC":2180732466,"NetworkRoomID":1,"RNGSeed":<redacted>,"LobbyType":0,"MatchedUserIDs":[],"Region":"Europe","EstimatedLatency":999999,"MaximumCameraHeight":380,"Members":[{"UserID":14531,"DisplayName":"JOYBOY","IsReady":true,"Port":0,"Side":-1,"Team":0,"Color":6,"StartingPosition":-1,"HasMap":true,"SlotState":5,"SlotIndex":0,"Region":"Europe","MiddlewareUserID":""},{"UserID":129336,"DisplayName":"weyva","IsReady":false,"Port":0,"Side":-1,"Team":-1,"Color":2,"StartingPosition":-1,"HasMap":false,"SlotState":5,"SlotIndex":1,"Region":"Asia","MiddlewareUserID":""},{"UserID":19983,"DisplayName":"ReBoRn","IsReady":false,"Port":0,"Side":-1,"Team":0,"Color":5,"StartingPosition":-1,"HasMap":false,"SlotState":5,"SlotIndex":2,"Region":"Europe","MiddlewareUserID":""},{"UserID":19031,"DisplayName":"Elsaqa","IsReady":false,"Port":0,"Side":-1,"Team":-1,"Color":-1,"StartingPosition":-1,"HasMap":true,"SlotState":5,"SlotIndex":3,"Region":"Africa","MiddlewareUserID":""},{"UserID":-1,"DisplayName":"","IsReady":false,"Port":0,"Side":-1,"Team":-1,"Color":-1,"StartingPosition":-1,"HasMap":true,"SlotState":1,"SlotIndex":4,"Region":"Unknown","MiddlewareUserID":""},{"UserID":-1,"DisplayName":"","IsReady":false,"Port":0,"Side":-1,"Team":-1,"Color":-1,"StartingPosition":-1,"HasMap":true,"SlotState":1,"SlotIndex":5,"Region":"Unknown","MiddlewareUserID":""},{"UserID":-1,"DisplayName":"","IsReady":false,"Port":0,"Side":-1,"Team":-1,"Color":-1,"StartingPosition":-1,"HasMap":true,"SlotState":1,"SlotIndex":6,"Region":"Unknown","MiddlewareUserID":""},{"UserID":-1,"DisplayName":"","IsReady":false,"Port":0,"Side":-1,"Team":-1,"Color":-1,"StartingPosition":-1,"HasMap":true,"SlotState":1,"SlotIndex":7,"Region":"Unknown","MiddlewareUserID":""}],"AnticheatID":0}}!
[DEBUG] 

DEBUG: Shell::push() called with filename='Menus/GameSpyGameOptionsMenu.wnd'
DEBUG: Shell::push() marked as pending, will load 'Menus/GameSpyGameOptionsMenu.wnd' next frame
DEBUG: Shell::update() - Processing pending push: 'Menus/GameSpyGameOptionsMenu.wnd'
DEBUG: Shell::doPush() called with layoutFile='Menus/GameSpyGameOptionsMenu.wnd'
DEBUG: About to call TheWindowManager->winCreateLayout('Menus/GameSpyGameOptionsMenu.wnd')
DEBUG: winCreateLayout returned: 0x13b89e540
DEBUG: Shell::doPush() completed successfully
DEBUG: Shell::update() - Push completed
[DEBUG] [2026-10-07 23:09:34] [SIGNAL] GOT SIGNAL!
[DEBUG] 

[DEBUG] [2026-10-07 23:09:34] [SIGNAL] Signal User: 14531!
[DEBUG] 

[DEBUG] [2026-10-07 23:09:34] [SIGNAL] Signal Payload Size: 1542!
[DEBUG] 

[DEBUG] [2026-10-07 23:09:34] [SIGNAL] PROCESS SIGNAL!
[DEBUG] 

[DEBUG] [2026-10-07 23:09:34] [STEAM NETWORKING LOGFUNC] [#821186600 P2P str:14531 vport 0 'Steam Connection User14531'] Got remote candidate 'candidate:2852331712 0 udp 2122265344 fd29:2637:6c72::68cb:caf9:86e3:b235 60171 typ host generation 0 ufrag AC2cG network-id 4'
[DEBUG] 

[DEBUG] [2026-10-07 23:09:34] [STEAM NETWORKING LOGFUNC] [#821186600 P2P str:14531 vport 0 'Steam Connection User14531'] Got remote candidate 'candidate:1656974622 0 udp 2122199808 fd29:2637:6c72::c429:4641:2c80:e3de 60172 typ host generation 0 ufrag AC2cG network-id 5'
[DEBUG] 

[DEBUG] [2026-10-07 23:09:34] [STEAM NETWORKING LOGFUNC] [#821186600 P2P str:14531 vport 0 'Steam Connection User14531'] Got remote candidate 'candidate:471685246 0 udp 2122131712 2001:9e8:d63b:4b00:e90d:4d79:83d3:9c94 60173 typ host generation 0 ufrag AC2cG network-id 2'
[DEBUG] 

[DEBUG] [2026-10-07 23:09:34] [STEAM NETWORKING LOGFUNC] [#821186600 P2P str:14531 vport 0 'Steam Connection User14531'] Got remote candidate 'candidate:134219154 0 udp 2122066176 2001:9e8:d63b:4b00:e9c6:d757:d0d8:9699 60174 typ host generation 0 ufrag AC2cG network-id 3'
[DEBUG] 

[DEBUG] [2026-10-07 23:09:34] [STEAM NETWORKING LOGFUNC] [#821186600 P2P str:14531 vport 0 'Steam Connection User14531'] Got remote candidate 'candidate:3455323002 0 udp 2121998080 192.168.178.20 60175 typ host generation 0 ufrag AC2cG network-id 1'
[DEBUG] 

[DEBUG] [2026-10-07 23:09:34] [STEAM NETWORKING LOGFUNC] [#821186600 P2P str:14531 vport 0 'Steam Connection User14531'] Got remote candidate 'candidate:24720617 0 udp 1685790464 87.122.25.164 26188 typ srflx raddr 192.168.178.20 rport 60175 generation 0 ufrag AC2cG network-id 1'
[DEBUG] 

[DEBUG] [2026-10-07 23:09:34] [STEAM NETWORKING LOGFUNC] [#821186600 P2P str:14531 vport 0 'Steam Connection User14531'] Got remote candidate 'candidate:302711119 0 udp 41623296 104.30.144.249 39939 typ relay raddr 87.122.25.164 rport 26188 generation 0 ufrag AC2cG network-id 1'
[DEBUG] 

[DEBUG] [2026-10-07 23:09:34] [STEAM NETWORKING LOGFUNC] [#821186600 P2P str:14531 vport 0 'Steam Connection User14531'] Got remote candidate 'candidate:1262044162 0 udp 41754368 104.30.144.250 14497 typ relay raddr 2001:9e8:d63b:4b00:e90d:4d79:83d3:9c94 rport 60173 generation 0 ufrag AC2cG network-id 2'
[DEBUG] 

[DEBUG] [2026-10-07 23:09:34] [STEAM NETWORKING LOGFUNC] [#821186600 P2P str:14531 vport 0 'Steam Connection User14531'] Got remote candidate 'candidate:302711119 0 udp 41688832 104.30.144.249 44424 typ relay raddr 2001:9e8:d63b:4b00:e9c6:d757:d0d8:9699 rport 60174 generation 0 ufrag AC2cG network-id 3'
[DEBUG] 

[DEBUG] [2026-10-07 23:09:34] [SIGNAL] SEND SIGNAL!
[DEBUG] 

[DEBUG] [2026-10-07 23:09:34] [STEAM NETWORKING LOGFUNC] [#1266245529 P2P str:19031 vport 0 'Steam Connection User19031'] Sending P2P ConnectRequest
[DEBUG] 

[DEBUG] [2026-10-07 23:09:34] [STEAM NETWORKING LOGFUNC] [#1266245529 P2P str:19031 vport 0 'Steam Connection User19031'] Sending P2P ConnectRequest
[DEBUG] 

[DEBUG] [2026-10-07 23:09:34] [SIGNAL] GOT SIGNAL!
[DEBUG] 

[DEBUG] [2026-10-07 23:09:34] [SIGNAL] Signal User: 14531!
[DEBUG] 

[DEBUG] [2026-10-07 23:09:34] [SIGNAL] Signal Payload Size: 37!
[DEBUG] 

[DEBUG] [2026-10-07 23:09:34] [0x170937c60|https://api.playgenerals.online/env/prod/contract/1/ConnectionOutcome|Verb 0] Transfer is complete: 17 bytes total! Curl result is 0
[DEBUG] 

[DEBUG] [2026-10-07 23:09:34] [0x170937c60|https://api.playgenerals.online/env/prod/contract/1/ConnectionOutcome|Verb 0] Response was 200 - {"success":false}!
[DEBUG] 

[DEBUG] [2026-10-07 23:09:34] [0x17093a180|https://api.playgenerals.online/env/prod/contract/1/ConnectionOutcome|Verb 0] Transfer is complete: 17 bytes total! Curl result is 0
[DEBUG] 

[DEBUG] [2026-10-07 23:09:34] [0x17093a180|https://api.playgenerals.online/env/prod/contract/1/ConnectionOutcome|Verb 0] Response was 200 - {"success":false}!
[DEBUG] 

[DEBUG] [2026-10-07 23:09:34] [0x170937360|https://api.playgenerals.online/env/prod/contract/1/ConnectionOutcome|Verb 0] Transfer is complete: 17 bytes total! Curl result is 0
[DEBUG] 

[DEBUG] [2026-10-07 23:09:34] [0x170937360|https://api.playgenerals.online/env/prod/contract/1/ConnectionOutcome|Verb 0] Response was 200 - {"success":false}!
[DEBUG] 

[DEBUG] [2026-10-07 23:09:34] [0x1708d4fc0|https://api.playgenerals.online/env/prod/contract/1/ConnectionOutcome|Verb 0] Transfer is complete: 17 bytes total! Curl result is 0
[DEBUG] 

[DEBUG] [2026-10-07 23:09:34] [0x1708d4fc0|https://api.playgenerals.online/env/prod/contract/1/ConnectionOutcome|Verb 0] Response was 200 - {"success":false}!
[DEBUG] 

[DEBUG] [2026-10-07 23:09:34] [0x1709027a0|https://api.playgenerals.online/env/prod/contract/1/PlayerStats/19031|Verb 0] Transfer is complete: 1964 bytes total! Curl result is 0
[DEBUG] 

[DEBUG] [2026-10-07 23:09:34] [0x1709027a0|https://api.playgenerals.online/env/prod/contract/1/PlayerStats/19031|Verb 0] Response was 200 - {"stats":{"userID":19031,"EloRating":1000,"EloMatches":0,"MonthlyEloRating":1000,"wins":[1,1,1,3,4,1,3,7,1,2,3,2,3,0,0],"losses":[1,1,6,8,8,6,4,9,7,6,9,10,4,8,0],"games":[1,1,6,11,11,6,6,17,8,8,12,11,7,10,0],"duration":[17,6,149,205,265,67,176,517,311,222,317,376,187,352,0],"unitsKilled":[41,7,410,651,669,215,929,1839,1199,778,1115,1332,500,1205,0],"unitsLost":[71,20,736,642,1308,246,1007,2141,1117,1295,1146,2194,918,1819,0],"unitsBuilt":[78,21,491,853,1334,208,921,1583,1365,776,874,1411,562,1739,0],"buildingsKilled":[1,2,43,48,55,44,85,161,120,44,99,47,32,59,0],"buildingsLost":[9,3,63,87,130,30,73,194,100,83,82,163,43,162,0],"buildingsBuilt":[13,6,122,199,255,58,163,374,192,165,156,274,99,399,0],"earnings":[79632,4484,456434,780877,983182,193780,757977,1370076,1467131,718767,822142,601051009,394628,1297233,0],"techCaptured":[7,4,155,83,126,26,31,387,65,105,353,462,203,98,0],"discons":[0,0,0,0,0,0,0,0,0,0,0,0,0,0,0],"desyncs":[1,1,1,2,1,0,0,0,0,0,0,0,0,0,0],"surrenders":[1,1,3,3,4,3,1,2,1,3,1,1,1,1,0],"gamesOf2p":[1,1,2,1,1,1,1,1,1,2,1,1,0,0,0],"gamesOf3p":[1,1,1,3,1,1,1,1,1,0,0,0,0,0,0],"gamesOf4p":[1,1,2,3,8,5,2,5,7,2,5,4,2,5,0],"gamesOf5p":[1,1,2,1,2,1,1,3,1,1,2,1,1,0,0],"gamesOf6p":[1,1,3,6,2,2,4,5,1,2,3,4,2,0,0],"gamesOf7p":[0,0,0,0,0,0,0,0,0,0,0,0,0,0,0],"gamesOf8p":[1,1,0,0,0,0,0,0,0,0,0,0,0,0,0],"customGames":[0,0,0,0,0,0,0,0,0,0,0,0,0,0,0],"QMGames":[0,0,0,0,0,0,0,0,0,0,0,0,0,0,0],"customGamesPerGeneral":[1,0,0,0,0,0,0,0,0,0,0,0,0,0,0],"quickMatchesPerGeneral":[0,0,0,0,0,0,0,0,0,0,0,0,0,0,0],"locale":0,"gamesAsRandom":101,"options":"","systemSpec":"","lastFPS":0,"lastGeneral":4,"gamesInRowWithLastGeneral":1,"challengeMedals":0,"battleHonors":180608,"QMwinsInARow":0,"maxQMwinsInARow":0,"winsInARow":0,"maxWinsInARow":3,"lossesInARow":4,"maxLossesInARow":12,"disconsInARow":0,"maxDisconsInARow":1,"desyncsInARow":0,"maxDesyncsInARow":1,"builtParticleCannon":3,"builtNuke":3,"builtSCUD":4,"lastLadderPort":0,"lastLadderHost":""}}!
[DEBUG] 

[DEBUG] [2026-10-07 23:09:34] [0x170901120|https://api.playgenerals.online/env/prod/contract/1/ConnectionOutcome|Verb 0] Transfer is complete: 17 bytes total! Curl result is 0
[DEBUG] 

[DEBUG] [2026-10-07 23:09:34] [0x170901120|https://api.playgenerals.online/env/prod/contract/1/ConnectionOutcome|Verb 0] Response was 200 - {"success":false}!
[DEBUG] 

[DEBUG] [2026-10-07 23:09:34] [SIGNAL] SEND SIGNAL!
[DEBUG] 

[DEBUG] [2026-10-07 23:09:34] [SIGNAL] SEND SIGNAL!
[DEBUG] 

[DEBUG] [2026-10-07 23:09:34] [SIGNAL] SEND SIGNAL!
[DEBUG] 

[DEBUG] [2026-10-07 23:09:34] [SIGNAL] PROCESS SIGNAL!
[DEBUG] 

[DEBUG] [2026-10-07 23:09:34] [SIGNAL] GOT SIGNAL!
[DEBUG] 

[DEBUG] [2026-10-07 23:09:34] [SIGNAL] Signal User: 19983!
[DEBUG] 

[DEBUG] [2026-10-07 23:09:34] [SIGNAL] Signal Payload Size: 37!
[DEBUG] 

[DEBUG] [2026-10-07 23:09:34] [SIGNAL] SEND SIGNAL!
[DEBUG] 

[DEBUG] [2026-10-07 23:09:34] [SIGNAL] PROCESS SIGNAL!
[DEBUG] 

[DEBUG] [2026-10-07 23:09:34] [SIGNAL] GOT SIGNAL!
[DEBUG] 

[DEBUG] [2026-10-07 23:09:34] [SIGNAL] Signal User: 19031!
[DEBUG] 

[DEBUG] [2026-10-07 23:09:34] [SIGNAL] Signal Payload Size: 523!
[DEBUG] 

[DEBUG] [2026-10-07 23:09:34] [SIGNAL] SEND SIGNAL!
[DEBUG] 

[DEBUG] [2026-10-07 23:09:34] [SIGNAL] PROCESS SIGNAL!
[DEBUG] 

[DEBUG] [2026-10-07 23:09:34] [SIGNAL] GOT SIGNAL!
[DEBUG] 

[DEBUG] [2026-10-07 23:09:34] [SIGNAL] Signal User: 19031!
[DEBUG] 

[DEBUG] [2026-10-07 23:09:34] [SIGNAL] Signal Payload Size: 851!
[DEBUG] 

[DEBUG] [2026-10-07 23:09:34] [0x1708d8a40|https://api.playgenerals.online/env/prod/contract/1/ConnectionOutcome|Verb 0] Transfer is complete: 17 bytes total! Curl result is 0
[DEBUG] 

[DEBUG] [2026-10-07 23:09:34] [0x1708d8a40|https://api.playgenerals.online/env/prod/contract/1/ConnectionOutcome|Verb 0] Response was 200 - {"success":false}!
[DEBUG] 

[DEBUG] [2026-10-07 23:09:34] [0x17093b380|https://api.playgenerals.online/env/prod/contract/1/Lobby/67836|Verb 0] Transfer is complete: 2171 bytes total! Curl result is 0
[DEBUG] 

[DEBUG] [2026-10-07 23:09:34] [0x17093b380|https://api.playgenerals.online/env/prod/contract/1/Lobby/67836|Verb 0] Response was 200 - {"lobby":{"LobbyID":67836,"Owner":14531,"Name":"[EU][⛊] 2v2 cxn","State":0,"MapName":"!2v2 cxn.map (4)","MapPath":"!2v2 cxn\\!2v2 cxn.map","IsMapOfficial":false,"MatchID":0,"TimeCreated":"2026-10-07T18:07:38.7229832Z","NumCurrentPlayers":4,"MaxPlayers":4,"IsVanillaTeamsOnly":false,"StartingCash":10000,"IsLimitSuperweapons":true,"IsTrackingStats":true,"IsPassworded":false,"AllowObservers":true,"ExeCRC":560676586,"IniCRC":2180732466,"NetworkRoomID":1,"RNGSeed":<redacted>,"LobbyType":0,"MatchedUserIDs":[],"Region":"Europe","EstimatedLatency":999999,"MaximumCameraHeight":380,"Members":[{"UserID":14531,"DisplayName":"JOYBOY","IsReady":true,"Port":0,"Side":-1,"Team":0,"Color":6,"StartingPosition":-1,"HasMap":true,"SlotState":5,"SlotIndex":0,"Region":"Europe","MiddlewareUserID":""},{"UserID":129336,"DisplayName":"weyva","IsReady":false,"Port":0,"Side":-1,"Team":-1,"Color":2,"StartingPosition":-1,"HasMap":false,"SlotState":5,"SlotIndex":1,"Region":"Asia","MiddlewareUserID":""},{"UserID":19983,"DisplayName":"ReBoRn","IsReady":false,"Port":0,"Side":-1,"Team":0,"Color":5,"StartingPosition":-1,"HasMap":false,"SlotState":5,"SlotIndex":2,"Region":"Europe","MiddlewareUserID":""},{"UserID":19031,"DisplayName":"Elsaqa","IsReady":false,"Port":0,"Side":-1,"Team":-1,"Color":-1,"StartingPosition":-1,"HasMap":true,"SlotState":5,"SlotIndex":3,"Region":"Africa","MiddlewareUserID":""},{"UserID":-1,"DisplayName":"","IsReady":false,"Port":0,"Side":-1,"Team":-1,"Color":-1,"StartingPosition":-1,"HasMap":true,"SlotState":1,"SlotIndex":4,"Region":"Unknown","MiddlewareUserID":""},{"UserID":-1,"DisplayName":"","IsReady":false,"Port":0,"Side":-1,"Team":-1,"Color":-1,"StartingPosition":-1,"HasMap":true,"SlotState":1,"SlotIndex":5,"Region":"Unknown","MiddlewareUserID":""},{"UserID":-1,"DisplayName":"","IsReady":false,"Port":0,"Side":-1,"Team":-1,"Color":-1,"StartingPosition":-1,"HasMap":true,"SlotState":1,"SlotIndex":6,"Region":"Unknown","MiddlewareUserID":""},{"UserID":-1,"DisplayName":"","IsReady":false,"Port":0,"Side":-1,"Team":-1,"Color":-1,"StartingPosition":-1,"HasMap":true,"SlotState":1,"SlotIndex":7,"Region":"Unknown","MiddlewareUserID":""}],"AnticheatID":0}}!
[DEBUG] 

[DEBUG] [2026-10-07 23:09:34] [0x170933580|https://api.playgenerals.online/env/prod/contract/1/Lobby/67836|Verb 0] Transfer is complete: 17 bytes total! Curl result is 0
[DEBUG] 

[DEBUG] [2026-10-07 23:09:34] [0x170933580|https://api.playgenerals.online/env/prod/contract/1/Lobby/67836|Verb 0] Response was 401 - {"success":false}!
[DEBUG] 

[DEBUG] [2026-10-07 23:09:34] [SIGNAL] PROCESS SIGNAL!
[DEBUG] 

[DEBUG] [2026-10-07 23:09:34] [STEAM NETWORKING LOGFUNC] [#1266245529 P2P str:19031 vport 0 'Steam Connection User19031'] Sending P2P ConnectRequest
[DEBUG] 

[DEBUG] [2026-10-07 23:09:34] [SIGNAL] SEND SIGNAL!
[DEBUG] 

[DEBUG] [2026-10-07 23:09:35] [SIGNAL] GOT SIGNAL!
[DEBUG] 

[DEBUG] [2026-10-07 23:09:35] [SIGNAL] Signal User: 19983!
[DEBUG] 

[DEBUG] [2026-10-07 23:09:35] [SIGNAL] Signal Payload Size: 37!
[DEBUG] 

[DEBUG] [2026-10-07 23:09:35] [SIGNAL] PROCESS SIGNAL!
[DEBUG] 

[DEBUG] [2026-10-07 23:09:35] [SIGNAL] GOT SIGNAL!
[DEBUG] 

[DEBUG] [2026-10-07 23:09:35] [SIGNAL] Signal User: 19031!
[DEBUG] 

[DEBUG] [2026-10-07 23:09:35] [SIGNAL] Signal Payload Size: 865!
[DEBUG] 

[DEBUG] [2026-10-07 23:09:35] [SIGNAL] PROCESS SIGNAL!
[DEBUG] 

[DEBUG] [2026-10-07 23:09:35] [STEAM NETWORKING LOGFUNC] [#1266245529 P2P str:19031 vport 0 'Steam Connection User19031'] Got remote candidate 'candidate:2795255774 0 udp 2122260224 192.168.1.7 64958 typ host generation 0 ufrag NVKD9 network-id 1 network-cost 10'
[DEBUG] 

[DEBUG] [2026-10-07 23:09:35] [STEAM NETWORKING LOGFUNC] [#1266245529 P2P str:19031 vport 0 'Steam Connection User19031'] Got remote candidate 'candidate:264484875 0 udp 1686052608 197.48.93.113 64958 typ srflx raddr 192.168.1.7 rport 64958 generation 0 ufrag NVKD9 network-id 1 network-cost 10'
[DEBUG] 

[DEBUG] [2026-10-07 23:09:35] [STEAM NETWORKING LOGFUNC] [#1266245529 P2P str:19031 vport 0 'Steam Connection User19031'] Got remote candidate 'candidate:1291661074 0 udp 41885440 104.30.136.206 38664 typ relay raddr 197.48.93.113 rport 64958 generation 0 ufrag NVKD9 network-id 1 network-cost 10'
[DEBUG] 

[DEBUG] [2026-10-07 23:09:35] [STEAM NETWORKING LOGFUNC] [#1266245529 P2P str:19031 vport 0 'Steam Connection User19031'] Got remote candidate 'candidate:4048790729 0 udp 41885440 104.30.151.126 34911 typ relay raddr 197.48.93.113 rport 64958 generation 0 ufrag NVKD9 network-id 1 network-cost 10'
[DEBUG] 

[DEBUG] [2026-10-07 23:09:35] [STEAM NETWORKING LOGFUNC] [#1266245529 P2P str:19031 vport 0 'Steam Connection User19031'] Received ConnectOK in P2P Rendezvous.
[DEBUG] 

[DEBUG] [2026-10-07 23:09:35] [STEAM NETWORKING LOGFUNC] [#1266245529 P2P str:19031 vport 0 'Steam Connection User19031'] finding route
[DEBUG] 

[DEBUG] [2026-10-07 23:09:35] [STEAM NETWORKING][#1266245529 P2P str:19031 vport 0 'Steam Connection User19031'] finding route

[DEBUG] 

[DEBUG] [2026-10-07 23:09:35] [SIGNAL] GOT SIGNAL!
[DEBUG] 

[DEBUG] [2026-10-07 23:09:35] [SIGNAL] Signal User: 14531!
[DEBUG] 

[DEBUG] [2026-10-07 23:09:35] [SIGNAL] Signal Payload Size: 37!
[DEBUG] 

[DEBUG] [2026-10-07 23:09:35] [SIGNAL] SEND SIGNAL!
[DEBUG] 

[DEBUG] [2026-10-07 23:09:35] [SIGNAL] PROCESS SIGNAL!
[DEBUG] 

[DEBUG] [2026-10-07 23:09:35] [SIGNAL] GOT SIGNAL!
[DEBUG] 

[DEBUG] [2026-10-07 23:09:35] [SIGNAL] Signal User: 19983!
[DEBUG] 

[DEBUG] [2026-10-07 23:09:35] [SIGNAL] Signal Payload Size: 37!
[DEBUG] 

[DEBUG] [2026-10-07 23:09:35] [SIGNAL] PROCESS SIGNAL!
[DEBUG] 

[DEBUG] [2026-10-07 23:09:35] [SIGNAL] GOT SIGNAL!
[DEBUG] 

[DEBUG] [2026-10-07 23:09:35] [SIGNAL] Signal User: 19031!
[DEBUG] 

[DEBUG] [2026-10-07 23:09:35] [SIGNAL] Signal Payload Size: 327!
[DEBUG] 

[DEBUG] [2026-10-07 23:09:35] [SIGNAL] PROCESS SIGNAL!
[DEBUG] 

[DEBUG] [2026-10-07 23:09:35] [STEAM NETWORKING LOGFUNC] [#1266245529 P2P str:19031 vport 0 'Steam Connection User19031'] Got remote candidate 'candidate:2795255774 0 udp 2122260224 192.168.1.7 62295 typ host generation 0 ufrag NVKD9 network-id 1 network-cost 10'
[DEBUG] 

[DEBUG] [2026-10-07 23:09:35] [STEAM NETWORKING LOGFUNC] [#1266245529 P2P str:19031 vport 0 'Steam Connection User19031'] Got remote candidate 'candidate:264484875 0 udp 1686052608 197.48.93.113 62295 typ srflx raddr 192.168.1.7 rport 62295 generation 0 ufrag NVKD9 network-id 1 network-cost 10'
[DEBUG] 

[DEBUG] [2026-10-07 23:09:35] [SIGNAL] GOT SIGNAL!
[DEBUG] 

[DEBUG] [2026-10-07 23:09:35] [SIGNAL] Signal User: 19031!
[DEBUG] 

[DEBUG] [2026-10-07 23:09:35] [SIGNAL] Signal Payload Size: 365!
[DEBUG] 

[DEBUG] [2026-10-07 23:09:35] [SIGNAL] SEND SIGNAL!
[DEBUG] 

[DEBUG] [2026-10-07 23:09:35] [SIGNAL] PROCESS SIGNAL!
[DEBUG] 

[DEBUG] [2026-10-07 23:09:35] [STEAM NETWORKING LOGFUNC] [#1266245529 P2P str:19031 vport 0 'Steam Connection User19031'] Got remote candidate 'candidate:4048790729 0 udp 41885440 104.30.151.126 36383 typ relay raddr 197.48.93.113 rport 62295 generation 0 ufrag NVKD9 network-id 1 network-cost 10'
[DEBUG] 

[DEBUG] [2026-10-07 23:09:35] [STEAM NETWORKING LOGFUNC] [#1266245529 P2P str:19031 vport 0 'Steam Connection User19031'] Got remote candidate 'candidate:136419417 0 udp 41885440 104.30.150.44 17253 typ relay raddr 197.48.93.113 rport 62295 generation 0 ufrag NVKD9 network-id 1 network-cost 10'
[DEBUG] 

[DEBUG] [2026-10-07 23:09:35] [STEAM NETWORKING LOGFUNC] [#2745011911 P2P ICE str:19983 vport 0 'Steam Connection User19983'] Peer appears to be using 'ICE' transport as primary
[DEBUG] 

[DEBUG] [2026-10-07 23:09:35] [SIGNAL] GOT SIGNAL!
[DEBUG] 

[DEBUG] [2026-10-07 23:09:35] [SIGNAL] Signal User: 14531!
[DEBUG] 

[DEBUG] [2026-10-07 23:09:35] [SIGNAL] Signal Payload Size: 37!
[DEBUG] 

[DEBUG] [2026-10-07 23:09:35] [0x17091bb80|https://api.playgenerals.online/env/prod/contract/1/ConnectionOutcome|Verb 0] Transfer is complete: 17 bytes total! Curl result is 0
[DEBUG] 

[DEBUG] [2026-10-07 23:09:35] [0x17091bb80|https://api.playgenerals.online/env/prod/contract/1/ConnectionOutcome|Verb 0] Response was 200 - {"success":false}!
[DEBUG] 

[DEBUG] [2026-10-07 23:09:35] [SIGNAL] PROCESS SIGNAL!
[DEBUG] 

[DEBUG] [2026-10-07 23:09:35] [STEAM NETWORKING LOGFUNC] [#2745011911 P2P ICE str:19983 vport 0 'Steam Connection User19983'] connected
[DEBUG] 

[DEBUG] [2026-10-07 23:09:35] [SIGNAL] GOT SIGNAL!
[DEBUG] 

[DEBUG] [2026-10-07 23:09:35] [SIGNAL] Signal User: 19983!
[DEBUG] 

[DEBUG] [2026-10-07 23:09:35] [SIGNAL] Signal Payload Size: 37!
[DEBUG] 

[DEBUG] [2026-10-07 23:09:35] [SIGNAL] PROCESS SIGNAL!
[DEBUG] 

[DEBUG] [2026-10-07 23:09:35] [STEAM NETWORKING][#2745011911 P2P ICE str:19983 vport 0 'Steam Connection User19983'] connected

[DEBUG] 

[DEBUG] [2026-10-07 23:09:35] [CONNECTION FLAGS]: has k_nSteamNetworkConnectionInfoFlags_Unauthenticated
[DEBUG] 

[DEBUG] [2026-10-07 23:09:35] [MESH] Connected to user 19983 in 1422 ms (Relayed, signalling attempt 1)
[DEBUG] 

[DEBUG] [2026-10-07 23:09:35] [SIGNAL] SEND SIGNAL!
[DEBUG] 

[DEBUG] [2026-10-07 23:09:35] [SIGNAL] GOT SIGNAL!
[DEBUG] 

[DEBUG] [2026-10-07 23:09:35] [SIGNAL] Signal User: 19031!
[DEBUG] 

[DEBUG] [2026-10-07 23:09:35] [SIGNAL] Signal Payload Size: 1479!
[DEBUG] 

[DEBUG] [2026-10-07 23:09:35] [SIGNAL] PROCESS SIGNAL!
[DEBUG] 

[DEBUG] [2026-10-07 23:09:35] [SIGNAL] GOT SIGNAL!
[DEBUG] 

[DEBUG] [2026-10-07 23:09:35] [SIGNAL] Signal User: 19031!
[DEBUG] 

[DEBUG] [2026-10-07 23:09:35] [SIGNAL] Signal Payload Size: 1479!
[DEBUG] 

[DEBUG] [2026-10-07 23:09:35] [SIGNAL] PROCESS SIGNAL!
[DEBUG] 

[DEBUG] [2026-10-07 23:09:35] [SIGNAL] SEND SIGNAL!
[DEBUG] 

[DEBUG] [2026-10-07 23:09:35] [0x17093c340|https://api.playgenerals.online/env/prod/contract/1/ConnectionOutcome|Verb 0] Transfer is complete: 17 bytes total! Curl result is 0
[DEBUG] 

[DEBUG] [2026-10-07 23:09:35] [0x17093c340|https://api.playgenerals.online/env/prod/contract/1/ConnectionOutcome|Verb 0] Response was 200 - {"success":false}!
[DEBUG] 

[DEBUG] [2026-10-07 23:09:35] [STEAM NETWORKING LOGFUNC] [#821186600 P2P ICE str:14531 vport 0 'Steam Connection User14531'] Peer appears to be using 'ICE' transport as primary
[DEBUG] 

[DEBUG] [2026-10-07 23:09:35] [STEAM NETWORKING LOGFUNC] [#821186600 P2P ICE str:14531 vport 0 'Steam Connection User14531'] connected
[DEBUG] 

[DEBUG] [2026-10-07 23:09:35] [STEAM NETWORKING][#821186600 P2P ICE str:14531 vport 0 'Steam Connection User14531'] connected

[DEBUG] 

[DEBUG] [2026-10-07 23:09:35] [CONNECTION FLAGS]: has k_nSteamNetworkConnectionInfoFlags_Unauthenticated
[DEBUG] 

[DEBUG] [2026-10-07 23:09:35] [MESH] Connected to user 14531 in 1776 ms (Relayed, signalling attempt 1)
[DEBUG] 

[DEBUG] [2026-10-07 23:09:35] [STEAM NETWORKING LOGFUNC] [#1266245529 P2P str:19031 vport 0 'Steam Connection User19031'] Peer appears to be using 'ICE' transport as primary
[DEBUG] 

[DEBUG] [2026-10-07 23:09:35] [0x1708b0240|https://api.playgenerals.online/env/prod/contract/1/ConnectionOutcome|Verb 0] Transfer is complete: 17 bytes total! Curl result is 0
[DEBUG] 

[DEBUG] [2026-10-07 23:09:35] [0x1708b0240|https://api.playgenerals.online/env/prod/contract/1/ConnectionOutcome|Verb 0] Response was 200 - {"success":false}!
[DEBUG] 

[DEBUG] [2026-10-07 23:09:36] [STEAM NETWORKING LOGFUNC] [#1266245529 P2P ICE str:19031 vport 0 'Steam Connection User19031'] connected
[DEBUG] 

[DEBUG] [2026-10-07 23:09:36] [STEAM NETWORKING][#1266245529 P2P ICE str:19031 vport 0 'Steam Connection User19031'] connected

[DEBUG] 

[DEBUG] [2026-10-07 23:09:36] [CONNECTION FLAGS]: has k_nSteamNetworkConnectionInfoFlags_Unauthenticated
[DEBUG] 

[DEBUG] [2026-10-07 23:09:36] [MESH] Connected to user 19031 in 2544 ms (Relayed, signalling attempt 1)
[DEBUG] 

[DEBUG] [2026-10-07 23:09:36] [0x17091a1a0|https://api.playgenerals.online/env/prod/contract/1/ConnectionOutcome|Verb 0] Transfer is complete: 17 bytes total! Curl result is 0
[DEBUG] 

[DEBUG] [2026-10-07 23:09:36] [0x17091a1a0|https://api.playgenerals.online/env/prod/contract/1/ConnectionOutcome|Verb 0] Response was 200 - {"success":false}!
[DEBUG] 

[DEBUG] [2026-10-07 23:09:37] [STEAM NETWORKING LOGFUNC] [#821186600 P2P ICE str:14531 vport 0 'Steam Connection User14531'] closed by app (1000) Client Disconnecting Gracefully
[DEBUG] 

[DEBUG] [2026-10-07 23:09:37] [STEAM NETWORKING LOGFUNC] [#1266245529 P2P ICE str:19031 vport 0 'Steam Connection User19031'] closed by app (1000) Client Disconnecting Gracefully
[DEBUG] 

[DEBUG] [2026-10-07 23:09:37] [STEAM NETWORKING LOGFUNC] [#2745011911 P2P ICE str:19983 vport 0 'Steam Connection User19983'] closed by app (1000) Client Disconnecting Gracefully
[DEBUG] 

[DEBUG] [2026-10-07 23:09:37] [0x170931720|https://api.playgenerals.online/env/prod/contract/1/Lobby/67836|Verb 0] Transfer is complete: 16 bytes total! Curl result is 0
[DEBUG] 

[DEBUG] [2026-10-07 23:09:37] [0x170931720|https://api.playgenerals.online/env/prod/contract/1/Lobby/67836|Verb 0] Response was 200 - {"success":true}!
[DEBUG] 

DEBUG: Shell::push() called with filename='Menus/WOLCustomLobby.wnd'
DEBUG: Shell::push() marked as pending, will load 'Menus/WOLCustomLobby.wnd' next frame
DEBUG: Shell::update() - Processing pending push: 'Menus/WOLCustomLobby.wnd'
DEBUG: Shell::doPush() called with layoutFile='Menus/WOLCustomLobby.wnd'
DEBUG: About to call TheWindowManager->winCreateLayout('Menus/WOLCustomLobby.wnd')
DEBUG: winCreateLayout returned: 0x13b89e540
DEBUG: Shell::doPush() completed successfully
DEBUG: Shell::update() - Push completed
[DEBUG] [2026-10-07 23:09:37] [0x1709191e0|https://api.playgenerals.online/env/prod/contract/1/Lobbies|Verb 0] Transfer is complete: 50 bytes total! Curl result is 0
[DEBUG] 

[DEBUG] [2026-10-07 23:09:37] [0x1709191e0|https://api.playgenerals.online/env/prod/contract/1/Lobbies|Verb 0] Response was 200 - {"lobbies":[],"latencies":[],"playerlatencies":[]}!
[DEBUG] 

[DEBUG] [2026-10-07 23:09:38] [0x17093b4a0|https://api.playgenerals.online/env/prod/contract/1/Social/Friends|Verb 0] Transfer is complete: 36 bytes total! Curl result is 0
[DEBUG] 

[DEBUG] [2026-10-07 23:09:38] [0x17093b4a0|https://api.playgenerals.online/env/prod/contract/1/Social/Friends|Verb 0] Response was 200 - {"friends":[],"pending_requests":[]}!
[DEBUG] 

[DEBUG] [2026-10-07 23:09:38] [0x1709399a0|https://api.playgenerals.online/env/prod/contract/1/Rooms|Verb 0] Transfer is complete: 244 bytes total! Curl result is 0
[DEBUG] 

[DEBUG] [2026-10-07 23:09:38] [0x1709399a0|https://api.playgenerals.online/env/prod/contract/1/Rooms|Verb 0] Response was 200 - {"rooms":[{"id":0,"name":"All Games","parent_id":null,"flags":1},{"id":1,"name":"General","parent_id":0,"flags":0},{"id":2,"name":"Tournament","parent_id":0,"flags":0}],"supports_moderation_commands":true,"supports_room_selection_results":true}!
[DEBUG] 

error in connection_block_invoke_2: Connection invalid
[DEBUG] [2026-10-07 23:09:38] [NGMP] Repopulating network room roster using local data
[DEBUG] 

[DEBUG] [2026-10-07 23:09:38] [0x1708f7820|https://api.playgenerals.online/env/prod/contract/1/PlayerStats/Batch|Verb 0] Transfer is complete: 1881 bytes total! Curl result is 0
[DEBUG] 

[DEBUG] [2026-10-07 23:09:38] [0x1708f7820|https://api.playgenerals.online/env/prod/contract/1/PlayerStats/Batch|Verb 0] Response was 200 - {"stats":[{"userID":43556,"EloRating":1243,"EloMatches":13,"MonthlyEloRating":1190,"wins":[1,1,3,1,6,6,1,3,1,1,3,2,1,1,0],"losses":[1,1,1,2,2,3,2,1,1,2,0,0,0,0,0],"games":[1,1,3,3,7,8,2,3,1,3,4,4,3,3,0],"duration":[9,24,34,42,127,86,5,23,6,28,28,35,8,16,0],"unitsKilled":[78,82,173,154,1358,431,22,103,29,97,141,144,43,49,0],"unitsLost":[87,92,158,134,1951,533,7,130,18,117,75,227,33,66,0],"unitsBuilt":[101,132,206,205,1174,628,1425,191,18,206,190,248,118,342,0],"buildingsKilled":[5,11,13,2,55,46,3,28,1,7,24,4,2,1,0],"buildingsLost":[3,8,16,24,140,31,3,8,1,39,14,5,0,0,0],"buildingsBuilt":[19,25,55,81,365,209,172,53,7,79,56,78,31,130,0],"earnings":[68300,119469,191470,197142,1633519,688124,15900,150144,34448,112993,168195,166025,33825,161156,0],"techCaptured":[5,2,7,5,28,23,4,10,12,3,15,24,1,3,0],"discons":[0,0,0,0,0,0,0,0,0,0,0,0,0,0,0],"desyncs":[0,0,0,0,0,0,0,0,0,0,0,0,0,0,0],"surrenders":[1,1,1,2,1,1,1,1,0,0,0,0,0,0,0],"gamesOf2p":[1,1,2,1,2,3,1,2,1,0,0,0,0,0,0],"gamesOf3p":[1,0,0,0,0,0,0,0,0,0,0,0,0,0,0],"gamesOf4p":[0,0,0,0,0,0,0,0,0,0,0,0,0,0,0],"gamesOf5p":[0,0,0,0,0,0,0,0,0,0,0,0,0,0,0],"gamesOf6p":[1,1,2,3,5,4,2,2,1,2,2,1,0,0,0],"gamesOf7p":[1,1,1,1,1,1,0,0,0,0,0,0,0,0,0],"gamesOf8p":[0,0,0,0,0,0,0,0,0,0,0,0,0,0,0],"customGames":[0,0,0,0,0,0,0,0,0,0,0,0,0,0,0],"QMGames":[0,0,0,0,0,0,0,0,0,0,0,0,0,0,0],"customGamesPerGeneral":[1,0,0,0,0,0,0,0,0,0,0,0,0,0,0],"quickMatchesPerGeneral":[1,0,0,0,0,0,0,0,0,0,0,0,0,0,0],"locale":0,"gamesAsRandom":27,"options":"","systemSpec":"","lastFPS":0,"lastGeneral":4,"gamesInRowWithLastGeneral":1,"challengeMedals":0,"battleHonors":4243842,"QMwinsInARow":0,"maxQMwinsInARow":0,"winsInARow":1,"maxWinsInARow":15,"lossesInARow":0,"maxLossesInARow":5,"disconsInARow":0,"maxDisconsInARow":0,"desyncsInARow":0,"maxDesyncsInARow":0,"builtParticleCannon":1,"builtNuke":1,"builtSCUD":0,"lastLadderPort":0,"lastLadderHost":""}]}!
[DEBUG] 

[DEBUG] [2026-10-07 23:09:39] [0x170932b60|https://api.playgenerals.online/env/prod/contract/1/Lobbies|Verb 0] Transfer is complete: 126767 bytes total! Curl result is 0
[DEBUG] 

[DEBUG] [2026-10-07 23:09:39] [0x170932b60|https://api.playgenerals.online/env/prod/contract/1/Lobbies|Verb 0] Response was 200 - <body omitted: 126767 bytes>!
[DEBUG] 

[DEBUG] [2026-10-07 23:09:41] [0x170934e40|https://api.playgenerals.online/env/prod/contract/1/ServiceConfig|Verb 0] Transfer is complete: 840 bytes total! Curl result is 0
[DEBUG] 

[DEBUG] [2026-10-07 23:09:41] [0x170934e40|https://api.playgenerals.online/env/prod/contract/1/ServiceConfig|Verb 0] Response was 200 - {
	"retry_signalling": true,
	"use_mapped_port": true,
	"min_run_ahead_frames": 6,
	"ra_update_frequency_frames": 10,
	"relay_all_traffic": false,
	"ra_slack_percent": 30,
	"frame_grouping_frames": 2,
	"enable_host_migration": false,
	"network_do_immediate_flush_per_frame": true,
	"network_send_flags": -1,
	"network_latency_logic_model": 2,
	"use_default_config": true,
	"ra_slack_override_percent_in_default": 30,
	"do_probes": true,
	"do_replay_upload": true,
	"network_mesh_histogram_duration": 20000,
	"ibra_ra_tweaks": false,
	"ibra_minslack_default": 0.35,
	"ibra_maxslack_default": 1.0,
	"ibra_minslack_greaterthan300ms": 0.4,
	"ibra_maxslack_greaterthan300ms": 1.0,
	"ibra_minslack_greaterthan200ms": 0.4,
	"ibra_maxslack_greaterthan200ms": 1.0,
	"screenshot_width": 960,
	"screenshot_height": 600,
	"use_new_networking": false
}
!
[DEBUG] 

[DEBUG] [2026-10-07 23:09:41] [NGMP] Joining lobby with id 67899
[DEBUG] 

[DEBUG] [2026-10-07 23:09:41] NetworkMesh: iOS forcing TURN relay-only ICE (STUN disabled)
[DEBUG] 

[DEBUG] [2026-10-07 23:09:41] NetworkMesh: Apple build forcing native ICE implementation 1
[DEBUG] 

[DEBUG] [2026-10-07 23:09:41] NetworkMesh: using ICE implementation 1 (0=default, 1=native, 2=WebRTC)
[DEBUG] 

[DEBUG] [2026-10-07 23:09:42] [0x17094a8c0|https://api.playgenerals.online/env/prod/contract/1/Lobby/67899|Verb 0] Transfer is complete: 52 bytes total! Curl result is 0
[DEBUG] 

[DEBUG] [2026-10-07 23:09:42] [0x17094a8c0|https://api.playgenerals.online/env/prod/contract/1/Lobby/67899|Verb 0] Response was 406 - <redacted>!
[DEBUG] 

[DEBUG] [2026-10-07 23:09:42] [NGMP] Failed to join lobby: Lobby is full
[DEBUG] 

[DEBUG] [2026-10-07 23:09:42] [NGMP] Repopulating network room roster using local data
[DEBUG] 

[DEBUG] [2026-10-07 23:09:42] [0x170902f80|https://api.playgenerals.online/env/prod/contract/1/Lobbies|Verb 0] Transfer is complete: 124546 bytes total! Curl result is 0
[DEBUG] 

[DEBUG] [2026-10-07 23:09:42] [0x170902f80|https://api.playgenerals.online/env/prod/contract/1/Lobbies|Verb 0] Response was 200 - <body omitted: 124546 bytes>!
[DEBUG] 

[DEBUG] [2026-10-07 23:09:42] [0x170929020|https://api.playgenerals.online/env/prod/contract/1/PlayerStats/Batch|Verb 0] Transfer is complete: 1687 bytes total! Curl result is 0
[DEBUG] 

[DEBUG] [2026-10-07 23:09:42] [0x170929020|https://api.playgenerals.online/env/prod/contract/1/PlayerStats/Batch|Verb 0] Response was 200 - {"stats":[{"userID":119881,"EloRating":1000,"EloMatches":0,"MonthlyEloRating":1000,"wins":[0,0,0,0,0,0,0,0,0,0,0,0,0,0,0],"losses":[0,0,0,0,0,0,0,0,0,0,0,0,0,0,0],"games":[0,0,0,0,0,0,0,0,0,0,0,0,0,0,0],"duration":[0,0,0,0,0,0,0,0,0,0,0,0,0,0,0],"unitsKilled":[0,0,0,0,0,0,0,0,0,0,0,0,0,0,0],"unitsLost":[0,0,0,0,0,0,0,0,0,0,0,0,0,0,0],"unitsBuilt":[0,0,0,0,0,0,0,0,0,0,0,0,0,0,0],"buildingsKilled":[0,0,0,0,0,0,0,0,0,0,0,0,0,0,0],"buildingsLost":[0,0,0,0,0,0,0,0,0,0,0,0,0,0,0],"buildingsBuilt":[0,0,0,0,0,0,0,0,0,0,0,0,0,0,0],"earnings":[0,0,0,0,0,0,0,0,0,0,0,0,0,0,0],"techCaptured":[0,0,0,0,0,0,0,0,0,0,0,0,0,0,0],"discons":[0,0,0,0,0,0,0,0,0,0,0,0,0,0,0],"desyncs":[0,0,0,0,0,0,0,0,0,0,0,0,0,0,0],"surrenders":[0,0,0,0,0,0,0,0,0,0,0,0,0,0,0],"gamesOf2p":[0,0,0,0,0,0,0,0,0,0,0,0,0,0,0],"gamesOf3p":[0,0,0,0,0,0,0,0,0,0,0,0,0,0,0],"gamesOf4p":[0,0,0,0,0,0,0,0,0,0,0,0,0,0,0],"gamesOf5p":[0,0,0,0,0,0,0,0,0,0,0,0,0,0,0],"gamesOf6p":[0,0,0,0,0,0,0,0,0,0,0,0,0,0,0],"gamesOf7p":[0,0,0,0,0,0,0,0,0,0,0,0,0,0,0],"gamesOf8p":[0,0,0,0,0,0,0,0,0,0,0,0,0,0,0],"customGames":[0,0,0,0,0,0,0,0,0,0,0,0,0,0,0],"QMGames":[0,0,0,0,0,0,0,0,0,0,0,0,0,0,0],"customGamesPerGeneral":[0,0,0,0,0,0,0,0,0,0,0,0,0,0,0],"quickMatchesPerGeneral":[0,0,0,0,0,0,0,0,0,0,0,0,0,0,0],"locale":0,"gamesAsRandom":0,"options":"","systemSpec":"","lastFPS":0,"lastGeneral":0,"gamesInRowWithLastGeneral":0,"challengeMedals":0,"battleHonors":0,"QMwinsInARow":0,"maxQMwinsInARow":0,"winsInARow":0,"maxWinsInARow":0,"lossesInARow":0,"maxLossesInARow":0,"disconsInARow":0,"maxDisconsInARow":0,"desyncsInARow":0,"maxDesyncsInARow":0,"builtParticleCannon":0,"builtNuke":0,"builtSCUD":0,"lastLadderPort":0,"lastLadderHost":""}]}!
[DEBUG] 

[DEBUG] [2026-10-07 23:09:44] [0x1709484c0|https://api.playgenerals.online/env/prod/contract/1/ServiceConfig|Verb 0] Transfer is complete: 840 bytes total! Curl result is 0
[DEBUG] 

[DEBUG] [2026-10-07 23:09:44] [0x1709484c0|https://api.playgenerals.online/env/prod/contract/1/ServiceConfig|Verb 0] Response was 200 - {
	"retry_signalling": true,
	"use_mapped_port": true,
	"min_run_ahead_frames": 6,
	"ra_update_frequency_frames": 10,
	"relay_all_traffic": false,
	"ra_slack_percent": 30,
	"frame_grouping_frames": 2,
	"enable_host_migration": false,
	"network_do_immediate_flush_per_frame": true,
	"network_send_flags": -1,
	"network_latency_logic_model": 2,
	"use_default_config": true,
	"ra_slack_override_percent_in_default": 30,
	"do_probes": true,
	"do_replay_upload": true,
	"network_mesh_histogram_duration": 20000,
	"ibra_ra_tweaks": false,
	"ibra_minslack_default": 0.35,
	"ibra_maxslack_default": 1.0,
	"ibra_minslack_greaterthan300ms": 0.4,
	"ibra_maxslack_greaterthan300ms": 1.0,
	"ibra_minslack_greaterthan200ms": 0.4,
	"ibra_maxslack_greaterthan200ms": 1.0,
	"screenshot_width": 960,
	"screenshot_height": 600,
	"use_new_networking": false
}
!
[DEBUG] 

[DEBUG] [2026-10-07 23:09:44] [NGMP] Joining lobby with id 67910
[DEBUG] 

[DEBUG] [2026-10-07 23:09:44] [SIGNAL] Holding signalling with 129442 until our TURN credentials arrive
[DEBUG] 

[DEBUG] [2026-10-07 23:09:44] [NETWORK_CONNECTION_START_SIGNALLING] Starting signalling with 129442 (MWID: )
[DEBUG] 

[DEBUG] [2026-10-07 23:09:44] [AC] Websocket AC_REGISTER_PLAYER for 129442 and 
[DEBUG] 

[DEBUG] [2026-10-07 23:09:44] [0x17094af80|https://api.playgenerals.online/env/prod/contract/1/Lobby/67910|Verb 0] Transfer is complete: 179 bytes total! Curl result is 0
[DEBUG] 

[DEBUG] [2026-10-07 23:09:44] [0x17094af80|https://api.playgenerals.online/env/prod/contract/1/Lobby/67910|Verb 0] Response was 200 - <redacted>!
[DEBUG] 

[DEBUG] [2026-10-07 23:09:44] [NGMP] Joined lobby
[DEBUG] 

[DEBUG] [2026-10-07 23:09:44] [SIGNAL] Got TURN credentials, starting 1 held signalling request(s)
[DEBUG] 

[DEBUG] [2026-10-07 23:09:44] [STEAM CONNECTION] Attaching connection 3734904745 to user 129442
[DEBUG] 

[DEBUG] [2026-10-07 23:09:44] [STEAM NETWORKING LOGFUNC] [#3734904745 P2P str:129442 rem vport 0] Sending P2P ConnectRequest
[DEBUG] 

[DEBUG] [2026-10-07 23:09:44] [AC] Begin Session 0
[DEBUG] 

[DEBUG] [2026-10-07 23:09:44] [AC] Begin Session End
[DEBUG] 

[DEBUG] [2026-10-07 23:09:44] [SIGNAL] SEND SIGNAL!
[DEBUG] 

[DEBUG] [2026-10-07 23:09:44] [STEAM NETWORKING][#3734904745 P2P str:129442 rem vport 0] Entered connecting state

[DEBUG] 

[DEBUG] [2026-10-07 23:09:44] [STEAM CONNECTION] Attaching connection 3785780885 to user 110339
[DEBUG] 

[DEBUG] [2026-10-07 23:09:44] [STEAM NETWORKING LOGFUNC] [#3785780885 P2P str:110339 rem vport 0] Sending P2P ConnectRequest
[DEBUG] 

[DEBUG] [2026-10-07 23:09:44] [NETWORK_CONNECTION_START_SIGNALLING] Starting signalling with 110339 (MWID: )
[DEBUG] 

[DEBUG] [2026-10-07 23:09:44] [SIGNAL] SEND SIGNAL!
[DEBUG] 

[DEBUG] [2026-10-07 23:09:44] [STEAM NETWORKING][#3785780885 P2P str:110339 rem vport 0] Entered connecting state

[DEBUG] 

[DEBUG] [2026-10-07 23:09:44] [AC] Websocket AC_REGISTER_PLAYER for 110339 and 
[DEBUG] 

[DEBUG] [2026-10-07 23:09:44] [STEAM NETWORKING LOGFUNC] [#3734904745 P2P str:129442 vport 0 'Steam Connection User129442'] Sending P2P ConnectRequest
[DEBUG] 

[DEBUG] [2026-10-07 23:09:44] [0x170924dc0|https://api.playgenerals.online/env/prod/contract/1/PlayerStats/129442|Verb 0] Transfer is complete: 1793 bytes total! Curl result is 0
[DEBUG] 

[DEBUG] [2026-10-07 23:09:44] [0x170924dc0|https://api.playgenerals.online/env/prod/contract/1/PlayerStats/129442|Verb 0] Response was 200 - {"stats":{"userID":129442,"EloRating":1000,"EloMatches":0,"MonthlyEloRating":1000,"wins":[1,1,1,1,0,0,0,0,0,0,0,0,0,0,0],"losses":[1,1,3,1,1,1,0,0,0,0,0,0,0,0,0],"games":[1,1,3,1,1,2,1,1,1,0,0,0,0,0,0],"duration":[7,11,31,18,25,30,15,7,1,0,0,0,0,0,0],"unitsKilled":[3,15,269,598,189,315,188,4,2,0,0,0,0,0,0],"unitsLost":[7,47,304,1441,194,374,283,4,5,0,0,0,0,0,0],"unitsBuilt":[75,30,302,846,275,367,388,15,9,0,0,0,0,0,0],"buildingsKilled":[1,1,5,10,70,95,31,0,0,0,0,0,0,0,0],"buildingsLost":[3,3,54,13,11,28,4,0,0,0,0,0,0,0,0],"buildingsBuilt":[17,6,50,63,61,85,60,9,5,0,0,0,0,0,0],"earnings":[44775,23900,800153381,293717,250675,345650,211596,18400,600,0,0,0,0,0,0],"techCaptured":[14,10,44,4,8,6,4,0,0,0,0,0,0,0,0],"discons":[0,0,0,0,0,0,0,0,0,0,0,0,0,0,0],"desyncs":[0,0,0,0,0,0,0,0,0,0,0,0,0,0,0],"surrenders":[1,1,1,0,0,0,0,0,0,0,0,0,0,0,0],"gamesOf2p":[1,0,0,0,0,0,0,0,0,0,0,0,0,0,0],"gamesOf3p":[0,0,0,0,0,0,0,0,0,0,0,0,0,0,0],"gamesOf4p":[1,1,2,1,0,0,0,0,0,0,0,0,0,0,0],"gamesOf5p":[0,0,0,0,0,0,0,0,0,0,0,0,0,0,0],"gamesOf6p":[0,0,0,0,0,0,0,0,0,0,0,0,0,0,0],"gamesOf7p":[1,0,0,0,0,0,0,0,0,0,0,0,0,0,0],"gamesOf8p":[1,1,1,1,1,0,0,0,0,0,0,0,0,0,0],"customGames":[0,0,0,0,0,0,0,0,0,0,0,0,0,0,0],"QMGames":[0,0,0,0,0,0,0,0,0,0,0,0,0,0,0],"customGamesPerGeneral":[1,0,0,0,0,0,0,0,0,0,0,0,0,0,0],"quickMatchesPerGeneral":[0,0,0,0,0,0,0,0,0,0,0,0,0,0,0],"locale":0,"gamesAsRandom":10,"options":"","systemSpec":"","lastFPS":0,"lastGeneral":10,"gamesInRowWithLastGeneral":1,"challengeMedals":0,"battleHonors":164224,"QMwinsInARow":0,"maxQMwinsInARow":0,"winsInARow":0,"maxWinsInARow":3,"lossesInARow":5,"maxLossesInARow":5,"disconsInARow":0,"maxDisconsInARow":0,"desyncsInARow":0,"maxDesyncsInARow":0,"builtParticleCannon":2,"builtNuke":1,"builtSCUD":2,"lastLadderPort":0,"lastLadderHost":""}}!
[DEBUG] 

[DEBUG] [2026-10-07 23:09:44] [SIGNAL] SEND SIGNAL!
[DEBUG] 

[DEBUG] [2026-10-07 23:09:44] [STEAM NETWORKING LOGFUNC] [#3785780885 P2P str:110339 vport 0 'Steam Connection User110339'] Sending P2P ConnectRequest
[DEBUG] 

[DEBUG] [2026-10-07 23:09:44] [SIGNAL] GOT SIGNAL!
[DEBUG] 

[DEBUG] [2026-10-07 23:09:44] [SIGNAL] Signal User: 110339!
[DEBUG] 

[DEBUG] [2026-10-07 23:09:44] [SIGNAL] Signal Payload Size: 786!
[DEBUG] 

[DEBUG] [2026-10-07 23:09:44] [0x1708bd4a0|https://api.playgenerals.online/env/prod/contract/1/ConnectionOutcome|Verb 0] Transfer is complete: 17 bytes total! Curl result is 0
[DEBUG] 

[DEBUG] [2026-10-07 23:09:44] [0x1708bd4a0|https://api.playgenerals.online/env/prod/contract/1/ConnectionOutcome|Verb 0] Response was 200 - {"success":false}!
[DEBUG] 

[DEBUG] [2026-10-07 23:09:44] [0x17094b400|https://api.playgenerals.online/env/prod/contract/1/Lobby/67910|Verb 0] Transfer is complete: 2190 bytes total! Curl result is 0
[DEBUG] 

[DEBUG] [2026-10-07 23:09:44] [0x17094b400|https://api.playgenerals.online/env/prod/contract/1/Lobby/67910|Verb 0] Response was 200 - {"lobby":{"LobbyID":67910,"Owner":129442,"Name":"[AS][⛊] Generals Online Lobby","State":0,"MapName":"Death Valley (8)","MapPath":"death valley\\death valley.map","IsMapOfficial":true,"MatchID":0,"TimeCreated":"2026-10-07T18:09:13.7045389Z","NumCurrentPlayers":3,"MaxPlayers":8,"IsVanillaTeamsOnly":false,"StartingCash":350000,"IsLimitSuperweapons":true,"IsTrackingStats":true,"IsPassworded":false,"AllowObservers":true,"ExeCRC":560676586,"IniCRC":2180732466,"NetworkRoomID":1,"RNGSeed":<redacted>,"LobbyType":0,"MatchedUserIDs":[],"Region":"Asia","EstimatedLatency":999999,"MaximumCameraHeight":310,"Members":[{"UserID":129442,"DisplayName":"76561199020650406","IsReady":true,"Port":0,"Side":-1,"Team":-1,"Color":4,"StartingPosition":-1,"HasMap":true,"SlotState":5,"SlotIndex":0,"Region":"Asia","MiddlewareUserID":""},{"UserID":110339,"DisplayName":"hazemm","IsReady":false,"Port":0,"Side":-1,"Team":0,"Color":1,"StartingPosition":7,"HasMap":true,"SlotState":5,"SlotIndex":1,"Region":"Asia","MiddlewareUserID":""},{"UserID":129336,"DisplayName":"weyva","IsReady":false,"Port":0,"Side":-1,"Team":-1,"Color":2,"StartingPosition":-1,"HasMap":true,"SlotState":5,"SlotIndex":2,"Region":"Asia","MiddlewareUserID":""},{"UserID":-1,"DisplayName":"","IsReady":false,"Port":0,"Side":-1,"Team":-1,"Color":-1,"StartingPosition":-1,"HasMap":true,"SlotState":0,"SlotIndex":3,"Region":"Unknown","MiddlewareUserID":""},{"UserID":-1,"DisplayName":"","IsReady":false,"Port":0,"Side":-1,"Team":-1,"Color":-1,"StartingPosition":-1,"HasMap":true,"SlotState":0,"SlotIndex":4,"Region":"Unknown","MiddlewareUserID":""},{"UserID":-1,"DisplayName":"","IsReady":false,"Port":0,"Side":-1,"Team":-1,"Color":-1,"StartingPosition":-1,"HasMap":true,"SlotState":0,"SlotIndex":5,"Region":"Unknown","MiddlewareUserID":""},{"UserID":-1,"DisplayName":"","IsReady":false,"Port":0,"Side":-1,"Team":-1,"Color":-1,"StartingPosition":-1,"HasMap":true,"SlotState":0,"SlotIndex":6,"Region":"Unknown","MiddlewareUserID":""},{"UserID":-1,"DisplayName":"","IsReady":false,"Port":0,"Side":-1,"Team":-1,"Color":-1,"StartingPosition":-1,"HasMap":true,"SlotState":0,"SlotIndex":7,"Region":"Unknown","MiddlewareUserID":""}],"AnticheatID":0}}!
[DEBUG] 

[DEBUG] [2026-10-07 23:09:44] [0x170903f40|https://api.playgenerals.online/env/prod/contract/1/Lobby/67910|Verb 0] Transfer is complete: 2190 bytes total! Curl result is 0
[DEBUG] 

[DEBUG] [2026-10-07 23:09:44] [0x170903f40|https://api.playgenerals.online/env/prod/contract/1/Lobby/67910|Verb 0] Response was 200 - {"lobby":{"LobbyID":67910,"Owner":129442,"Name":"[AS][⛊] Generals Online Lobby","State":0,"MapName":"Death Valley (8)","MapPath":"death valley\\death valley.map","IsMapOfficial":true,"MatchID":0,"TimeCreated":"2026-10-07T18:09:13.7045389Z","NumCurrentPlayers":3,"MaxPlayers":8,"IsVanillaTeamsOnly":false,"StartingCash":350000,"IsLimitSuperweapons":true,"IsTrackingStats":true,"IsPassworded":false,"AllowObservers":true,"ExeCRC":560676586,"IniCRC":2180732466,"NetworkRoomID":1,"RNGSeed":<redacted>,"LobbyType":0,"MatchedUserIDs":[],"Region":"Asia","EstimatedLatency":999999,"MaximumCameraHeight":310,"Members":[{"UserID":129442,"DisplayName":"76561199020650406","IsReady":true,"Port":0,"Side":-1,"Team":-1,"Color":4,"StartingPosition":-1,"HasMap":true,"SlotState":5,"SlotIndex":0,"Region":"Asia","MiddlewareUserID":""},{"UserID":110339,"DisplayName":"hazemm","IsReady":false,"Port":0,"Side":-1,"Team":0,"Color":1,"StartingPosition":7,"HasMap":true,"SlotState":5,"SlotIndex":1,"Region":"Asia","MiddlewareUserID":""},{"UserID":129336,"DisplayName":"weyva","IsReady":false,"Port":0,"Side":-1,"Team":-1,"Color":2,"StartingPosition":-1,"HasMap":true,"SlotState":5,"SlotIndex":2,"Region":"Asia","MiddlewareUserID":""},{"UserID":-1,"DisplayName":"","IsReady":false,"Port":0,"Side":-1,"Team":-1,"Color":-1,"StartingPosition":-1,"HasMap":true,"SlotState":0,"SlotIndex":3,"Region":"Unknown","MiddlewareUserID":""},{"UserID":-1,"DisplayName":"","IsReady":false,"Port":0,"Side":-1,"Team":-1,"Color":-1,"StartingPosition":-1,"HasMap":true,"SlotState":0,"SlotIndex":4,"Region":"Unknown","MiddlewareUserID":""},{"UserID":-1,"DisplayName":"","IsReady":false,"Port":0,"Side":-1,"Team":-1,"Color":-1,"StartingPosition":-1,"HasMap":true,"SlotState":0,"SlotIndex":5,"Region":"Unknown","MiddlewareUserID":""},{"UserID":-1,"DisplayName":"","IsReady":false,"Port":0,"Side":-1,"Team":-1,"Color":-1,"StartingPosition":-1,"HasMap":true,"SlotState":0,"SlotIndex":6,"Region":"Unknown","MiddlewareUserID":""},{"UserID":-1,"DisplayName":"","IsReady":false,"Port":0,"Side":-1,"Team":-1,"Color":-1,"StartingPosition":-1,"HasMap":true,"SlotState":0,"SlotIndex":7,"Region":"Unknown","MiddlewareUserID":""}],"AnticheatID":0}}!
[DEBUG] 

[DEBUG] [2026-10-07 23:09:44] [0x17094af80|https://api.playgenerals.online/env/prod/contract/1/ConnectionOutcome|Verb 0] Transfer is complete: 17 bytes total! Curl result is 0
[DEBUG] 

[DEBUG] [2026-10-07 23:09:44] [0x17094af80|https://api.playgenerals.online/env/prod/contract/1/ConnectionOutcome|Verb 0] Response was 200 - {"success":false}!
[DEBUG] 

[DEBUG] [2026-10-07 23:09:44] [0x170902440|https://api.playgenerals.online/env/prod/contract/1/PlayerStats/110339|Verb 0] Transfer is complete: 2011 bytes total! Curl result is 0
[DEBUG] 

[DEBUG] [2026-10-07 23:09:44] [0x170902440|https://api.playgenerals.online/env/prod/contract/1/PlayerStats/110339|Verb 0] Response was 200 - {"stats":{"userID":110339,"EloRating":983,"EloMatches":1,"MonthlyEloRating":1000,"wins":[1,1,6,7,9,5,4,4,2,5,2,2,8,0,0],"losses":[1,1,13,14,6,7,19,10,8,6,13,6,24,9,0],"games":[1,1,20,23,14,12,24,14,10,10,17,9,34,13,0],"duration":[22,9,359,274,289,191,294,178,121,132,186,101,595,242,0],"unitsKilled":[23,9,2407,1509,2018,802,1315,857,709,1418,814,487,8465,1217,0],"unitsLost":[201,11,2555,1807,2025,1421,2081,883,977,2738,968,738,7522,2227,0],"unitsBuilt":[148,30,2201,2191,2733,1183,1554,773,783,1404,1381,883,8732,2208,0],"buildingsKilled":[5,26,90,32,105,86,52,100,8,61,23,19,316,27,0],"buildingsLost":[22,43,244,351,189,257,394,188,197,76,148,163,799,255,0],"buildingsBuilt":[40,11,624,595,517,398,798,401,252,231,347,203,1113,407,0],"earnings":[214840,38545,2691958,1871017,3009829,1186449,1767021,764042,770285,819981,802825,596467,6191274,1681225,0],"techCaptured":[4,2,163,253,211,83,151,55,49,53,163,126,405,99,0],"discons":[0,0,0,0,0,0,0,0,0,0,0,0,0,0,0],"desyncs":[1,1,3,3,1,1,1,1,1,0,0,0,0,0,0],"surrenders":[1,1,6,12,2,4,12,8,5,5,10,3,10,3,0],"gamesOf2p":[1,1,2,1,1,1,1,0,0,0,0,0,0,0,0],"gamesOf3p":[1,0,0,0,0,0,0,0,0,0,0,0,0,0,0],"gamesOf4p":[1,1,5,4,2,2,1,2,1,1,0,0,0,0,0],"gamesOf5p":[1,0,0,0,0,0,0,0,0,0,0,0,0,0,0],"gamesOf6p":[1,1,9,8,3,5,10,4,4,5,4,3,5,2,0],"gamesOf7p":[1,0,0,0,0,0,0,0,0,0,0,0,0,0,0],"gamesOf8p":[1,1,7,13,10,6,13,8,6,6,9,5,19,7,0],"customGames":[0,0,0,0,0,0,0,0,0,0,0,0,0,0,0],"QMGames":[0,0,0,0,0,0,0,0,0,0,0,0,0,0,0],"customGamesPerGeneral":[1,0,0,0,0,0,0,0,0,0,0,0,0,0,0],"quickMatchesPerGeneral":[0,0,0,0,0,0,0,0,0,0,0,0,0,0,0],"locale":0,"gamesAsRandom":171,"options":"","systemSpec":"","lastFPS":0,"lastGeneral":12,"gamesInRowWithLastGeneral":1,"challengeMedals":0,"battleHonors":180608,"QMwinsInARow":0,"maxQMwinsInARow":0,"winsInARow":0,"maxWinsInARow":4,"lossesInARow":1,"maxLossesInARow":14,"disconsInARow":0,"maxDisconsInARow":0,"desyncsInARow":0,"maxDesyncsInARow":1,"builtParticleCannon":5,"builtNuke":15,"builtSCUD":25,"lastLadderPort":0,"lastLadderHost":""}}!
[DEBUG] 

[DEBUG] [2026-10-07 23:09:44] [SIGNAL] SEND SIGNAL!
[DEBUG] 

[DEBUG] [2026-10-07 23:09:44] [SIGNAL] PROCESS SIGNAL!
[DEBUG] 

[DEBUG] [2026-10-07 23:09:44] [STEAM NETWORKING][#3785780885 P2P str:110339 vport 0 'Steam Connection User110339'] finding route

[DEBUG] 

[DEBUG] [2026-10-07 23:09:44] [SIGNAL] GOT SIGNAL!
[DEBUG] 

[DEBUG] [2026-10-07 23:09:44] [SIGNAL] Signal User: 129442!
[DEBUG] 

[DEBUG] [2026-10-07 23:09:44] [SIGNAL] Signal Payload Size: 910!
[DEBUG] 

[DEBUG] [2026-10-07 23:09:44] [SIGNAL] PROCESS SIGNAL!
[DEBUG] 

[DEBUG] [2026-10-07 23:09:44] [STEAM NETWORKING LOGFUNC] [#3734904745 P2P str:129442 vport 0 'Steam Connection User129442'] Sending P2P ConnectRequest
[DEBUG] 

[DEBUG] [2026-10-07 23:09:44] [SIGNAL] SEND SIGNAL!
[DEBUG] 

[DEBUG] [2026-10-07 23:09:44] [SIGNAL] GOT SIGNAL!
[DEBUG] 

[DEBUG] [2026-10-07 23:09:44] [SIGNAL] Signal User: 129442!
[DEBUG] 

[DEBUG] [2026-10-07 23:09:44] [SIGNAL] Signal Payload Size: 1072!
[DEBUG] 

[DEBUG] [2026-10-07 23:09:44] [SIGNAL] PROCESS SIGNAL!
[DEBUG] 

[DEBUG] [2026-10-07 23:09:44] [SIGNAL] SEND SIGNAL!
[DEBUG] 

[DEBUG] [2026-10-07 23:09:44] [SIGNAL] GOT SIGNAL!
[DEBUG] 

[DEBUG] [2026-10-07 23:09:44] [SIGNAL] Signal User: 129442!
[DEBUG] 

[DEBUG] [2026-10-07 23:09:44] [SIGNAL] Signal Payload Size: 1234!
[DEBUG] 

[DEBUG] [2026-10-07 23:09:44] [0x170903f40|https://api.playgenerals.online/env/prod/contract/1/ConnectionOutcome|Verb 0] Transfer is complete: 17 bytes total! Curl result is 0
[DEBUG] 

[DEBUG] [2026-10-07 23:09:44] [0x170903f40|https://api.playgenerals.online/env/prod/contract/1/ConnectionOutcome|Verb 0] Response was 200 - {"success":false}!
[DEBUG] 

[DEBUG] [2026-10-07 23:09:44] [SIGNAL] PROCESS SIGNAL!
[DEBUG] 

[DEBUG] [2026-10-07 23:09:44] [SIGNAL] SEND SIGNAL!
[DEBUG] 

DEBUG: Shell::push() called with filename='Menus/GameSpyGameOptionsMenu.wnd'
DEBUG: Shell::push() marked as pending, will load 'Menus/GameSpyGameOptionsMenu.wnd' next frame
DEBUG: Shell::update() - Processing pending push: 'Menus/GameSpyGameOptionsMenu.wnd'
DEBUG: Shell::doPush() called with layoutFile='Menus/GameSpyGameOptionsMenu.wnd'
DEBUG: About to call TheWindowManager->winCreateLayout('Menus/GameSpyGameOptionsMenu.wnd')
DEBUG: winCreateLayout returned: 0x13b89e540
DEBUG: Shell::doPush() completed successfully
DEBUG: Shell::update() - Push completed
[DEBUG] [2026-10-07 23:09:44] [SIGNAL] GOT SIGNAL!
[DEBUG] 

[DEBUG] [2026-10-07 23:09:44] [SIGNAL] Signal User: 129442!
[DEBUG] 

[DEBUG] [2026-10-07 23:09:44] [SIGNAL] Signal Payload Size: 1755!
[DEBUG] 

[DEBUG] [2026-10-07 23:09:44] [0x17094a9e0|https://api.playgenerals.online/env/prod/contract/1/ConnectionOutcome|Verb 0] Transfer is complete: 17 bytes total! Curl result is 0
[DEBUG] 

[DEBUG] [2026-10-07 23:09:44] [0x17094a9e0|https://api.playgenerals.online/env/prod/contract/1/ConnectionOutcome|Verb 0] Response was 200 - {"success":false}!
[DEBUG] 

[DEBUG] [2026-10-07 23:09:44] [0x17093d540|https://api.playgenerals.online/env/prod/contract/1/ConnectionOutcome|Verb 0] Transfer is complete: 17 bytes total! Curl result is 0
[DEBUG] 

[DEBUG] [2026-10-07 23:09:44] [0x17093d540|https://api.playgenerals.online/env/prod/contract/1/ConnectionOutcome|Verb 0] Response was 200 - {"success":false}!
[DEBUG] 

[DEBUG] [2026-10-07 23:09:44] [0x1708fc140|https://api.playgenerals.online/env/prod/contract/1/Lobby/67910|Verb 0] Transfer is complete: 2190 bytes total! Curl result is 0
[DEBUG] 

[DEBUG] [2026-10-07 23:09:44] [0x1708fc140|https://api.playgenerals.online/env/prod/contract/1/Lobby/67910|Verb 0] Response was 200 - {"lobby":{"LobbyID":67910,"Owner":129442,"Name":"[AS][⛊] Generals Online Lobby","State":0,"MapName":"Death Valley (8)","MapPath":"death valley\\death valley.map","IsMapOfficial":true,"MatchID":0,"TimeCreated":"2026-10-07T18:09:13.7045389Z","NumCurrentPlayers":3,"MaxPlayers":8,"IsVanillaTeamsOnly":false,"StartingCash":350000,"IsLimitSuperweapons":true,"IsTrackingStats":true,"IsPassworded":false,"AllowObservers":true,"ExeCRC":560676586,"IniCRC":2180732466,"NetworkRoomID":1,"RNGSeed":<redacted>,"LobbyType":0,"MatchedUserIDs":[],"Region":"Asia","EstimatedLatency":999999,"MaximumCameraHeight":310,"Members":[{"UserID":129442,"DisplayName":"76561199020650406","IsReady":true,"Port":0,"Side":-1,"Team":-1,"Color":4,"StartingPosition":-1,"HasMap":true,"SlotState":5,"SlotIndex":0,"Region":"Asia","MiddlewareUserID":""},{"UserID":110339,"DisplayName":"hazemm","IsReady":false,"Port":0,"Side":-1,"Team":0,"Color":1,"StartingPosition":7,"HasMap":true,"SlotState":5,"SlotIndex":1,"Region":"Asia","MiddlewareUserID":""},{"UserID":129336,"DisplayName":"weyva","IsReady":false,"Port":0,"Side":-1,"Team":-1,"Color":2,"StartingPosition":-1,"HasMap":true,"SlotState":5,"SlotIndex":2,"Region":"Asia","MiddlewareUserID":""},{"UserID":-1,"DisplayName":"","IsReady":false,"Port":0,"Side":-1,"Team":-1,"Color":-1,"StartingPosition":-1,"HasMap":true,"SlotState":0,"SlotIndex":3,"Region":"Unknown","MiddlewareUserID":""},{"UserID":-1,"DisplayName":"","IsReady":false,"Port":0,"Side":-1,"Team":-1,"Color":-1,"StartingPosition":-1,"HasMap":true,"SlotState":0,"SlotIndex":4,"Region":"Unknown","MiddlewareUserID":""},{"UserID":-1,"DisplayName":"","IsReady":false,"Port":0,"Side":-1,"Team":-1,"Color":-1,"StartingPosition":-1,"HasMap":true,"SlotState":0,"SlotIndex":5,"Region":"Unknown","MiddlewareUserID":""},{"UserID":-1,"DisplayName":"","IsReady":false,"Port":0,"Side":-1,"Team":-1,"Color":-1,"StartingPosition":-1,"HasMap":true,"SlotState":0,"SlotIndex":6,"Region":"Unknown","MiddlewareUserID":""},{"UserID":-1,"DisplayName":"","IsReady":false,"Port":0,"Side":-1,"Team":-1,"Color":-1,"StartingPosition":-1,"HasMap":true,"SlotState":0,"SlotIndex":7,"Region":"Unknown","MiddlewareUserID":""}],"AnticheatID":0}}!
[DEBUG] 

[DEBUG] [2026-10-07 23:09:44] [SIGNAL] PROCESS SIGNAL!
[DEBUG] 

[DEBUG] [2026-10-07 23:09:44] [STEAM NETWORKING LOGFUNC] [#3734904745 P2P str:129442 vport 0 'Steam Connection User129442'] Got remote candidate 'candidate:4292510708 0 udp 2122255104 2001::14c9:d804:10ee:af65:4fe2:c573 57541 typ host generation 0 ufrag B7Vzc network-id 6 network-cost 50'
[DEBUG] 

[DEBUG] [2026-10-07 23:09:44] [STEAM NETWORKING LOGFUNC] [#3734904745 P2P str:129442 vport 0 'Steam Connection User129442'] Got remote candidate 'candidate:1871712977 0 udp 2122199808 fdfd::1a3d:5b61 57542 typ host generation 0 ufrag B7Vzc network-id 2'
[DEBUG] 

[DEBUG] [2026-10-07 23:09:44] [STEAM NETWORKING LOGFUNC] [#3734904745 P2P str:129442 vport 0 'Steam Connection User129442'] Got remote candidate 'candidate:2328802767 0 udp 2122129152 26.61.91.97 57543 typ host generation 0 ufrag B7Vzc network-id 1'
[DEBUG] 

[DEBUG] [2026-10-07 23:09:44] [STEAM NETWORKING LOGFUNC] [#3734904745 P2P str:129442 vport 0 'Steam Connection User129442'] Got remote candidate 'candidate:1920939460 0 udp 2122063616 10.201.153.208 57544 typ host generation 0 ufrag B7Vzc network-id 3 network-cost 10'
[DEBUG] 

[DEBUG] [2026-10-07 23:09:44] [STEAM NETWORKING LOGFUNC] [#3734904745 P2P str:129442 vport 0 'Steam Connection User129442'] Got remote candidate 'candidate:3203533399 0 udp 1685856000 176.29.58.140 6648 typ srflx raddr 10.201.153.208 rport 57544 generation 0 ufrag B7Vzc network-id 3 network-cost 10'
[DEBUG] 

[DEBUG] [2026-10-07 23:09:44] [STEAM NETWORKING LOGFUNC] [#3734904745 P2P str:129442 vport 0 'Steam Connection User129442'] Got remote candidate 'candidate:2388268903 0 udp 41688832 104.30.136.42 17468 typ relay raddr 176.29.58.140 rport 6648 generation 0 ufrag B7Vzc network-id 3 network-cost 10'
[DEBUG] 

[DEBUG] [2026-10-07 23:09:44] [STEAM NETWORKING LOGFUNC] [#3734904745 P2P str:129442 vport 0 'Steam Connection User129442'] Got remote candidate 'candidate:3216117242 0 udp 41688832 104.30.136.41 57413 typ relay raddr 176.29.58.140 rport 6648 generation 0 ufrag B7Vzc network-id 3 network-cost 10'
[DEBUG] 

[DEBUG] [2026-10-07 23:09:44] [STEAM NETWORKING LOGFUNC] [#3734904745 P2P str:129442 vport 0 'Steam Connection User129442'] Got remote candidate 'candidate:4292510708 0 udp 2122255104 2001::14c9:d804:10ee:af65:4fe2:c573 57547 typ host generation 0 ufrag B7Vzc network-id 6 network-cost 50'
[DEBUG] 

[DEBUG] [2026-10-07 23:09:44] [STEAM NETWORKING LOGFUNC] [#3734904745 P2P str:129442 vport 0 'Steam Connection User129442'] Got remote candidate 'candidate:1871712977 0 udp 2122199808 fdfd::1a3d:5b61 57548 typ host generation 0 ufrag B7Vzc network-id 2'
[DEBUG] 

[DEBUG] [2026-10-07 23:09:44] [STEAM NETWORKING LOGFUNC] [#3734904745 P2P str:129442 vport 0 'Steam Connection User129442'] Got remote candidate 'candidate:2328802767 0 udp 2122129152 26.61.91.97 57549 typ host generation 0 ufrag B7Vzc network-id 1'
[DEBUG] 

[DEBUG] [2026-10-07 23:09:44] [STEAM NETWORKING LOGFUNC] [#3734904745 P2P str:129442 vport 0 'Steam Connection User129442'] Got remote candidate 'candidate:1920939460 0 udp 2122063616 10.201.153.208 57550 typ host generation 0 ufrag B7Vzc network-id 3 network-cost 10'
[DEBUG] 

[DEBUG] [2026-10-07 23:09:44] [STEAM NETWORKING LOGFUNC] [#3734904745 P2P str:129442 vport 0 'Steam Connection User129442'] Received ConnectOK in P2P Rendezvous.
[DEBUG] 

[DEBUG] [2026-10-07 23:09:44] [STEAM NETWORKING LOGFUNC] [#3734904745 P2P str:129442 vport 0 'Steam Connection User129442'] finding route
[DEBUG] 

[DEBUG] [2026-10-07 23:09:44] [STEAM NETWORKING][#3734904745 P2P str:129442 vport 0 'Steam Connection User129442'] finding route

[DEBUG] 

[DEBUG] [2026-10-07 23:09:44] [SIGNAL] SEND SIGNAL!
[DEBUG] 

[DEBUG] [2026-10-07 23:09:44] [0x170932c80|https://api.playgenerals.online/env/prod/contract/1/Lobby/67910|Verb 0] Transfer is complete: 17 bytes total! Curl result is 0
[DEBUG] 

[DEBUG] [2026-10-07 23:09:44] [0x170932c80|https://api.playgenerals.online/env/prod/contract/1/Lobby/67910|Verb 0] Response was 401 - {"success":false}!
[DEBUG] 

[DEBUG] [2026-10-07 23:09:44] [SIGNAL] GOT SIGNAL!
[DEBUG] 

[DEBUG] [2026-10-07 23:09:44] [SIGNAL] Signal User: 129442!
[DEBUG] 

[DEBUG] [2026-10-07 23:09:44] [SIGNAL] Signal Payload Size: 2082!
[DEBUG] 

[DEBUG] [2026-10-07 23:09:44] [SIGNAL] PROCESS SIGNAL!
[DEBUG] 

[DEBUG] [2026-10-07 23:09:44] [STEAM NETWORKING LOGFUNC] [#3734904745 P2P str:129442 vport 0 'Steam Connection User129442'] Got remote candidate 'candidate:3203533399 0 udp 1685856000 176.29.58.140 6667 typ srflx raddr 10.201.153.208 rport 57550 generation 0 ufrag B7Vzc network-id 3 network-cost 10'
[DEBUG] 

[DEBUG] [2026-10-07 23:09:44] [STEAM NETWORKING LOGFUNC] [#3734904745 P2P str:129442 vport 0 'Steam Connection User129442'] Got remote candidate 'candidate:1733363330 0 udp 41688832 104.30.146.80 61734 typ relay raddr 176.29.58.140 rport 6667 generation 0 ufrag B7Vzc network-id 3 network-cost 10'
[DEBUG] 

[DEBUG] [2026-10-07 23:09:45] [0x1709495a0|https://api.playgenerals.online/env/prod/contract/1/ConnectionOutcome|Verb 0] Transfer is complete: 17 bytes total! Curl result is 0
[DEBUG] 

[DEBUG] [2026-10-07 23:09:45] [0x1709495a0|https://api.playgenerals.online/env/prod/contract/1/ConnectionOutcome|Verb 0] Response was 200 - {"success":false}!
[DEBUG] 

[DEBUG] [2026-10-07 23:09:45] [SIGNAL] SEND SIGNAL!
[DEBUG] 

[DEBUG] [2026-10-07 23:09:45] [SIGNAL] GOT SIGNAL!
[DEBUG] 

[DEBUG] [2026-10-07 23:09:45] [SIGNAL] Signal User: 110339!
[DEBUG] 

[DEBUG] [2026-10-07 23:09:45] [SIGNAL] Signal Payload Size: 786!
[DEBUG] 

[DEBUG] [2026-10-07 23:09:45] [SIGNAL] PROCESS SIGNAL!
[DEBUG] 

[DEBUG] [2026-10-07 23:09:45] [STEAM NETWORKING LOGFUNC] [#3785780885 P2P str:110339 vport 0 'Steam Connection User110339'] Got remote candidate 'candidate:1893793619 0 udp 2122262784 2a01:9700:3545:b900:37f2:2b2f:ea2b:372c 55306 typ host generation 0 ufrag oejXB network-id 2'
[DEBUG] 

[DEBUG] [2026-10-07 23:09:45] [STEAM NETWORKING LOGFUNC] [#3785780885 P2P str:110339 vport 0 'Steam Connection User110339'] Got remote candidate 'candidate:2226972900 0 udp 2122197248 2a01:9700:3545:b900:5523:1bdf:f90b:d523 55307 typ host generation 0 ufrag oejXB network-id 3'
[DEBUG] 

[DEBUG] [2026-10-07 23:09:45] [STEAM NETWORKING LOGFUNC] [#3785780885 P2P str:110339 vport 0 'Steam Connection User110339'] Got remote candidate 'candidate:3271765532 0 udp 2122129152 192.168.100.142 55308 typ host generation 0 ufrag oejXB network-id 1'
[DEBUG] 

[DEBUG] [2026-10-07 23:09:45] [STEAM NETWORKING LOGFUNC] [#3785780885 P2P str:110339 vport 0 'Steam Connection User110339'] Got remote candidate 'candidate:2865324509 0 udp 1685921536 86.108.23.92 50464 typ srflx raddr 192.168.100.142 rport 55308 generation 0 ufrag oejXB network-id 1'
[DEBUG] 

[DEBUG] [2026-10-07 23:09:45] [SIGNAL] SEND SIGNAL!
[DEBUG] 

[DEBUG] [2026-10-07 23:09:45] [SIGNAL] GOT SIGNAL!
[DEBUG] 

[DEBUG] [2026-10-07 23:09:45] [SIGNAL] Signal User: 129442!
[DEBUG] 

[DEBUG] [2026-10-07 23:09:45] [SIGNAL] Signal Payload Size: 2082!
[DEBUG] 

[DEBUG] [2026-10-07 23:09:45] [SIGNAL] PROCESS SIGNAL!
[DEBUG] 

[DEBUG] [2026-10-07 23:09:45] [STEAM NETWORKING LOGFUNC] [#3734904745 P2P str:129442 vport 0 'Steam Connection User129442'] Peer appears to be using 'ICE' transport as primary
[DEBUG] 

[DEBUG] [2026-10-07 23:09:45] [SIGNAL] GOT SIGNAL!
[DEBUG] 

[DEBUG] [2026-10-07 23:09:45] [SIGNAL] Signal User: 110339!
[DEBUG] 

[DEBUG] [2026-10-07 23:09:45] [SIGNAL] Signal Payload Size: 38!
[DEBUG] 

[DEBUG] [2026-10-07 23:09:45] [SIGNAL] SEND SIGNAL!
[DEBUG] 

[DEBUG] [2026-10-07 23:09:45] [SIGNAL] PROCESS SIGNAL!
[DEBUG] 

[DEBUG] [2026-10-07 23:09:45] [SIGNAL] GOT SIGNAL!
[DEBUG] 

[DEBUG] [2026-10-07 23:09:45] [SIGNAL] Signal User: 110339!
[DEBUG] 

[DEBUG] [2026-10-07 23:09:45] [SIGNAL] Signal Payload Size: 38!
[DEBUG] 

[DEBUG] [2026-10-07 23:09:45] [SIGNAL] PROCESS SIGNAL!
[DEBUG] 

[DEBUG] [2026-10-07 23:09:45] [STEAM NETWORKING LOGFUNC] [#3785780885 P2P ICE str:110339 vport 0 'Steam Connection User110339'] Peer appears to be using 'ICE' transport as primary
[DEBUG] 

[DEBUG] [2026-10-07 23:09:45] [STEAM NETWORKING LOGFUNC] [#3785780885 P2P ICE str:110339 vport 0 'Steam Connection User110339'] connected
[DEBUG] 

[DEBUG] [2026-10-07 23:09:45] [STEAM NETWORKING][#3785780885 P2P ICE str:110339 vport 0 'Steam Connection User110339'] connected

[DEBUG] 

[DEBUG] [2026-10-07 23:09:45] [CONNECTION FLAGS]: has k_nSteamNetworkConnectionInfoFlags_Unauthenticated
[DEBUG] 

[DEBUG] [2026-10-07 23:09:45] [MESH] Connected to user 110339 in 1348 ms (Relayed, signalling attempt 1)
[DEBUG] 

[DEBUG] [2026-10-07 23:09:45] [0x170837340|https://api.playgenerals.online/env/prod/contract/1/ConnectionOutcome|Verb 0] Transfer is complete: 17 bytes total! Curl result is 0
[DEBUG] 

[DEBUG] [2026-10-07 23:09:45] [0x170837340|https://api.playgenerals.online/env/prod/contract/1/ConnectionOutcome|Verb 0] Response was 200 - {"success":false}!
[DEBUG] 

[DEBUG] [2026-10-07 23:09:46] [STEAM NETWORKING LOGFUNC] [#3734904745 P2P ICE str:129442 vport 0 'Steam Connection User129442'] connected
[DEBUG] 

[DEBUG] [2026-10-07 23:09:46] [STEAM NETWORKING][#3734904745 P2P ICE str:129442 vport 0 'Steam Connection User129442'] connected

[DEBUG] 

[DEBUG] [2026-10-07 23:09:46] [CONNECTION FLAGS]: has k_nSteamNetworkConnectionInfoFlags_Unauthenticated
[DEBUG] 

[DEBUG] [2026-10-07 23:09:46] [MESH] Connected to user 129442 in 1637 ms (Relayed, signalling attempt 1)
[DEBUG] 

[DEBUG] [2026-10-07 23:09:46] [0x170948700|https://api.playgenerals.online/env/prod/contract/1/ConnectionOutcome|Verb 0] Transfer is complete: 17 bytes total! Curl result is 0
[DEBUG] 

[DEBUG] [2026-10-07 23:09:46] [0x170948700|https://api.playgenerals.online/env/prod/contract/1/ConnectionOutcome|Verb 0] Response was 200 - {"success":false}!
[DEBUG] 

[DEBUG] [2026-10-07 23:09:49] [0x170915520|https://api.playgenerals.online/env/prod/contract/1/Lobby/67910|Verb 0] Transfer is complete: 2189 bytes total! Curl result is 0
[DEBUG] 

[DEBUG] [2026-10-07 23:09:49] [0x170915520|https://api.playgenerals.online/env/prod/contract/1/Lobby/67910|Verb 0] Response was 200 - {"lobby":{"LobbyID":67910,"Owner":129442,"Name":"[AS][⛊] Generals Online Lobby","State":0,"MapName":"Death Valley (8)","MapPath":"death valley\\death valley.map","IsMapOfficial":true,"MatchID":0,"TimeCreated":"2026-10-07T18:09:13.7045389Z","NumCurrentPlayers":3,"MaxPlayers":8,"IsVanillaTeamsOnly":false,"StartingCash":350000,"IsLimitSuperweapons":true,"IsTrackingStats":true,"IsPassworded":false,"AllowObservers":true,"ExeCRC":560676586,"IniCRC":2180732466,"NetworkRoomID":1,"RNGSeed":<redacted>,"LobbyType":0,"MatchedUserIDs":[],"Region":"Asia","EstimatedLatency":999999,"MaximumCameraHeight":310,"Members":[{"UserID":129442,"DisplayName":"76561199020650406","IsReady":true,"Port":0,"Side":-1,"Team":-1,"Color":4,"StartingPosition":4,"HasMap":true,"SlotState":5,"SlotIndex":0,"Region":"Asia","MiddlewareUserID":""},{"UserID":110339,"DisplayName":"hazemm","IsReady":false,"Port":0,"Side":-1,"Team":0,"Color":1,"StartingPosition":7,"HasMap":true,"SlotState":5,"SlotIndex":1,"Region":"Asia","MiddlewareUserID":""},{"UserID":129336,"DisplayName":"weyva","IsReady":false,"Port":0,"Side":-1,"Team":-1,"Color":2,"StartingPosition":-1,"HasMap":true,"SlotState":5,"SlotIndex":2,"Region":"Asia","MiddlewareUserID":""},{"UserID":-1,"DisplayName":"","IsReady":false,"Port":0,"Side":-1,"Team":-1,"Color":-1,"StartingPosition":-1,"HasMap":true,"SlotState":0,"SlotIndex":3,"Region":"Unknown","MiddlewareUserID":""},{"UserID":-1,"DisplayName":"","IsReady":false,"Port":0,"Side":-1,"Team":-1,"Color":-1,"StartingPosition":-1,"HasMap":true,"SlotState":0,"SlotIndex":4,"Region":"Unknown","MiddlewareUserID":""},{"UserID":-1,"DisplayName":"","IsReady":false,"Port":0,"Side":-1,"Team":-1,"Color":-1,"StartingPosition":-1,"HasMap":true,"SlotState":0,"SlotIndex":5,"Region":"Unknown","MiddlewareUserID":""},{"UserID":-1,"DisplayName":"","IsReady":false,"Port":0,"Side":-1,"Team":-1,"Color":-1,"StartingPosition":-1,"HasMap":true,"SlotState":0,"SlotIndex":6,"Region":"Unknown","MiddlewareUserID":""},{"UserID":-1,"DisplayName":"","IsReady":false,"Port":0,"Side":-1,"Team":-1,"Color":-1,"StartingPosition":-1,"HasMap":true,"SlotState":0,"SlotIndex":7,"Region":"Unknown","MiddlewareUserID":""}],"AnticheatID":0}}!
[DEBUG] 

[DEBUG] [2026-10-07 23:09:51] [0x170938e60|https://api.playgenerals.online/env/prod/contract/1/Lobby/67910|Verb 0] Transfer is complete: 2188 bytes total! Curl result is 0
[DEBUG] 

[DEBUG] [2026-10-07 23:09:51] [0x170938e60|https://api.playgenerals.online/env/prod/contract/1/Lobby/67910|Verb 0] Response was 200 - {"lobby":{"LobbyID":67910,"Owner":129442,"Name":"[AS][⛊] Generals Online Lobby","State":0,"MapName":"Death Valley (8)","MapPath":"death valley\\death valley.map","IsMapOfficial":true,"MatchID":0,"TimeCreated":"2026-10-07T18:09:13.7045389Z","NumCurrentPlayers":3,"MaxPlayers":8,"IsVanillaTeamsOnly":false,"StartingCash":350000,"IsLimitSuperweapons":true,"IsTrackingStats":true,"IsPassworded":false,"AllowObservers":true,"ExeCRC":560676586,"IniCRC":2180732466,"NetworkRoomID":1,"RNGSeed":<redacted>,"LobbyType":0,"MatchedUserIDs":[],"Region":"Asia","EstimatedLatency":999999,"MaximumCameraHeight":310,"Members":[{"UserID":129442,"DisplayName":"76561199020650406","IsReady":true,"Port":0,"Side":-1,"Team":0,"Color":4,"StartingPosition":4,"HasMap":true,"SlotState":5,"SlotIndex":0,"Region":"Asia","MiddlewareUserID":""},{"UserID":110339,"DisplayName":"hazemm","IsReady":false,"Port":0,"Side":-1,"Team":0,"Color":1,"StartingPosition":7,"HasMap":true,"SlotState":5,"SlotIndex":1,"Region":"Asia","MiddlewareUserID":""},{"UserID":129336,"DisplayName":"weyva","IsReady":false,"Port":0,"Side":-1,"Team":-1,"Color":2,"StartingPosition":-1,"HasMap":true,"SlotState":5,"SlotIndex":2,"Region":"Asia","MiddlewareUserID":""},{"UserID":-1,"DisplayName":"","IsReady":false,"Port":0,"Side":-1,"Team":-1,"Color":-1,"StartingPosition":-1,"HasMap":true,"SlotState":0,"SlotIndex":3,"Region":"Unknown","MiddlewareUserID":""},{"UserID":-1,"DisplayName":"","IsReady":false,"Port":0,"Side":-1,"Team":-1,"Color":-1,"StartingPosition":-1,"HasMap":true,"SlotState":0,"SlotIndex":4,"Region":"Unknown","MiddlewareUserID":""},{"UserID":-1,"DisplayName":"","IsReady":false,"Port":0,"Side":-1,"Team":-1,"Color":-1,"StartingPosition":-1,"HasMap":true,"SlotState":0,"SlotIndex":5,"Region":"Unknown","MiddlewareUserID":""},{"UserID":-1,"DisplayName":"","IsReady":false,"Port":0,"Side":-1,"Team":-1,"Color":-1,"StartingPosition":-1,"HasMap":true,"SlotState":0,"SlotIndex":6,"Region":"Unknown","MiddlewareUserID":""},{"UserID":-1,"DisplayName":"","IsReady":false,"Port":0,"Side":-1,"Team":-1,"Color":-1,"StartingPosition":-1,"HasMap":true,"SlotState":0,"SlotIndex":7,"Region":"Unknown","MiddlewareUserID":""}],"AnticheatID":0}}!
[DEBUG] 

[DEBUG] [2026-10-07 23:09:54] [0x1708b0c60|https://api.playgenerals.online/env/prod/contract/1/Lobby/67910|Verb 0] Transfer is complete: 17 bytes total! Curl result is 0
[DEBUG] 

[DEBUG] [2026-10-07 23:09:54] [0x1708b0c60|https://api.playgenerals.online/env/prod/contract/1/Lobby/67910|Verb 0] Response was 200 - {"success":false}!
[DEBUG] 

[DEBUG] [2026-10-07 23:09:55] [0x1708fff20|https://api.playgenerals.online/env/prod/contract/1/Lobby/67910|Verb 0] Transfer is complete: 2187 bytes total! Curl result is 0
[DEBUG] 

[DEBUG] [2026-10-07 23:09:55] [0x1708fff20|https://api.playgenerals.online/env/prod/contract/1/Lobby/67910|Verb 0] Response was 200 - {"lobby":{"LobbyID":67910,"Owner":129442,"Name":"[AS][⛊] Generals Online Lobby","State":0,"MapName":"Death Valley (8)","MapPath":"death valley\\death valley.map","IsMapOfficial":true,"MatchID":0,"TimeCreated":"2026-10-07T18:09:13.7045389Z","NumCurrentPlayers":3,"MaxPlayers":8,"IsVanillaTeamsOnly":false,"StartingCash":350000,"IsLimitSuperweapons":true,"IsTrackingStats":true,"IsPassworded":false,"AllowObservers":true,"ExeCRC":560676586,"IniCRC":2180732466,"NetworkRoomID":1,"RNGSeed":<redacted>,"LobbyType":0,"MatchedUserIDs":[],"Region":"Asia","EstimatedLatency":999999,"MaximumCameraHeight":310,"Members":[{"UserID":129442,"DisplayName":"76561199020650406","IsReady":true,"Port":0,"Side":-1,"Team":0,"Color":4,"StartingPosition":4,"HasMap":true,"SlotState":5,"SlotIndex":0,"Region":"Asia","MiddlewareUserID":""},{"UserID":110339,"DisplayName":"hazemm","IsReady":false,"Port":0,"Side":-1,"Team":0,"Color":1,"StartingPosition":7,"HasMap":true,"SlotState":5,"SlotIndex":1,"Region":"Asia","MiddlewareUserID":""},{"UserID":129336,"DisplayName":"weyva","IsReady":false,"Port":0,"Side":-1,"Team":0,"Color":2,"StartingPosition":-1,"HasMap":true,"SlotState":5,"SlotIndex":2,"Region":"Asia","MiddlewareUserID":""},{"UserID":-1,"DisplayName":"","IsReady":false,"Port":0,"Side":-1,"Team":-1,"Color":-1,"StartingPosition":-1,"HasMap":true,"SlotState":0,"SlotIndex":3,"Region":"Unknown","MiddlewareUserID":""},{"UserID":-1,"DisplayName":"","IsReady":false,"Port":0,"Side":-1,"Team":-1,"Color":-1,"StartingPosition":-1,"HasMap":true,"SlotState":0,"SlotIndex":4,"Region":"Unknown","MiddlewareUserID":""},{"UserID":-1,"DisplayName":"","IsReady":false,"Port":0,"Side":-1,"Team":-1,"Color":-1,"StartingPosition":-1,"HasMap":true,"SlotState":0,"SlotIndex":5,"Region":"Unknown","MiddlewareUserID":""},{"UserID":-1,"DisplayName":"","IsReady":false,"Port":0,"Side":-1,"Team":-1,"Color":-1,"StartingPosition":-1,"HasMap":true,"SlotState":0,"SlotIndex":6,"Region":"Unknown","MiddlewareUserID":""},{"UserID":-1,"DisplayName":"","IsReady":false,"Port":0,"Side":-1,"Team":-1,"Color":-1,"StartingPosition":-1,"HasMap":true,"SlotState":0,"SlotIndex":7,"Region":"Unknown","MiddlewareUserID":""}],"AnticheatID":0}}!
[DEBUG] 

[DEBUG] [2026-10-07 23:09:58] [STEAM CONNECTION] Attaching connection 1245751339 to user 130126
[DEBUG] 

[DEBUG] [2026-10-07 23:09:58] [STEAM NETWORKING LOGFUNC] [#1245751339 P2P str:130126 rem vport 0] Sending P2P ConnectRequest
[DEBUG] 

[DEBUG] [2026-10-07 23:09:58] [NETWORK_CONNECTION_START_SIGNALLING] Starting signalling with 130126 (MWID: )
[DEBUG] 

[DEBUG] [2026-10-07 23:09:58] [SIGNAL] SEND SIGNAL!
[DEBUG] 

[DEBUG] [2026-10-07 23:09:58] [STEAM NETWORKING][#1245751339 P2P str:130126 rem vport 0] Entered connecting state

[DEBUG] 

[DEBUG] [2026-10-07 23:09:58] [AC] Websocket AC_REGISTER_PLAYER for 130126 and 
[DEBUG] 

[DEBUG] [2026-10-07 23:09:58] [STEAM NETWORKING LOGFUNC] [#1245751339 P2P str:130126 vport 0 'Steam Connection User130126'] Sending P2P ConnectRequest
[DEBUG] 

[DEBUG] [2026-10-07 23:09:58] [0x170906580|https://api.playgenerals.online/env/prod/contract/1/PlayerStats/130126|Verb 0] Transfer is complete: 1714 bytes total! Curl result is 0
[DEBUG] 

[DEBUG] [2026-10-07 23:09:58] [0x170906580|https://api.playgenerals.online/env/prod/contract/1/PlayerStats/130126|Verb 0] Response was 200 - {"stats":{"userID":130126,"EloRating":1000,"EloMatches":0,"MonthlyEloRating":1000,"wins":[0,0,0,0,0,0,0,0,0,0,0,0,0,0,0],"losses":[1,1,1,0,0,0,0,0,0,0,0,0,0,0,0],"games":[1,1,1,0,0,0,0,0,0,0,0,0,0,0,0],"duration":[12,32,16,0,0,0,0,0,0,0,0,0,0,0,0],"unitsKilled":[6,211,10,0,0,0,0,0,0,0,0,0,0,0,0],"unitsLost":[53,294,68,0,0,0,0,0,0,0,0,0,0,0,0],"unitsBuilt":[63,232,69,0,0,0,0,0,0,0,0,0,0,0,0],"buildingsKilled":[2,0,0,0,0,0,0,0,0,0,0,0,0,0,0],"buildingsLost":[8,45,1,0,0,0,0,0,0,0,0,0,0,0,0],"buildingsBuilt":[16,20,9,0,0,0,0,0,0,0,0,0,0,0,0],"earnings":[20700,87891,40800,0,0,0,0,0,0,0,0,0,0,0,0],"techCaptured":[1,0,0,0,0,0,0,0,0,0,0,0,0,0,0],"discons":[0,0,0,0,0,0,0,0,0,0,0,0,0,0,0],"desyncs":[0,0,0,0,0,0,0,0,0,0,0,0,0,0,0],"surrenders":[1,1,0,0,0,0,0,0,0,0,0,0,0,0,0],"gamesOf2p":[0,0,0,0,0,0,0,0,0,0,0,0,0,0,0],"gamesOf3p":[0,0,0,0,0,0,0,0,0,0,0,0,0,0,0],"gamesOf4p":[0,0,0,0,0,0,0,0,0,0,0,0,0,0,0],"gamesOf5p":[0,0,0,0,0,0,0,0,0,0,0,0,0,0,0],"gamesOf6p":[0,0,0,0,0,0,0,0,0,0,0,0,0,0,0],"gamesOf7p":[0,0,0,0,0,0,0,0,0,0,0,0,0,0,0],"gamesOf8p":[1,1,1,0,0,0,0,0,0,0,0,0,0,0,0],"customGames":[0,0,0,0,0,0,0,0,0,0,0,0,0,0,0],"QMGames":[0,0,0,0,0,0,0,0,0,0,0,0,0,0,0],"customGamesPerGeneral":[1,0,0,0,0,0,0,0,0,0,0,0,0,0,0],"quickMatchesPerGeneral":[0,0,0,0,0,0,0,0,0,0,0,0,0,0,0],"locale":0,"gamesAsRandom":3,"options":"","systemSpec":"","lastFPS":0,"lastGeneral":6,"gamesInRowWithLastGeneral":1,"challengeMedals":0,"battleHonors":0,"QMwinsInARow":0,"maxQMwinsInARow":0,"winsInARow":0,"maxWinsInARow":0,"lossesInARow":3,"maxLossesInARow":3,"disconsInARow":0,"maxDisconsInARow":0,"desyncsInARow":0,"maxDesyncsInARow":0,"builtParticleCannon":0,"builtNuke":0,"builtSCUD":0,"lastLadderPort":0,"lastLadderHost":""}}!
[DEBUG] 

[DEBUG] [2026-10-07 23:09:58] [0x17091b940|https://api.playgenerals.online/env/prod/contract/1/ConnectionOutcome|Verb 0] Transfer is complete: 17 bytes total! Curl result is 0
[DEBUG] 

[DEBUG] [2026-10-07 23:09:58] [0x17091b940|https://api.playgenerals.online/env/prod/contract/1/ConnectionOutcome|Verb 0] Response was 200 - {"success":false}!
[DEBUG] 

[DEBUG] [2026-10-07 23:09:58] [SIGNAL] SEND SIGNAL!
[DEBUG] 

[DEBUG] [2026-10-07 23:09:58] [0x1708bdc80|https://api.playgenerals.online/env/prod/contract/1/ConnectionOutcome|Verb 0] Transfer is complete: 17 bytes total! Curl result is 0
[DEBUG] 

[DEBUG] [2026-10-07 23:09:58] [0x1708bdc80|https://api.playgenerals.online/env/prod/contract/1/ConnectionOutcome|Verb 0] Response was 200 - {"success":false}!
[DEBUG] 

[DEBUG] [2026-10-07 23:09:58] [0x170909b80|https://api.playgenerals.online/env/prod/contract/1/Lobby/67910|Verb 0] Transfer is complete: 2205 bytes total! Curl result is 0
[DEBUG] 

[DEBUG] [2026-10-07 23:09:58] [0x170909b80|https://api.playgenerals.online/env/prod/contract/1/Lobby/67910|Verb 0] Response was 200 - {"lobby":{"LobbyID":67910,"Owner":129442,"Name":"[AS][⛊] Generals Online Lobby","State":0,"MapName":"Death Valley (8)","MapPath":"death valley\\death valley.map","IsMapOfficial":true,"MatchID":0,"TimeCreated":"2026-10-07T18:09:13.7045389Z","NumCurrentPlayers":4,"MaxPlayers":8,"IsVanillaTeamsOnly":false,"StartingCash":350000,"IsLimitSuperweapons":true,"IsTrackingStats":true,"IsPassworded":false,"AllowObservers":true,"ExeCRC":560676586,"IniCRC":2180732466,"NetworkRoomID":1,"RNGSeed":<redacted>,"LobbyType":0,"MatchedUserIDs":[],"Region":"Asia","EstimatedLatency":999999,"MaximumCameraHeight":310,"Members":[{"UserID":129442,"DisplayName":"76561199020650406","IsReady":true,"Port":0,"Side":-1,"Team":0,"Color":4,"StartingPosition":4,"HasMap":true,"SlotState":5,"SlotIndex":0,"Region":"Asia","MiddlewareUserID":""},{"UserID":110339,"DisplayName":"hazemm","IsReady":false,"Port":0,"Side":-1,"Team":0,"Color":1,"StartingPosition":7,"HasMap":true,"SlotState":5,"SlotIndex":1,"Region":"Asia","MiddlewareUserID":""},{"UserID":129336,"DisplayName":"weyva","IsReady":false,"Port":0,"Side":-1,"Team":0,"Color":2,"StartingPosition":-1,"HasMap":true,"SlotState":5,"SlotIndex":2,"Region":"Asia","MiddlewareUserID":""},{"UserID":130126,"DisplayName":"76561198847018944","IsReady":false,"Port":0,"Side":-1,"Team":-1,"Color":-1,"StartingPosition":-1,"HasMap":true,"SlotState":5,"SlotIndex":3,"Region":"Asia","MiddlewareUserID":""},{"UserID":-1,"DisplayName":"","IsReady":false,"Port":0,"Side":-1,"Team":-1,"Color":-1,"StartingPosition":-1,"HasMap":true,"SlotState":0,"SlotIndex":4,"Region":"Unknown","MiddlewareUserID":""},{"UserID":-1,"DisplayName":"","IsReady":false,"Port":0,"Side":-1,"Team":-1,"Color":-1,"StartingPosition":-1,"HasMap":true,"SlotState":0,"SlotIndex":5,"Region":"Unknown","MiddlewareUserID":""},{"UserID":-1,"DisplayName":"","IsReady":false,"Port":0,"Side":-1,"Team":-1,"Color":-1,"StartingPosition":-1,"HasMap":true,"SlotState":0,"SlotIndex":6,"Region":"Unknown","MiddlewareUserID":""},{"UserID":-1,"DisplayName":"","IsReady":false,"Port":0,"Side":-1,"Team":-1,"Color":-1,"StartingPosition":-1,"HasMap":true,"SlotState":0,"SlotIndex":7,"Region":"Unknown","MiddlewareUserID":""}],"AnticheatID":0}}!
[DEBUG] 

[DEBUG] [2026-10-07 23:09:58] [STEAM NETWORKING LOGFUNC] [#1245751339 P2P str:130126 vport 0 'Steam Connection User130126'] Sending P2P ConnectRequest
[DEBUG] 

[DEBUG] [2026-10-07 23:09:58] [SIGNAL] SEND SIGNAL!
[DEBUG] 

[DEBUG] [2026-10-07 23:09:58] [SIGNAL] GOT SIGNAL!
[DEBUG] 

[DEBUG] [2026-10-07 23:09:58] [SIGNAL] Signal User: 130126!
[DEBUG] 

[DEBUG] [2026-10-07 23:09:58] [SIGNAL] Signal Payload Size: 1053!
[DEBUG] 

[DEBUG] [2026-10-07 23:09:58] [SIGNAL] PROCESS SIGNAL!
[DEBUG] 

[DEBUG] [2026-10-07 23:09:58] [SIGNAL] GOT SIGNAL!
[DEBUG] 

[DEBUG] [2026-10-07 23:09:58] [SIGNAL] Signal User: 130126!
[DEBUG] 

[DEBUG] [2026-10-07 23:09:58] [SIGNAL] Signal Payload Size: 1882!
[DEBUG] 

[DEBUG] [2026-10-07 23:09:58] [SIGNAL] PROCESS SIGNAL!
[DEBUG] 

[DEBUG] [2026-10-07 23:09:58] [STEAM NETWORKING LOGFUNC] [#1245751339 P2P str:130126 vport 0 'Steam Connection User130126'] Got remote candidate 'candidate:4272868996 0 udp 2122265344 fd93:d240:80b:8:5025:bb5c:2247:68cc 58698 typ host generation 0 ufrag jOzsv network-id 4'
[DEBUG] 

[DEBUG] [2026-10-07 23:09:58] [STEAM NETWORKING LOGFUNC] [#1245751339 P2P str:130126 vport 0 'Steam Connection User130126'] Got remote candidate 'candidate:3859163116 0 udp 2122199808 fd93:d240:80b:8:c05d:90c:5794:c9cf 58699 typ host generation 0 ufrag jOzsv network-id 5'
[DEBUG] 

[DEBUG] [2026-10-07 23:09:58] [STEAM NETWORKING LOGFUNC] [#1245751339 P2P str:130126 vport 0 'Steam Connection User130126'] Got remote candidate 'candidate:1608053108 0 udp 2122131712 2a0d:3341:f817:4608:3217:692f:8bc1:6a39 58700 typ host generation 0 ufrag jOzsv network-id 2'
[DEBUG] 

[DEBUG] [2026-10-07 23:09:58] [STEAM NETWORKING LOGFUNC] [#1245751339 P2P str:130126 vport 0 'Steam Connection User130126'] Got remote candidate 'candidate:4227734107 0 udp 2122066176 2a0d:3341:f817:4608:c05d:90c:5794:c9cf 58701 typ host generation 0 ufrag jOzsv network-id 3'
[DEBUG] 

[DEBUG] [2026-10-07 23:09:58] [STEAM NETWORKING LOGFUNC] [#1245751339 P2P str:130126 vport 0 'Steam Connection User130126'] Got remote candidate 'candidate:1001321590 0 udp 2121998080 192.168.1.88 58702 typ host generation 0 ufrag jOzsv network-id 1'
[DEBUG] 

[DEBUG] [2026-10-07 23:09:58] [STEAM NETWORKING LOGFUNC] [#1245751339 P2P str:130126 vport 0 'Steam Connection User130126'] Got remote candidate 'candidate:3451817378 0 udp 1685790464 129.224.207.18 39792 typ srflx raddr 192.168.1.88 rport 58702 generation 0 ufrag jOzsv network-id 1'
[DEBUG] 

[DEBUG] [2026-10-07 23:09:58] [STEAM NETWORKING LOGFUNC] [#1245751339 P2P str:130126 vport 0 'Steam Connection User130126'] Got remote candidate 'candidate:4272868996 0 udp 2122265344 fd93:d240:80b:8:5025:bb5c:2247:68cc 58705 typ host generation 0 ufrag jOzsv network-id 4'
[DEBUG] 

[DEBUG] [2026-10-07 23:09:58] [STEAM NETWORKING LOGFUNC] [#1245751339 P2P str:130126 vport 0 'Steam Connection User130126'] Got remote candidate 'candidate:3859163116 0 udp 2122199808 fd93:d240:80b:8:c05d:90c:5794:c9cf 58706 typ host generation 0 ufrag jOzsv network-id 5'
[DEBUG] 

[DEBUG] [2026-10-07 23:09:58] [STEAM NETWORKING LOGFUNC] [#1245751339 P2P str:130126 vport 0 'Steam Connection User130126'] Got remote candidate 'candidate:1608053108 0 udp 2122131712 2a0d:3341:f817:4608:3217:692f:8bc1:6a39 58707 typ host generation 0 ufrag jOzsv network-id 2'
[DEBUG] 

[DEBUG] [2026-10-07 23:09:58] [STEAM NETWORKING LOGFUNC] [#1245751339 P2P str:130126 vport 0 'Steam Connection User130126'] Got remote candidate 'candidate:4227734107 0 udp 2122066176 2a0d:3341:f817:4608:c05d:90c:5794:c9cf 58708 typ host generation 0 ufrag jOzsv network-id 3'
[DEBUG] 

[DEBUG] [2026-10-07 23:09:58] [STEAM NETWORKING LOGFUNC] [#1245751339 P2P str:130126 vport 0 'Steam Connection User130126'] Got remote candidate 'candidate:1001321590 0 udp 2121998080 192.168.1.88 58709 typ host generation 0 ufrag jOzsv network-id 1'
[DEBUG] 

[DEBUG] [2026-10-07 23:09:58] [STEAM NETWORKING LOGFUNC] [#1245751339 P2P str:130126 vport 0 'Steam Connection User130126'] Got remote candidate 'candidate:3451817378 0 udp 1685790464 129.224.207.18 14822 typ srflx raddr 192.168.1.88 rport 58709 generation 0 ufrag jOzsv network-id 1'
[DEBUG] 

[DEBUG] [2026-10-07 23:09:58] [STEAM NETWORKING LOGFUNC] [#1245751339 P2P str:130126 vport 0 'Steam Connection User130126'] Received ConnectOK in P2P Rendezvous.
[DEBUG] 

[DEBUG] [2026-10-07 23:09:58] [STEAM NETWORKING LOGFUNC] [#1245751339 P2P str:130126 vport 0 'Steam Connection User130126'] finding route
[DEBUG] 

[DEBUG] [2026-10-07 23:09:58] [STEAM NETWORKING][#1245751339 P2P str:130126 vport 0 'Steam Connection User130126'] finding route

[DEBUG] 

[DEBUG] [2026-10-07 23:09:58] [SIGNAL] SEND SIGNAL!
[DEBUG] 

[DEBUG] [2026-10-07 23:09:58] [SIGNAL] GOT SIGNAL!
[DEBUG] 

[DEBUG] [2026-10-07 23:09:58] [SIGNAL] Signal User: 130126!
[DEBUG] 

[DEBUG] [2026-10-07 23:09:58] [SIGNAL] Signal Payload Size: 2870!
[DEBUG] 

[DEBUG] [2026-10-07 23:09:58] [SIGNAL] PROCESS SIGNAL!
[DEBUG] 

[DEBUG] [2026-10-07 23:09:58] [STEAM NETWORKING LOGFUNC] [#1245751339 P2P str:130126 vport 0 'Steam Connection User130126'] Got remote candidate 'candidate:4236727845 0 udp 41623296 104.30.149.91 26705 typ relay raddr 129.224.207.18 rport 14822 generation 0 ufrag jOzsv network-id 1'
[DEBUG] 

[DEBUG] [2026-10-07 23:09:58] [STEAM NETWORKING LOGFUNC] [#1245751339 P2P str:130126 vport 0 'Steam Connection User130126'] Got remote candidate 'candidate:1763644406 0 udp 41688832 104.30.149.98 25336 typ relay raddr 2a0d:3341:f817:4608:c05d:90c:5794:c9cf rport 58708 generation 0 ufrag jOzsv network-id 3'
[DEBUG] 

[DEBUG] [2026-10-07 23:09:58] [STEAM NETWORKING LOGFUNC] [#1245751339 P2P str:130126 vport 0 'Steam Connection User130126'] Got remote candidate 'candidate:1772305143 0 udp 41754368 104.30.144.169 60316 typ relay raddr 2a0d:3341:f817:4608:3217:692f:8bc1:6a39 rport 58707 generation 0 ufrag jOzsv network-id 2'
[DEBUG] 

[DEBUG] [2026-10-07 23:09:58] [STEAM NETWORKING LOGFUNC] [#1245751339 P2P str:130126 vport 0 'Steam Connection User130126'] Got remote candidate 'candidate:1306990148 0 udp 41688832 104.30.148.46 62192 typ relay raddr 2a0d:3341:f817:4608:c05d:90c:5794:c9cf rport 58708 generation 0 ufrag jOzsv network-id 3'
[DEBUG] 

[DEBUG] [2026-10-07 23:09:58] [STEAM NETWORKING LOGFUNC] [#1245751339 P2P str:130126 vport 0 'Steam Connection User130126'] Got remote candidate 'candidate:1198883604 0 udp 41754368 104.30.145.154 61816 typ relay raddr 2a0d:3341:f817:4608:3217:692f:8bc1:6a39 rport 58707 generation 0 ufrag jOzsv network-id 2'
[DEBUG] 

[DEBUG] [2026-10-07 23:09:58] [STEAM NETWORKING LOGFUNC] [#1245751339 P2P str:130126 vport 0 'Steam Connection User130126'] Got remote candidate 'candidate:3028523276 0 udp 41623296 104.30.145.94 62851 typ relay raddr 129.224.207.18 rport 14822 generation 0 ufrag jOzsv network-id 1'
[DEBUG] 

[DEBUG] [2026-10-07 23:09:58] [0x170904960|https://api.playgenerals.online/env/prod/contract/1/ConnectionOutcome|Verb 0] Transfer is complete: 17 bytes total! Curl result is 0
[DEBUG] 

[DEBUG] [2026-10-07 23:09:58] [0x170904960|https://api.playgenerals.online/env/prod/contract/1/ConnectionOutcome|Verb 0] Response was 200 - {"success":false}!
[DEBUG] 

[DEBUG] [2026-10-07 23:09:58] [SIGNAL] SEND SIGNAL!
[DEBUG] 

[DEBUG] [2026-10-07 23:09:58] [SIGNAL] GOT SIGNAL!
[DEBUG] 

[DEBUG] [2026-10-07 23:09:58] [SIGNAL] Signal User: 130126!
[DEBUG] 

[DEBUG] [2026-10-07 23:09:58] [SIGNAL] Signal Payload Size: 2870!
[DEBUG] 

[DEBUG] [2026-10-07 23:09:58] [SIGNAL] PROCESS SIGNAL!
[DEBUG] 

[DEBUG] [2026-10-07 23:09:58] [SIGNAL] SEND SIGNAL!
[DEBUG] 

[DEBUG] [2026-10-07 23:09:58] [STEAM NETWORKING LOGFUNC] [#1245751339 P2P str:130126 vport 0 'Steam Connection User130126'] Peer appears to be using 'ICE' transport as primary
[DEBUG] 

[DEBUG] [2026-10-07 23:09:59] [STEAM NETWORKING LOGFUNC] [#1245751339 P2P ICE str:130126 vport 0 'Steam Connection User130126'] connected
[DEBUG] 

[DEBUG] [2026-10-07 23:09:59] [STEAM NETWORKING][#1245751339 P2P ICE str:130126 vport 0 'Steam Connection User130126'] connected

[DEBUG] 

[DEBUG] [2026-10-07 23:09:59] [CONNECTION FLAGS]: has k_nSteamNetworkConnectionInfoFlags_Unauthenticated
[DEBUG] 

[DEBUG] [2026-10-07 23:09:59] [MESH] Connected to user 130126 in 1567 ms (Relayed, signalling attempt 1)
[DEBUG] 

[DEBUG] [2026-10-07 23:09:59] [0x1709461e0|https://api.playgenerals.online/env/prod/contract/1/ConnectionOutcome|Verb 0] Transfer is complete: 17 bytes total! Curl result is 0
[DEBUG] 

[DEBUG] [2026-10-07 23:09:59] [0x1709461e0|https://api.playgenerals.online/env/prod/contract/1/ConnectionOutcome|Verb 0] Response was 200 - {"success":false}!
[DEBUG] 

[DEBUG] [2026-10-07 23:09:59] [0x1708fc6e0|https://api.playgenerals.online/env/prod/contract/1/Lobby/67910|Verb 0] Transfer is complete: 17 bytes total! Curl result is 0
[DEBUG] 

[DEBUG] [2026-10-07 23:09:59] [0x1708fc6e0|https://api.playgenerals.online/env/prod/contract/1/Lobby/67910|Verb 0] Response was 200 - {"success":false}!
[DEBUG] 

[DEBUG] [2026-10-07 23:09:59] [0x17091b040|https://api.playgenerals.online/env/prod/contract/1/Lobby/67910|Verb 0] Transfer is complete: 2204 bytes total! Curl result is 0
[DEBUG] 

[DEBUG] [2026-10-07 23:09:59] [0x17091b040|https://api.playgenerals.online/env/prod/contract/1/Lobby/67910|Verb 0] Response was 200 - {"lobby":{"LobbyID":67910,"Owner":129442,"Name":"[AS][⛊] Generals Online Lobby","State":0,"MapName":"Death Valley (8)","MapPath":"death valley\\death valley.map","IsMapOfficial":true,"MatchID":0,"TimeCreated":"2026-10-07T18:09:13.7045389Z","NumCurrentPlayers":4,"MaxPlayers":8,"IsVanillaTeamsOnly":false,"StartingCash":350000,"IsLimitSuperweapons":true,"IsTrackingStats":true,"IsPassworded":false,"AllowObservers":true,"ExeCRC":560676586,"IniCRC":2180732466,"NetworkRoomID":1,"RNGSeed":<redacted>,"LobbyType":0,"MatchedUserIDs":[],"Region":"Asia","EstimatedLatency":999999,"MaximumCameraHeight":310,"Members":[{"UserID":129442,"DisplayName":"76561199020650406","IsReady":true,"Port":0,"Side":-1,"Team":0,"Color":4,"StartingPosition":4,"HasMap":true,"SlotState":5,"SlotIndex":0,"Region":"Asia","MiddlewareUserID":""},{"UserID":110339,"DisplayName":"hazemm","IsReady":false,"Port":0,"Side":-1,"Team":0,"Color":1,"StartingPosition":7,"HasMap":true,"SlotState":5,"SlotIndex":1,"Region":"Asia","MiddlewareUserID":""},{"UserID":129336,"DisplayName":"weyva","IsReady":false,"Port":0,"Side":-1,"Team":0,"Color":2,"StartingPosition":5,"HasMap":true,"SlotState":5,"SlotIndex":2,"Region":"Asia","MiddlewareUserID":""},{"UserID":130126,"DisplayName":"76561198847018944","IsReady":false,"Port":0,"Side":-1,"Team":-1,"Color":-1,"StartingPosition":-1,"HasMap":true,"SlotState":5,"SlotIndex":3,"Region":"Asia","MiddlewareUserID":""},{"UserID":-1,"DisplayName":"","IsReady":false,"Port":0,"Side":-1,"Team":-1,"Color":-1,"StartingPosition":-1,"HasMap":true,"SlotState":0,"SlotIndex":4,"Region":"Unknown","MiddlewareUserID":""},{"UserID":-1,"DisplayName":"","IsReady":false,"Port":0,"Side":-1,"Team":-1,"Color":-1,"StartingPosition":-1,"HasMap":true,"SlotState":0,"SlotIndex":5,"Region":"Unknown","MiddlewareUserID":""},{"UserID":-1,"DisplayName":"","IsReady":false,"Port":0,"Side":-1,"Team":-1,"Color":-1,"StartingPosition":-1,"HasMap":true,"SlotState":0,"SlotIndex":6,"Region":"Unknown","MiddlewareUserID":""},{"UserID":-1,"DisplayName":"","IsReady":false,"Port":0,"Side":-1,"Team":-1,"Color":-1,"StartingPosition":-1,"HasMap":true,"SlotState":0,"SlotIndex":7,"Region":"Unknown","MiddlewareUserID":""}],"AnticheatID":0}}!
[DEBUG] 

[DEBUG] [2026-10-07 23:10:02] [AC] Websocket AC_DEREGISTER_PLAYER for 130126 and 
[DEBUG] 

[DEBUG] [2026-10-07 23:10:02] [DC] Dumping all Steam connections
[DEBUG] 

[DEBUG] [2026-10-07 23:10:02] [DC] Dumped steam connection, Handle 3785780885 User 110339 (110339)
[DEBUG] 

[DEBUG] [2026-10-07 23:10:02] [DC] Dumped steam connection, Handle 3734904745 User 129442 (129442)
[DEBUG] 

[DEBUG] [2026-10-07 23:10:02] [DC] Dumped steam connection, Handle 1245751339 User 130126 (130126)
[DEBUG] 

[DEBUG] [2026-10-07 23:10:02] [DC] Closing connection 130126
[DEBUG] 

[DEBUG] [2026-10-07 23:10:02] [DC] Steam connection handle is 1245751339
[DEBUG] 

[DEBUG] [2026-10-07 23:10:02] [STEAM NETWORKING LOGFUNC] [#1245751339 P2P ICE str:130126 vport 0 'Steam Connection User130126'] closed by app (1000) Client Disconnecting Gracefully (Got EWebSocketMessageID::NETWORK_CONNECTION_DISCONNECT_PLAYER from service)
[DEBUG] 

[DEBUG] [2026-10-07 23:10:02] [ERASE] Removing user 130126
[DEBUG] 

[DEBUG] [2026-10-07 23:10:02] [0x1708c1820|https://api.playgenerals.online/env/prod/contract/1/Lobby/67910|Verb 0] Transfer is complete: 2186 bytes total! Curl result is 0
[DEBUG] 

[DEBUG] [2026-10-07 23:10:02] [0x1708c1820|https://api.playgenerals.online/env/prod/contract/1/Lobby/67910|Verb 0] Response was 200 - {"lobby":{"LobbyID":67910,"Owner":129442,"Name":"[AS][⛊] Generals Online Lobby","State":0,"MapName":"Death Valley (8)","MapPath":"death valley\\death valley.map","IsMapOfficial":true,"MatchID":0,"TimeCreated":"2026-10-07T18:09:13.7045389Z","NumCurrentPlayers":3,"MaxPlayers":8,"IsVanillaTeamsOnly":false,"StartingCash":350000,"IsLimitSuperweapons":true,"IsTrackingStats":true,"IsPassworded":false,"AllowObservers":true,"ExeCRC":560676586,"IniCRC":2180732466,"NetworkRoomID":1,"RNGSeed":<redacted>,"LobbyType":0,"MatchedUserIDs":[],"Region":"Asia","EstimatedLatency":999999,"MaximumCameraHeight":310,"Members":[{"UserID":129442,"DisplayName":"76561199020650406","IsReady":true,"Port":0,"Side":-1,"Team":0,"Color":4,"StartingPosition":4,"HasMap":true,"SlotState":5,"SlotIndex":0,"Region":"Asia","MiddlewareUserID":""},{"UserID":110339,"DisplayName":"hazemm","IsReady":false,"Port":0,"Side":-1,"Team":0,"Color":1,"StartingPosition":7,"HasMap":true,"SlotState":5,"SlotIndex":1,"Region":"Asia","MiddlewareUserID":""},{"UserID":129336,"DisplayName":"weyva","IsReady":false,"Port":0,"Side":-1,"Team":0,"Color":2,"StartingPosition":5,"HasMap":true,"SlotState":5,"SlotIndex":2,"Region":"Asia","MiddlewareUserID":""},{"UserID":-1,"DisplayName":"","IsReady":false,"Port":0,"Side":-1,"Team":-1,"Color":-1,"StartingPosition":-1,"HasMap":true,"SlotState":0,"SlotIndex":3,"Region":"Unknown","MiddlewareUserID":""},{"UserID":-1,"DisplayName":"","IsReady":false,"Port":0,"Side":-1,"Team":-1,"Color":-1,"StartingPosition":-1,"HasMap":true,"SlotState":0,"SlotIndex":4,"Region":"Unknown","MiddlewareUserID":""},{"UserID":-1,"DisplayName":"","IsReady":false,"Port":0,"Side":-1,"Team":-1,"Color":-1,"StartingPosition":-1,"HasMap":true,"SlotState":0,"SlotIndex":5,"Region":"Unknown","MiddlewareUserID":""},{"UserID":-1,"DisplayName":"","IsReady":false,"Port":0,"Side":-1,"Team":-1,"Color":-1,"StartingPosition":-1,"HasMap":true,"SlotState":0,"SlotIndex":6,"Region":"Unknown","MiddlewareUserID":""},{"UserID":-1,"DisplayName":"","IsReady":false,"Port":0,"Side":-1,"Team":-1,"Color":-1,"StartingPosition":-1,"HasMap":true,"SlotState":0,"SlotIndex":7,"Region":"Unknown","MiddlewareUserID":""}],"AnticheatID":0}}!
[DEBUG] 

[DEBUG] [2026-10-07 23:10:23] [STEAM CONNECTION] Attaching connection 925745578 to user 130126
[DEBUG] 

[DEBUG] [2026-10-07 23:10:23] [STEAM NETWORKING LOGFUNC] [#925745578 P2P str:130126 rem vport 0] Sending P2P ConnectRequest
[DEBUG] 

[DEBUG] [2026-10-07 23:10:23] [NETWORK_CONNECTION_START_SIGNALLING] Starting signalling with 130126 (MWID: )
[DEBUG] 

[DEBUG] [2026-10-07 23:10:23] [SIGNAL] SEND SIGNAL!
[DEBUG] 

[DEBUG] [2026-10-07 23:10:23] [STEAM NETWORKING][#925745578 P2P str:130126 rem vport 0] Entered connecting state

[DEBUG] 

[DEBUG] [2026-10-07 23:10:23] [AC] Websocket AC_REGISTER_PLAYER for 130126 and 
[DEBUG] 

[DEBUG] [2026-10-07 23:10:23] [0x1708d0220|https://api.playgenerals.online/env/prod/contract/1/PlayerStats/130126|Verb 0] Transfer is complete: 1714 bytes total! Curl result is 0
[DEBUG] 

[DEBUG] [2026-10-07 23:10:23] [0x1708d0220|https://api.playgenerals.online/env/prod/contract/1/PlayerStats/130126|Verb 0] Response was 200 - {"stats":{"userID":130126,"EloRating":1000,"EloMatches":0,"MonthlyEloRating":1000,"wins":[0,0,0,0,0,0,0,0,0,0,0,0,0,0,0],"losses":[1,1,1,0,0,0,0,0,0,0,0,0,0,0,0],"games":[1,1,1,0,0,0,0,0,0,0,0,0,0,0,0],"duration":[12,32,16,0,0,0,0,0,0,0,0,0,0,0,0],"unitsKilled":[6,211,10,0,0,0,0,0,0,0,0,0,0,0,0],"unitsLost":[53,294,68,0,0,0,0,0,0,0,0,0,0,0,0],"unitsBuilt":[63,232,69,0,0,0,0,0,0,0,0,0,0,0,0],"buildingsKilled":[2,0,0,0,0,0,0,0,0,0,0,0,0,0,0],"buildingsLost":[8,45,1,0,0,0,0,0,0,0,0,0,0,0,0],"buildingsBuilt":[16,20,9,0,0,0,0,0,0,0,0,0,0,0,0],"earnings":[20700,87891,40800,0,0,0,0,0,0,0,0,0,0,0,0],"techCaptured":[1,0,0,0,0,0,0,0,0,0,0,0,0,0,0],"discons":[0,0,0,0,0,0,0,0,0,0,0,0,0,0,0],"desyncs":[0,0,0,0,0,0,0,0,0,0,0,0,0,0,0],"surrenders":[1,1,0,0,0,0,0,0,0,0,0,0,0,0,0],"gamesOf2p":[0,0,0,0,0,0,0,0,0,0,0,0,0,0,0],"gamesOf3p":[0,0,0,0,0,0,0,0,0,0,0,0,0,0,0],"gamesOf4p":[0,0,0,0,0,0,0,0,0,0,0,0,0,0,0],"gamesOf5p":[0,0,0,0,0,0,0,0,0,0,0,0,0,0,0],"gamesOf6p":[0,0,0,0,0,0,0,0,0,0,0,0,0,0,0],"gamesOf7p":[0,0,0,0,0,0,0,0,0,0,0,0,0,0,0],"gamesOf8p":[1,1,1,0,0,0,0,0,0,0,0,0,0,0,0],"customGames":[0,0,0,0,0,0,0,0,0,0,0,0,0,0,0],"QMGames":[0,0,0,0,0,0,0,0,0,0,0,0,0,0,0],"customGamesPerGeneral":[1,0,0,0,0,0,0,0,0,0,0,0,0,0,0],"quickMatchesPerGeneral":[0,0,0,0,0,0,0,0,0,0,0,0,0,0,0],"locale":0,"gamesAsRandom":3,"options":"","systemSpec":"","lastFPS":0,"lastGeneral":6,"gamesInRowWithLastGeneral":1,"challengeMedals":0,"battleHonors":0,"QMwinsInARow":0,"maxQMwinsInARow":0,"winsInARow":0,"maxWinsInARow":0,"lossesInARow":3,"maxLossesInARow":3,"disconsInARow":0,"maxDisconsInARow":0,"desyncsInARow":0,"maxDesyncsInARow":0,"builtParticleCannon":0,"builtNuke":0,"builtSCUD":0,"lastLadderPort":0,"lastLadderHost":""}}!
[DEBUG] 

[DEBUG] [2026-10-07 23:10:23] [SIGNAL] GOT SIGNAL!
[DEBUG] 

[DEBUG] [2026-10-07 23:10:23] [SIGNAL] Signal User: 130126!
[DEBUG] 

[DEBUG] [2026-10-07 23:10:23] [SIGNAL] Signal Payload Size: 1053!
[DEBUG] 

[DEBUG] [2026-10-07 23:10:23] [0x170908aa0|https://api.playgenerals.online/env/prod/contract/1/ConnectionOutcome|Verb 0] Transfer is complete: 17 bytes total! Curl result is 0
[DEBUG] 

[DEBUG] [2026-10-07 23:10:23] [0x170908aa0|https://api.playgenerals.online/env/prod/contract/1/ConnectionOutcome|Verb 0] Response was 200 - {"success":false}!
[DEBUG] 

[DEBUG] [2026-10-07 23:10:23] [0x17092ddc0|https://api.playgenerals.online/env/prod/contract/1/ConnectionOutcome|Verb 0] Transfer is complete: 17 bytes total! Curl result is 0
[DEBUG] 

[DEBUG] [2026-10-07 23:10:23] [0x17092ddc0|https://api.playgenerals.online/env/prod/contract/1/ConnectionOutcome|Verb 0] Response was 200 - {"success":false}!
[DEBUG] 

[DEBUG] [2026-10-07 23:10:23] [SIGNAL] PROCESS SIGNAL!
[DEBUG] 

[DEBUG] [2026-10-07 23:10:23] [STEAM NETWORKING][#925745578 P2P str:130126 vport 0 'Steam Connection User130126'] finding route

[DEBUG] 

[DEBUG] [2026-10-07 23:10:23] [0x1708b0c60|https://api.playgenerals.online/env/prod/contract/1/Lobby/67910|Verb 0] Transfer is complete: 2204 bytes total! Curl result is 0
[DEBUG] 

[DEBUG] [2026-10-07 23:10:23] [0x1708b0c60|https://api.playgenerals.online/env/prod/contract/1/Lobby/67910|Verb 0] Response was 200 - {"lobby":{"LobbyID":67910,"Owner":129442,"Name":"[AS][⛊] Generals Online Lobby","State":0,"MapName":"Death Valley (8)","MapPath":"death valley\\death valley.map","IsMapOfficial":true,"MatchID":0,"TimeCreated":"2026-10-07T18:09:13.7045389Z","NumCurrentPlayers":4,"MaxPlayers":8,"IsVanillaTeamsOnly":false,"StartingCash":350000,"IsLimitSuperweapons":true,"IsTrackingStats":true,"IsPassworded":false,"AllowObservers":true,"ExeCRC":560676586,"IniCRC":2180732466,"NetworkRoomID":1,"RNGSeed":<redacted>,"LobbyType":0,"MatchedUserIDs":[],"Region":"Asia","EstimatedLatency":999999,"MaximumCameraHeight":310,"Members":[{"UserID":129442,"DisplayName":"76561199020650406","IsReady":true,"Port":0,"Side":-1,"Team":0,"Color":4,"StartingPosition":4,"HasMap":true,"SlotState":5,"SlotIndex":0,"Region":"Asia","MiddlewareUserID":""},{"UserID":110339,"DisplayName":"hazemm","IsReady":false,"Port":0,"Side":-1,"Team":0,"Color":1,"StartingPosition":7,"HasMap":true,"SlotState":5,"SlotIndex":1,"Region":"Asia","MiddlewareUserID":""},{"UserID":129336,"DisplayName":"weyva","IsReady":false,"Port":0,"Side":-1,"Team":0,"Color":2,"StartingPosition":5,"HasMap":true,"SlotState":5,"SlotIndex":2,"Region":"Asia","MiddlewareUserID":""},{"UserID":130126,"DisplayName":"76561198847018944","IsReady":false,"Port":0,"Side":-1,"Team":-1,"Color":-1,"StartingPosition":-1,"HasMap":true,"SlotState":5,"SlotIndex":3,"Region":"Asia","MiddlewareUserID":""},{"UserID":-1,"DisplayName":"","IsReady":false,"Port":0,"Side":-1,"Team":-1,"Color":-1,"StartingPosition":-1,"HasMap":true,"SlotState":0,"SlotIndex":4,"Region":"Unknown","MiddlewareUserID":""},{"UserID":-1,"DisplayName":"","IsReady":false,"Port":0,"Side":-1,"Team":-1,"Color":-1,"StartingPosition":-1,"HasMap":true,"SlotState":0,"SlotIndex":5,"Region":"Unknown","MiddlewareUserID":""},{"UserID":-1,"DisplayName":"","IsReady":false,"Port":0,"Side":-1,"Team":-1,"Color":-1,"StartingPosition":-1,"HasMap":true,"SlotState":0,"SlotIndex":6,"Region":"Unknown","MiddlewareUserID":""},{"UserID":-1,"DisplayName":"","IsReady":false,"Port":0,"Side":-1,"Team":-1,"Color":-1,"StartingPosition":-1,"HasMap":true,"SlotState":0,"SlotIndex":7,"Region":"Unknown","MiddlewareUserID":""}],"AnticheatID":0}}!
[DEBUG] 

[DEBUG] [2026-10-07 23:10:23] [SIGNAL] SEND SIGNAL!
[DEBUG] 

[DEBUG] [2026-10-07 23:10:23] [SIGNAL] GOT SIGNAL!
[DEBUG] 

[DEBUG] [2026-10-07 23:10:23] [SIGNAL] Signal User: 130126!
[DEBUG] 

[DEBUG] [2026-10-07 23:10:23] [SIGNAL] Signal Payload Size: 2043!
[DEBUG] 

[DEBUG] [2026-10-07 23:10:23] [SIGNAL] PROCESS SIGNAL!
[DEBUG] 

[DEBUG] [2026-10-07 23:10:23] [STEAM NETWORKING LOGFUNC] [#925745578 P2P str:130126 vport 0 'Steam Connection User130126'] Got remote candidate 'candidate:4272868996 0 udp 2122265344 fd93:d240:80b:8:5025:bb5c:2247:68cc 52903 typ host generation 0 ufrag kW05t network-id 4'
[DEBUG] 

[DEBUG] [2026-10-07 23:10:23] [STEAM NETWORKING LOGFUNC] [#925745578 P2P str:130126 vport 0 'Steam Connection User130126'] Got remote candidate 'candidate:3859163116 0 udp 2122199808 fd93:d240:80b:8:c05d:90c:5794:c9cf 52904 typ host generation 0 ufrag kW05t network-id 5'
[DEBUG] 

[DEBUG] [2026-10-07 23:10:23] [STEAM NETWORKING LOGFUNC] [#925745578 P2P str:130126 vport 0 'Steam Connection User130126'] Got remote candidate 'candidate:1608053108 0 udp 2122131712 2a0d:3341:f817:4608:3217:692f:8bc1:6a39 52905 typ host generation 0 ufrag kW05t network-id 2'
[DEBUG] 

[DEBUG] [2026-10-07 23:10:23] [STEAM NETWORKING LOGFUNC] [#925745578 P2P str:130126 vport 0 'Steam Connection User130126'] Got remote candidate 'candidate:4227734107 0 udp 2122066176 2a0d:3341:f817:4608:c05d:90c:5794:c9cf 52906 typ host generation 0 ufrag kW05t network-id 3'
[DEBUG] 

[DEBUG] [2026-10-07 23:10:23] [STEAM NETWORKING LOGFUNC] [#925745578 P2P str:130126 vport 0 'Steam Connection User130126'] Got remote candidate 'candidate:1001321590 0 udp 2121998080 192.168.1.88 52907 typ host generation 0 ufrag kW05t network-id 1'
[DEBUG] 

[DEBUG] [2026-10-07 23:10:23] [STEAM NETWORKING LOGFUNC] [#925745578 P2P str:130126 vport 0 'Steam Connection User130126'] Got remote candidate 'candidate:3451817378 0 udp 1685790464 129.224.207.18 19676 typ srflx raddr 192.168.1.88 rport 52907 generation 0 ufrag kW05t network-id 1'
[DEBUG] 

[DEBUG] [2026-10-07 23:10:23] [STEAM NETWORKING LOGFUNC] [#925745578 P2P str:130126 vport 0 'Steam Connection User130126'] Got remote candidate 'candidate:2033159506 0 udp 41754368 104.30.146.139 56275 typ relay raddr 2a0d:3341:f817:4608:3217:692f:8bc1:6a39 rport 52905 generation 0 ufrag kW05t network-id 2'
[DEBUG] 

[DEBUG] [2026-10-07 23:10:23] [STEAM NETWORKING LOGFUNC] [#925745578 P2P str:130126 vport 0 'Steam Connection User130126'] Got remote candidate 'candidate:3933209135 0 udp 41688832 104.30.149.241 44833 typ relay raddr 2a0d:3341:f817:4608:c05d:90c:5794:c9cf rport 52906 generation 0 ufrag kW05t network-id 3'
[DEBUG] 

[DEBUG] [2026-10-07 23:10:23] [STEAM NETWORKING LOGFUNC] [#925745578 P2P str:130126 vport 0 'Steam Connection User130126'] Got remote candidate 'candidate:3747120870 0 udp 41623296 104.30.146.138 51368 typ relay raddr 129.224.207.18 rport 19676 generation 0 ufrag kW05t network-id 1'
[DEBUG] 

[DEBUG] [2026-10-07 23:10:23] [STEAM NETWORKING LOGFUNC] [#925745578 P2P str:130126 vport 0 'Steam Connection User130126'] Got remote candidate 'candidate:457849836 0 udp 41754368 104.30.150.208 36920 typ relay raddr 2a0d:3341:f817:4608:3217:692f:8bc1:6a39 rport 52905 generation 0 ufrag kW05t network-id 2'
[DEBUG] 

[DEBUG] [2026-10-07 23:10:23] [STEAM NETWORKING LOGFUNC] [#925745578 P2P str:130126 vport 0 'Steam Connection User130126'] Got remote candidate 'candidate:3270569501 0 udp 41688832 104.30.145.178 38990 typ relay raddr 2a0d:3341:f817:4608:c05d:90c:5794:c9cf rport 52906 generation 0 ufrag kW05t network-id 3'
[DEBUG] 

[DEBUG] [2026-10-07 23:10:23] [STEAM NETWORKING LOGFUNC] [#925745578 P2P str:130126 vport 0 'Steam Connection User130126'] Got remote candidate 'candidate:3028523276 0 udp 41623296 104.30.145.94 64771 typ relay raddr 129.224.207.18 rport 19676 generation 0 ufrag kW05t network-id 1'
[DEBUG] 

[DEBUG] [2026-10-07 23:10:23] [SIGNAL] SEND SIGNAL!
[DEBUG] 

[DEBUG] [2026-10-07 23:10:23] [0x170938b00|https://api.playgenerals.online/env/prod/contract/1/ConnectionOutcome|Verb 0] Transfer is complete: 17 bytes total! Curl result is 0
[DEBUG] 

[DEBUG] [2026-10-07 23:10:23] [0x170938b00|https://api.playgenerals.online/env/prod/contract/1/ConnectionOutcome|Verb 0] Response was 200 - {"success":false}!
[DEBUG] 

[DEBUG] [2026-10-07 23:10:23] [SIGNAL] SEND SIGNAL!
[DEBUG] 

[DEBUG] [2026-10-07 23:10:23] [SIGNAL] GOT SIGNAL!
[DEBUG] 

[DEBUG] [2026-10-07 23:10:23] [SIGNAL] Signal User: 130126!
[DEBUG] 

[DEBUG] [2026-10-07 23:10:23] [SIGNAL] Signal Payload Size: 38!
[DEBUG] 

[DEBUG] [2026-10-07 23:10:23] [SIGNAL] PROCESS SIGNAL!
[DEBUG] 

[DEBUG] [2026-10-07 23:10:23] [SIGNAL] GOT SIGNAL!
[DEBUG] 

[DEBUG] [2026-10-07 23:10:23] [SIGNAL] Signal User: 130126!
[DEBUG] 

[DEBUG] [2026-10-07 23:10:23] [SIGNAL] Signal Payload Size: 38!
[DEBUG] 

[DEBUG] [2026-10-07 23:10:23] [SIGNAL] PROCESS SIGNAL!
[DEBUG] 

[DEBUG] [2026-10-07 23:10:23] [SIGNAL] GOT SIGNAL!
[DEBUG] 

[DEBUG] [2026-10-07 23:10:23] [SIGNAL] Signal User: 130126!
[DEBUG] 

[DEBUG] [2026-10-07 23:10:23] [SIGNAL] Signal Payload Size: 38!
[DEBUG] 

[DEBUG] [2026-10-07 23:10:23] [SIGNAL] PROCESS SIGNAL!
[DEBUG] 

[DEBUG] [2026-10-07 23:10:24] [STEAM NETWORKING LOGFUNC] [#925745578 P2P ICE str:130126 vport 0 'Steam Connection User130126'] Peer appears to be using 'ICE' transport as primary
[DEBUG] 

[DEBUG] [2026-10-07 23:10:24] [STEAM NETWORKING LOGFUNC] [#925745578 P2P ICE str:130126 vport 0 'Steam Connection User130126'] connected
[DEBUG] 

[DEBUG] [2026-10-07 23:10:24] [STEAM NETWORKING][#925745578 P2P ICE str:130126 vport 0 'Steam Connection User130126'] connected

[DEBUG] 

[DEBUG] [2026-10-07 23:10:24] [CONNECTION FLAGS]: has k_nSteamNetworkConnectionInfoFlags_Unauthenticated
[DEBUG] 

[DEBUG] [2026-10-07 23:10:24] [MESH] Connected to user 130126 in 1161 ms (Relayed, signalling attempt 1)
[DEBUG] 

[DEBUG] [2026-10-07 23:10:24] [0x1708ee940|https://api.playgenerals.online/env/prod/contract/1/ConnectionOutcome|Verb 0] Transfer is complete: 17 bytes total! Curl result is 0
[DEBUG] 

[DEBUG] [2026-10-07 23:10:24] [0x1708ee940|https://api.playgenerals.online/env/prod/contract/1/ConnectionOutcome|Verb 0] Response was 200 - {"success":false}!
[DEBUG] 

[DEBUG] [2026-10-07 23:10:25] [AC] Websocket AC_DEREGISTER_PLAYER for 130126 and 
[DEBUG] 

[DEBUG] [2026-10-07 23:10:25] [DC] Dumping all Steam connections
[DEBUG] 

[DEBUG] [2026-10-07 23:10:25] [DC] Dumped steam connection, Handle 3785780885 User 110339 (110339)
[DEBUG] 

[DEBUG] [2026-10-07 23:10:25] [DC] Dumped steam connection, Handle 3734904745 User 129442 (129442)
[DEBUG] 

[DEBUG] [2026-10-07 23:10:25] [DC] Dumped steam connection, Handle 925745578 User 130126 (130126)
[DEBUG] 

[DEBUG] [2026-10-07 23:10:25] [DC] Closing connection 130126
[DEBUG] 

[DEBUG] [2026-10-07 23:10:25] [DC] Steam connection handle is 925745578
[DEBUG] 

[DEBUG] [2026-10-07 23:10:25] [STEAM NETWORKING LOGFUNC] [#925745578 P2P ICE str:130126 vport 0 'Steam Connection User130126'] closed by app (1000) Client Disconnecting Gracefully (Got EWebSocketMessageID::NETWORK_CONNECTION_DISCONNECT_PLAYER from service)
[DEBUG] 

[DEBUG] [2026-10-07 23:10:25] [ERASE] Removing user 130126
[DEBUG] 

[DEBUG] [2026-10-07 23:10:25] [0x1708fe540|https://api.playgenerals.online/env/prod/contract/1/Lobby/67910|Verb 0] Transfer is complete: 2186 bytes total! Curl result is 0
[DEBUG] 

[DEBUG] [2026-10-07 23:10:25] [0x1708fe540|https://api.playgenerals.online/env/prod/contract/1/Lobby/67910|Verb 0] Response was 200 - {"lobby":{"LobbyID":67910,"Owner":129442,"Name":"[AS][⛊] Generals Online Lobby","State":0,"MapName":"Death Valley (8)","MapPath":"death valley\\death valley.map","IsMapOfficial":true,"MatchID":0,"TimeCreated":"2026-10-07T18:09:13.7045389Z","NumCurrentPlayers":3,"MaxPlayers":8,"IsVanillaTeamsOnly":false,"StartingCash":350000,"IsLimitSuperweapons":true,"IsTrackingStats":true,"IsPassworded":false,"AllowObservers":true,"ExeCRC":560676586,"IniCRC":2180732466,"NetworkRoomID":1,"RNGSeed":<redacted>,"LobbyType":0,"MatchedUserIDs":[],"Region":"Asia","EstimatedLatency":999999,"MaximumCameraHeight":310,"Members":[{"UserID":129442,"DisplayName":"76561199020650406","IsReady":true,"Port":0,"Side":-1,"Team":0,"Color":4,"StartingPosition":4,"HasMap":true,"SlotState":5,"SlotIndex":0,"Region":"Asia","MiddlewareUserID":""},{"UserID":110339,"DisplayName":"hazemm","IsReady":false,"Port":0,"Side":-1,"Team":0,"Color":1,"StartingPosition":7,"HasMap":true,"SlotState":5,"SlotIndex":1,"Region":"Asia","MiddlewareUserID":""},{"UserID":129336,"DisplayName":"weyva","IsReady":false,"Port":0,"Side":-1,"Team":0,"Color":2,"StartingPosition":5,"HasMap":true,"SlotState":5,"SlotIndex":2,"Region":"Asia","MiddlewareUserID":""},{"UserID":-1,"DisplayName":"","IsReady":false,"Port":0,"Side":-1,"Team":-1,"Color":-1,"StartingPosition":-1,"HasMap":true,"SlotState":0,"SlotIndex":3,"Region":"Unknown","MiddlewareUserID":""},{"UserID":-1,"DisplayName":"","IsReady":false,"Port":0,"Side":-1,"Team":-1,"Color":-1,"StartingPosition":-1,"HasMap":true,"SlotState":0,"SlotIndex":4,"Region":"Unknown","MiddlewareUserID":""},{"UserID":-1,"DisplayName":"","IsReady":false,"Port":0,"Side":-1,"Team":-1,"Color":-1,"StartingPosition":-1,"HasMap":true,"SlotState":0,"SlotIndex":5,"Region":"Unknown","MiddlewareUserID":""},{"UserID":-1,"DisplayName":"","IsReady":false,"Port":0,"Side":-1,"Team":-1,"Color":-1,"StartingPosition":-1,"HasMap":true,"SlotState":0,"SlotIndex":6,"Region":"Unknown","MiddlewareUserID":""},{"UserID":-1,"DisplayName":"","IsReady":false,"Port":0,"Side":-1,"Team":-1,"Color":-1,"StartingPosition":-1,"HasMap":true,"SlotState":0,"SlotIndex":7,"Region":"Unknown","MiddlewareUserID":""}],"AnticheatID":0}}!
[DEBUG] 

[DEBUG] [2026-10-07 23:10:37] [STEAM NETWORKING LOGFUNC] [#3785780885 P2P ICE str:110339 vport 0 'Steam Connection User110339'] closed by app (1000) Client Disconnecting Gracefully
[DEBUG] 

[DEBUG] [2026-10-07 23:10:37] [STEAM NETWORKING LOGFUNC] [#3734904745 P2P ICE str:129442 vport 0 'Steam Connection User129442'] closed by app (1000) Client Disconnecting Gracefully
[DEBUG] 

[DEBUG] [2026-10-07 23:10:37] [0x17091b820|https://api.playgenerals.online/env/prod/contract/1/Lobby/67910|Verb 0] Transfer is complete: 16 bytes total! Curl result is 0
[DEBUG] 

[DEBUG] [2026-10-07 23:10:37] [0x17091b820|https://api.playgenerals.online/env/prod/contract/1/Lobby/67910|Verb 0] Response was 200 - {"success":true}!
[DEBUG] 

DEBUG: Shell::push() called with filename='Menus/WOLCustomLobby.wnd'
DEBUG: Shell::push() marked as pending, will load 'Menus/WOLCustomLobby.wnd' next frame
DEBUG: Shell::update() - Processing pending push: 'Menus/WOLCustomLobby.wnd'
DEBUG: Shell::doPush() called with layoutFile='Menus/WOLCustomLobby.wnd'
DEBUG: About to call TheWindowManager->winCreateLayout('Menus/WOLCustomLobby.wnd')
DEBUG: winCreateLayout returned: 0x13b89e540
DEBUG: Shell::doPush() completed successfully
DEBUG: Shell::update() - Push completed
[DEBUG] [2026-10-07 23:10:37] [0x170942640|https://api.playgenerals.online/env/prod/contract/1/Social/Friends|Verb 0] Transfer is complete: 36 bytes total! Curl result is 0
[DEBUG] 

[DEBUG] [2026-10-07 23:10:37] [0x170942640|https://api.playgenerals.online/env/prod/contract/1/Social/Friends|Verb 0] Response was 200 - {"friends":[],"pending_requests":[]}!
[DEBUG] 

[DEBUG] [2026-10-07 23:10:37] [0x1708fc020|https://api.playgenerals.online/env/prod/contract/1/Rooms|Verb 0] Transfer is complete: 244 bytes total! Curl result is 0
[DEBUG] 

[DEBUG] [2026-10-07 23:10:37] [0x1708fc020|https://api.playgenerals.online/env/prod/contract/1/Rooms|Verb 0] Response was 200 - {"rooms":[{"id":0,"name":"All Games","parent_id":null,"flags":1},{"id":1,"name":"General","parent_id":0,"flags":0},{"id":2,"name":"Tournament","parent_id":0,"flags":0}],"supports_moderation_commands":true,"supports_room_selection_results":true}!
[DEBUG] 

[DEBUG] [2026-10-07 23:10:37] [0x1708f34a0|https://api.playgenerals.online/env/prod/contract/1/Lobbies|Verb 0] Transfer is complete: 50 bytes total! Curl result is 0
[DEBUG] 

[DEBUG] [2026-10-07 23:10:37] [0x1708f34a0|https://api.playgenerals.online/env/prod/contract/1/Lobbies|Verb 0] Response was 200 - {"lobbies":[],"latencies":[],"playerlatencies":[]}!
[DEBUG] 

[DEBUG] [2026-10-07 23:10:37] [NGMP] Repopulating network room roster using local data
[DEBUG] 

[DEBUG] [2026-10-07 23:10:37] [0x170935e00|https://api.playgenerals.online/env/prod/contract/1/PlayerStats/Batch|Verb 0] Transfer is complete: 8148 bytes total! Curl result is 0
[DEBUG] 

[DEBUG] [2026-10-07 23:10:37] [0x170935e00|https://api.playgenerals.online/env/prod/contract/1/PlayerStats/Batch|Verb 0] Response was 200 - {"stats":[{"userID":27,"EloRating":953,"EloMatches":27,"MonthlyEloRating":1000,"wins":[1,1,7,10,6,7,9,9,9,9,6,2,7,2,0],"losses":[1,1,14,17,12,11,21,9,11,19,14,13,9,14,0],"games":[1,1,20,27,17,18,31,18,21,30,21,18,17,20,0],"duration":[2,14,122,105,95,180,230,118,167,202,138,75,201,117,0],"unitsKilled":[5,37,260,323,1696,425,753,427,1568,881,423,196,567,330,0],"unitsLost":[8,49,603,228,533,283,897,524,775,905,387,309,733,461,0],"unitsBuilt":[10,53,724,463,886,618,1054,905,1125,1075,769,622,1359,683,0],"buildingsKilled":[1,9,50,40,42,121,109,49,79,110,41,14,131,23,0],"buildingsLost":[1,1,30,21,21,11,76,22,52,64,37,8,33,12,0],"buildingsBuilt":[5,10,157,172,132,178,296,142,224,266,201,160,271,153,0],"earnings":[5100,41550,446975,449644,465911,620460,975670,1230163,717082,858107,721558,495527,1197186,388715,0],"techCaptured":[1,1,30,65,100,46,107,32,49,61,41,33,107,47,0],"discons":[0,0,0,0,0,0,0,0,0,0,0,0,0,0,0],"desyncs":[1,1,1,1,1,1,0,0,0,0,0,0,0,0,0],"surrenders":[1,1,3,4,4,8,5,2,5,9,5,2,3,7,0],"gamesOf2p":[1,1,13,21,11,11,20,10,12,15,12,11,10,7,0],"gamesOf3p":[1,1,4,3,2,3,5,3,6,6,2,2,3,2,0],"gamesOf4p":[1,1,3,1,3,2,1,3,1,1,2,1,0,0,0],"gamesOf5p":[1,1,1,1,1,1,1,1,1,1,1,0,0,0,0],"gamesOf6p":[1,1,3,2,2,4,1,2,2,2,1,1,0,0,0],"gamesOf7p":[1,1,1,1,1,1,1,1,0,0,0,0,0,0,0],"gamesOf8p":[1,1,1,2,1,0,0,0,0,0,0,0,0,0,0],"customGames":[0,0,0,0,0,0,0,0,0,0,0,0,0,0,0],"QMGames":[0,0,0,0,0,0,0,0,0,0,0,0,0,0,0],"customGamesPerGeneral":[1,0,0,0,0,0,0,0,0,0,0,0,0,0,0],"quickMatchesPerGeneral":[1,0,0,0,0,0,0,0,0,0,0,0,0,0,0],"locale":0,"gamesAsRandom":209,"options":"","systemSpec":"","lastFPS":0,"lastGeneral":7,"gamesInRowWithLastGeneral":2,"challengeMedals":0,"battleHonors":4374914,"QMwinsInARow":0,"maxQMwinsInARow":0,"winsInARow":0,"maxWinsInARow":10,"lossesInARow":1,"maxLossesInARow":26,"disconsInARow":0,"maxDisconsInARow":1,"desyncsInARow":0,"maxDesyncsInARow":2,"builtParticleCannon":10,"builtNuke":9,"builtSCUD":11,"lastLadderPort":0,"lastLadderHost":""},{"userID":487,"EloRating":1747,"EloMatches":1069,"MonthlyEloRating":1103,"wins":[1,1,128,118,138,95,137,131,118,152,98,138,134,163,0],"losses":[1,1,91,112,104,116,109,86,113,77,96,94,100,106,0],"games":[1,1,233,240,260,232,263,233,246,246,217,262,268,294,0],"duration":[16,3,1533,1864,2067,1468,1840,1404,1775,1747,1281,2223,2166,2442,0],"unitsKilled":[28,6,7693,8766,8794,7286,9464,6986,7597,8247,5300,9411,8609,10967,0],"unitsLost":[74,15,7098,7357,10876,6221,8663,4953,6878,8273,3742,11285,11294,12991,0],"unitsBuilt":[91,16,11607,12809,20110,9631,13115,8748,11430,11360,6929,20618,18822,23906,0],"buildingsKilled":[3,1,676,785,629,660,878,830,819,995,485,832,732,846,0],"buildingsLost":[20,3,361,552,1324,377,467,327,482,403,394,1359,1273,1589,0],"buildingsBuilt":[36,6,2510,3309,6750,2433,2867,2506,3016,2928,2176,7101,6219,8071,0],"earnings":[63770,9600,609149631,12413734,14934429,7758588,10373315,7881164,11692946,10151073,7596346,15548396,13479161,18407661,0],"techCaptured":[3,3,1069,1192,1428,994,1345,884,1165,930,702,1619,1307,1867,0],"discons":[0,0,0,0,0,0,0,0,0,0,0,0,0,0,0],"desyncs":[1,1,2,2,2,3,2,1,2,1,4,6,3,1,0],"surrenders":[1,1,9,18,11,13,8,8,10,6,9,10,15,7,0],"gamesOf2p":[1,1,172,165,179,168,176,166,177,167,149,193,182,207,0],"gamesOf3p":[1,1,1,1,1,2,1,1,1,2,1,0,0,0,0],"gamesOf4p":[1,1,25,31,32,22,37,28,29,28,35,26,30,29,0],"gamesOf5p":[1,1,3,3,4,4,3,3,3,1,3,1,1,0,0],"gamesOf6p":[1,1,18,29,26,19,22,22,24,29,15,28,27,34,0],"gamesOf7p":[1,1,12,11,12,11,16,11,10,15,1,8,16,11,0],"gamesOf8p":[1,1,6,2,7,6,4,5,3,3,5,2,3,4,0],"customGames":[0,0,0,0,0,0,0,0,0,0,0,0,0,0,0],"QMGames":[0,0,0,0,0,0,0,0,0,0,0,0,0,0,0],"customGamesPerGeneral":[1,0,0,0,0,0,0,0,0,0,0,0,0,0,0],"quickMatchesPerGeneral":[1,0,0,0,0,0,0,0,0,0,0,0,0,0,0],"locale":0,"gamesAsRandom":855,"options":"","systemSpec":"","lastFPS":0,"lastGeneral":11,"gamesInRowWithLastGeneral":2,"challengeMedals":0,"battleHonors":4374914,"QMwinsInARow":0,"maxQMwinsInARow":0,"winsInARow":2,"maxWinsInARow":16,"lossesInARow":0,"maxLossesInARow":12,"disconsInARow":0,"maxDisconsInARow":4,"desyncsInARow":0,"maxDesyncsInARow":2,"builtParticleCannon":103,"builtNuke":77,"builtSCUD":217,"lastLadderPort":0,"lastLadderHost":""},{"userID":14017,"EloRating":1691,"EloMatches":1257,"MonthlyEloRating":1133,"wins":[1,1,172,133,151,152,145,183,174,154,163,149,139,159,0],"losses":[1,1,97,110,94,110,72,83,83,84,105,89,104,118,0],"games":[1,1,284,260,263,272,234,282,266,255,282,258,266,299,0],"duration":[11,11,1798,1813,2406,1823,1672,2175,2053,2056,1875,2459,2425,2846,0],"unitsKilled":[28,70,10736,9486,12648,9939,9311,12387,11153,11728,9155,12910,13730,17353,0],"unitsLost":[101,41,9243,6969,15555,9049,8443,9039,7856,12677,6512,17400,18419,21160,0],"unitsBuilt":[101,82,15628,11807,24580,13205,13421,13732,12953,14924,11229,27897,26736,33751,0],"buildingsKilled":[1,9,1052,855,1068,1078,905,1632,1013,1277,826,992,1174,1312,0],"buildingsLost":[2,1,410,480,1573,483,376,561,452,519,562,1551,1617,1666,0],"buildingsBuilt":[8,13,2883,3155,6989,2887,2590,3958,3247,3232,3038,7150,7192,8708,0],"earnings":[50800,73350,10079178,10733658,18809490,9736408,8988467,13967048,13243674,13887924,11852478,19014924,19774066,26947792,0],"techCaptured":[2,2,850,815,830,505,534,716,654,644,661,939,820,1482,0],"discons":[0,0,0,0,0,0,0,0,0,0,0,0,0,0,0],"desyncs":[1,1,4,2,5,2,2,4,1,2,2,7,2,1,0],"surrenders":[1,1,23,23,18,20,18,24,17,20,30,17,17,18,0],"gamesOf2p":[1,1,207,181,211,208,167,210,193,191,201,201,189,199,0],"gamesOf3p":[1,1,8,3,4,5,5,5,3,2,9,2,3,5,0],"gamesOf4p":[1,1,3,4,1,1,2,2,2,1,2,1,1,1,0],"gamesOf5p":[1,1,1,1,1,1,1,1,1,0,0,0,0,0,0],"gamesOf6p":[1,1,50,48,32,40,42,43,33,40,35,34,47,64,0],"gamesOf7p":[1,1,10,17,7,10,12,11,26,8,14,12,12,10,0],"gamesOf8p":[1,1,8,7,12,7,6,10,7,11,12,6,8,11,0],"customGames":[0,0,0,0,0,0,0,0,0,0,0,0,0,0,0],"QMGames":[0,0,0,0,0,0,0,0,0,0,0,0,0,0,0],"customGamesPerGeneral":[1,0,0,0,0,0,0,0,0,0,0,0,0,0,0],"quickMatchesPerGeneral":[1,0,0,0,0,0,0,0,0,0,0,0,0,0,0],"locale":0,"gamesAsRandom":814,"options":"","systemSpec":"","lastFPS":0,"lastGeneral":5,"gamesInRowWithLastGeneral":1,"challengeMedals":0,"battleHonors":4374914,"QMwinsInARow":0,"maxQMwinsInARow":0,"winsInARow":1,"maxWinsInARow":21,"lossesInARow":0,"maxLossesInARow":8,"disconsInARow":0,"maxDisconsInARow":3,"desyncsInARow":0,"maxDesyncsInARow":2,"builtParticleCannon":6,"builtNuke":81,"builtSCUD":55,"lastLadderPort":0,"lastLadderHost":""},{"userID":127223,"EloRating":979,"EloMatches":1,"MonthlyEloRating":976,"wins":[1,1,0,0,0,0,0,0,0,0,0,0,0,0,0],"losses":[1,1,2,1,1,1,1,1,1,1,0,0,0,0,0],"games":[1,1,2,1,1,1,1,1,1,1,2,0,0,0,0],"duration":[10,2,11,11,16,3,28,4,9,14,35,0,0,0,0],"unitsKilled":[9,1,5,4,119,10,1,66,18,32,48,0,0,0,0],"unitsLost":[61,9,55,19,147,3,40,10,338,94,155,0,0,0,0],"unitsBuilt":[73,10,26,22,57,10,65,10,89,106,185,0,0,0,0],"buildingsKilled":[6,1,1,6,0,0,0,0,0,0,0,0,0,0,0],"buildingsLost":[2,1,13,8,28,4,1,6,14,16,28,0,0,0,0],"buildingsBuilt":[7,6,21,14,24,5,23,7,28,20,66,0,0,0,0],"earnings":[20625,3000,43400,53838,64862,13900,118960,12300,41724,51701,171086,0,0,0,0],"techCaptured":[2,1,5,3,4,5,4,3,2,37,3,0,0,0,0],"discons":[0,0,0,0,0,0,0,0,0,0,0,0,0,0,0],"desyncs":[0,0,0,0,0,0,0,0,0,0,0,0,0,0,0],"surrenders":[1,1,1,1,1,1,0,0,0,0,0,0,0,0,0],"gamesOf2p":[1,1,0,0,0,0,0,0,0,0,0,0,0,0,0],"gamesOf3p":[0,0,0,0,0,0,0,0,0,0,0,0,0,0,0],"gamesOf4p":[1,1,0,0,0,0,0,0,0,0,0,0,0,0,0],"gamesOf5p":[0,0,0,0,0,0,0,0,0,0,0,0,0,0,0],"gamesOf6p":[1,1,1,0,0,0,0,0,0,0,0,0,0,0,0],"gamesOf7p":[0,0,0,0,0,0,0,0,0,0,0,0,0,0,0],"gamesOf8p":[1,1,1,1,1,1,0,0,0,0,0,0,0,0,0],"customGames":[0,0,0,0,0,0,0,0,0,0,0,0,0,0,0],"QMGames":[0,0,0,0,0,0,0,0,0,0,0,0,0,0,0],"customGamesPerGeneral":[1,0,0,0,0,0,0,0,0,0,0,0,0,0,0],"quickMatchesPerGeneral":[1,0,0,0,0,0,0,0,0,0,0,0,0,0,0],"locale":0,"gamesAsRandom":0,"options":"","systemSpec":"","lastFPS":0,"lastGeneral":10,"gamesInRowWithLastGeneral":1,"challengeMedals":0,"battleHonors":128,"QMwinsInARow":0,"maxQMwinsInARow":0,"winsInARow":1,"maxWinsInARow":1,"lossesInARow":0,"maxLossesInARow":7,"disconsInARow":0,"maxDisconsInARow":0,"desyncsInARow":0,"maxDesyncsInARow":0,"builtParticleCannon":0,"b
[DEBUG] 

[DEBUG] [2026-10-07 23:10:38] [0x1708e0060|https://api.playgenerals.online/env/prod/contract/1/Lobbies|Verb 0] Transfer is complete: 113760 bytes total! Curl result is 0
[DEBUG] 

[DEBUG] [2026-10-07 23:10:38] [0x1708e0060|https://api.playgenerals.online/env/prod/contract/1/Lobbies|Verb 0] Response was 200 - <body omitted: 113760 bytes>!
[DEBUG] 

[DEBUG] [2026-10-07 23:10:41] [NGMP] Repopulating network room roster using local data
[DEBUG] 

[DEBUG] [2026-10-07 23:10:42] [0x1709204a0|https://api.playgenerals.online/env/prod/contract/1/Lobbies|Verb 0] Transfer is complete: 118047 bytes total! Curl result is 0
[DEBUG] 

[DEBUG] [2026-10-07 23:10:42] [0x1709204a0|https://api.playgenerals.online/env/prod/contract/1/Lobbies|Verb 0] Response was 200 - <body omitted: 118047 bytes>!
[DEBUG] 

[DEBUG] [2026-10-07 23:10:44] [0x170911980|https://api.playgenerals.online/env/prod/contract/1/ServiceConfig|Verb 0] Transfer is complete: 840 bytes total! Curl result is 0
[DEBUG] 

[DEBUG] [2026-10-07 23:10:44] [0x170911980|https://api.playgenerals.online/env/prod/contract/1/ServiceConfig|Verb 0] Response was 200 - {
	"retry_signalling": true,
	"use_mapped_port": true,
	"min_run_ahead_frames": 6,
	"ra_update_frequency_frames": 10,
	"relay_all_traffic": false,
	"ra_slack_percent": 30,
	"frame_grouping_frames": 2,
	"enable_host_migration": false,
	"network_do_immediate_flush_per_frame": true,
	"network_send_flags": -1,
	"network_latency_logic_model": 2,
	"use_default_config": true,
	"ra_slack_override_percent_in_default": 30,
	"do_probes": true,
	"do_replay_upload": true,
	"network_mesh_histogram_duration": 20000,
	"ibra_ra_tweaks": false,
	"ibra_minslack_default": 0.35,
	"ibra_maxslack_default": 1.0,
	"ibra_minslack_greaterthan300ms": 0.4,
	"ibra_maxslack_greaterthan300ms": 1.0,
	"ibra_minslack_greaterthan200ms": 0.4,
	"ibra_maxslack_greaterthan200ms": 1.0,
	"screenshot_width": 960,
	"screenshot_height": 600,
	"use_new_networking": false
}
!
[DEBUG] 

[DEBUG] [2026-10-07 23:10:44] [NGMP] Joining lobby with id 67791
[DEBUG] 

[DEBUG] [2026-10-07 23:10:44] NetworkMesh: iOS forcing TURN relay-only ICE (STUN disabled)
[DEBUG] 

[DEBUG] [2026-10-07 23:10:44] NetworkMesh: Apple build forcing native ICE implementation 1
[DEBUG] 

[DEBUG] [2026-10-07 23:10:44] NetworkMesh: using ICE implementation 1 (0=default, 1=native, 2=WebRTC)
[DEBUG] 

[DEBUG] [2026-10-07 23:10:44] [0x1708bda40|https://api.playgenerals.online/env/prod/contract/1/Lobby/67791|Verb 0] Transfer is complete: 179 bytes total! Curl result is 0
[DEBUG] 

[DEBUG] [2026-10-07 23:10:44] [0x1708bda40|https://api.playgenerals.online/env/prod/contract/1/Lobby/67791|Verb 0] Response was 200 - <redacted>!
[DEBUG] 

[DEBUG] [2026-10-07 23:10:44] [NGMP] Joined lobby
[DEBUG] 

[DEBUG] [2026-10-07 23:10:44] [SIGNAL] Got TURN credentials, starting 0 held signalling request(s)
[DEBUG] 

[DEBUG] [2026-10-07 23:10:44] [AC] Begin Session 0
[DEBUG] 

[DEBUG] [2026-10-07 23:10:44] [AC] Begin Session End
[DEBUG] 

[DEBUG] [2026-10-07 23:10:44] [STEAM CONNECTION] Attaching connection 1907272017 to user 128707
[DEBUG] 

[DEBUG] [2026-10-07 23:10:44] [STEAM NETWORKING LOGFUNC] [#1907272017 P2P str:128707 rem vport 0] Sending P2P ConnectRequest
[DEBUG] 

[DEBUG] [2026-10-07 23:10:44] [NETWORK_CONNECTION_START_SIGNALLING] Starting signalling with 128707 (MWID: )
[DEBUG] 

[DEBUG] [2026-10-07 23:10:44] [SIGNAL] SEND SIGNAL!
[DEBUG] 

[DEBUG] [2026-10-07 23:10:44] [STEAM NETWORKING][#1907272017 P2P str:128707 rem vport 0] Entered connecting state

[DEBUG] 

[DEBUG] [2026-10-07 23:10:44] [AC] Websocket AC_REGISTER_PLAYER for 128707 and 
[DEBUG] 

[DEBUG] [2026-10-07 23:10:44] [STEAM CONNECTION] Attaching connection 1275375511 to user 122041
[DEBUG] 

[DEBUG] [2026-10-07 23:10:44] [STEAM NETWORKING LOGFUNC] [#1275375511 P2P str:122041 rem vport 0] Sending P2P ConnectRequest
[DEBUG] 

[DEBUG] [2026-10-07 23:10:44] [NETWORK_CONNECTION_START_SIGNALLING] Starting signalling with 122041 (MWID: )
[DEBUG] 

[DEBUG] [2026-10-07 23:10:44] [SIGNAL] SEND SIGNAL!
[DEBUG] 

[DEBUG] [2026-10-07 23:10:44] [STEAM NETWORKING][#1275375511 P2P str:122041 rem vport 0] Entered connecting state

[DEBUG] 

[DEBUG] [2026-10-07 23:10:44] [AC] Websocket AC_REGISTER_PLAYER for 122041 and 
[DEBUG] 

[DEBUG] [2026-10-07 23:10:44] [STEAM CONNECTION] Attaching connection 3025447733 to user 127223
[DEBUG] 

[DEBUG] [2026-10-07 23:10:44] [STEAM NETWORKING LOGFUNC] [#3025447733 P2P str:127223 rem vport 0] Sending P2P ConnectRequest
[DEBUG] 

[DEBUG] [2026-10-07 23:10:44] [NETWORK_CONNECTION_START_SIGNALLING] Starting signalling with 127223 (MWID: )
[DEBUG] 

[DEBUG] [2026-10-07 23:10:44] [SIGNAL] SEND SIGNAL!
[DEBUG] 

[DEBUG] [2026-10-07 23:10:44] [STEAM NETWORKING][#3025447733 P2P str:127223 rem vport 0] Entered connecting state

[DEBUG] 

[DEBUG] [2026-10-07 23:10:45] [AC] Websocket AC_REGISTER_PLAYER for 127223 and 
[DEBUG] 

[DEBUG] [2026-10-07 23:10:45] [STEAM CONNECTION] Attaching connection 1950828335 to user 122368
[DEBUG] 

[DEBUG] [2026-10-07 23:10:45] [STEAM NETWORKING LOGFUNC] [#1950828335 P2P str:122368 rem vport 0] Sending P2P ConnectRequest
[DEBUG] 

[DEBUG] [2026-10-07 23:10:45] [NETWORK_CONNECTION_START_SIGNALLING] Starting signalling with 122368 (MWID: )
[DEBUG] 

[DEBUG] [2026-10-07 23:10:45] [0x1708fbcc0|https://api.playgenerals.online/env/prod/contract/1/Lobby/67791|Verb 0] Transfer is complete: 2221 bytes total! Curl result is 0
[DEBUG] 

[DEBUG] [2026-10-07 23:10:45] [0x1708fbcc0|https://api.playgenerals.online/env/prod/contract/1/Lobby/67791|Verb 0] Response was 200 - {"lobby":{"LobbyID":67791,"Owner":128707,"Name":"[EU][⛊] Yalla habibi","State":0,"MapName":"Death Valley (8)","MapPath":"death valley\\death valley.map","IsMapOfficial":true,"MatchID":0,"TimeCreated":"2026-10-07T18:06:29.1742229Z","NumCurrentPlayers":8,"MaxPlayers":8,"IsVanillaTeamsOnly":false,"StartingCash":10000,"IsLimitSuperweapons":true,"IsTrackingStats":true,"IsPassworded":false,"AllowObservers":true,"ExeCRC":560676586,"IniCRC":2180732466,"NetworkRoomID":1,"RNGSeed":<redacted>,"LobbyType":0,"MatchedUserIDs":[],"Region":"Europe","EstimatedLatency":999999,"MaximumCameraHeight":410,"Members":[{"UserID":128707,"DisplayName":"OCB2026","IsReady":true,"Port":0,"Side":-1,"Team":0,"Color":2,"StartingPosition":0,"HasMap":true,"SlotState":5,"SlotIndex":0,"Region":"Europe","MiddlewareUserID":""},{"UserID":122041,"DisplayName":"G@Li","IsReady":false,"Port":0,"Side":-1,"Team":0,"Color":5,"StartingPosition":3,"HasMap":true,"SlotState":5,"SlotIndex":1,"Region":"Asia","MiddlewareUserID":""},{"UserID":127223,"DisplayName":"76561198635113942","IsReady":false,"Port":0,"Side":8,"Team":-1,"Color":1,"StartingPosition":-1,"HasMap":true,"SlotState":5,"SlotIndex":2,"Region":"Asia","MiddlewareUserID":""},{"UserID":129336,"DisplayName":"weyva","IsReady":false,"Port":0,"Side":-1,"Team":-1,"Color":-1,"StartingPosition":-1,"HasMap":true,"SlotState":5,"SlotIndex":3,"Region":"Asia","MiddlewareUserID":""},{"UserID":122368,"DisplayName":"zer0$","IsReady":false,"Port":0,"Side":-1,"Team":0,"Color":6,"StartingPosition":-1,"HasMap":true,"SlotState":5,"SlotIndex":4,"Region":"Europe","MiddlewareUserID":""},{"UserID":95502,"DisplayName":"haithamhtoo","IsReady":false,"Port":0,"Side":-1,"Team":1,"Color":-1,"StartingPosition":4,"HasMap":true,"SlotState":5,"SlotIndex":5,"Region":"Europe","MiddlewareUserID":""},{"UserID":13610,"DisplayName":"belal mirai","IsReady":false,"Port":0,"Side":-1,"Team":0,"Color":4,"StartingPosition":2,"HasMap":true,"SlotState":5,"SlotIndex":6,"Region":"Asia","MiddlewareUserID":""},{"UserID":42684,"DisplayName":"shadelolo","IsReady":false,"Port":0,"Side":-1,"Team":0,"Color":-1,"StartingPosition":1,"HasMap":true,"SlotState":5,"SlotIndex":7,"Region":"Europe","MiddlewareUserID":""}],"AnticheatID":0}}!
[DEBUG] 

[DEBUG] [2026-10-07 23:10:45] [SIGNAL] SEND SIGNAL!
[DEBUG] 

[DEBUG] [2026-10-07 23:10:45] [STEAM NETWORKING][#1950828335 P2P str:122368 rem vport 0] Entered connecting state

[DEBUG] 

[DEBUG] [2026-10-07 23:10:45] [STEAM NETWORKING LOGFUNC] [#1907272017 P2P str:128707 vport 0 'Steam Connection User128707'] Sending P2P ConnectRequest
[DEBUG] 

[DEBUG] [2026-10-07 23:10:45] [STEAM NETWORKING LOGFUNC] [#1275375511 P2P str:122041 vport 0 'Steam Connection User122041'] Sending P2P ConnectRequest
[DEBUG] 

[DEBUG] [2026-10-07 23:10:45] [AC] Websocket AC_REGISTER_PLAYER for 122368 and 
[DEBUG] 

[DEBUG] [2026-10-07 23:10:45] [SIGNAL] SEND SIGNAL!
[DEBUG] 

[DEBUG] [2026-10-07 23:10:45] [SIGNAL] SEND SIGNAL!
[DEBUG] 

[DEBUG] [2026-10-07 23:10:45] [STEAM NETWORKING LOGFUNC] [#1907272017 P2P str:128707 vport 0 'Steam Connection User128707'] Sending P2P ConnectRequest
[DEBUG] 

[DEBUG] [2026-10-07 23:10:45] [STEAM NETWORKING LOGFUNC] [#3025447733 P2P str:127223 vport 0 'Steam Connection User127223'] Sending P2P ConnectRequest
[DEBUG] 

[DEBUG] [2026-10-07 23:10:45] [STEAM NETWORKING LOGFUNC] [#1275375511 P2P str:122041 vport 0 'Steam Connection User122041'] Sending P2P ConnectRequest
[DEBUG] 

[DEBUG] [2026-10-07 23:10:45] [STEAM CONNECTION] Attaching connection 3493104832 to user 95502
[DEBUG] 

[DEBUG] [2026-10-07 23:10:45] [STEAM NETWORKING LOGFUNC] [#3493104832 P2P str:95502 rem vport 0] Sending P2P ConnectRequest
[DEBUG] 

[DEBUG] [2026-10-07 23:10:45] [NETWORK_CONNECTION_START_SIGNALLING] Starting signalling with 95502 (MWID: )
[DEBUG] 

[DEBUG] [2026-10-07 23:10:45] [SIGNAL] SEND SIGNAL!
[DEBUG] 

[DEBUG] [2026-10-07 23:10:45] [SIGNAL] SEND SIGNAL!
[DEBUG] 

[DEBUG] [2026-10-07 23:10:45] [STEAM NETWORKING LOGFUNC] [#3025447733 P2P str:127223 vport 0 'Steam Connection User127223'] Sending P2P ConnectRequest
[DEBUG] 

[DEBUG] [2026-10-07 23:10:45] [SIGNAL] SEND SIGNAL!
[DEBUG] 

[DEBUG] [2026-10-07 23:10:45] [SIGNAL] SEND SIGNAL!
[DEBUG] 

[DEBUG] [2026-10-07 23:10:45] [STEAM NETWORKING][#3493104832 P2P str:95502 rem vport 0] Entered connecting state

[DEBUG] 

[DEBUG] [2026-10-07 23:10:45] [STEAM NETWORKING LOGFUNC] [#1950828335 P2P str:122368 vport 0 'Steam Connection User122368'] Sending P2P ConnectRequest
[DEBUG] 

[DEBUG] [2026-10-07 23:10:45] [AC] Websocket AC_REGISTER_PLAYER for 95502 and 
[DEBUG] 

[DEBUG] [2026-10-07 23:10:45] [0x170944ec0|https://api.playgenerals.online/env/prod/contract/1/PlayerStats/122368|Verb 0] Transfer is complete: 1760 bytes total! Curl result is 0
[DEBUG] 

[DEBUG] [2026-10-07 23:10:45] [0x170944ec0|https://api.playgenerals.online/env/prod/contract/1/PlayerStats/122368|Verb 0] Response was 200 - {"stats":{"userID":122368,"EloRating":1000,"EloMatches":0,"MonthlyEloRating":1000,"wins":[1,1,0,0,0,0,0,0,0,0,0,0,0,0,0],"losses":[1,1,1,1,1,0,0,0,0,0,0,0,0,0,0],"games":[1,1,1,1,1,1,1,0,0,0,0,0,0,0,0],"duration":[13,17,7,19,29,12,30,0,0,0,0,0,0,0,0],"unitsKilled":[71,20,8,48,47,9,212,0,0,0,0,0,0,0,0],"unitsLost":[119,66,63,25,231,56,318,0,0,0,0,0,0,0,0],"unitsBuilt":[67,70,46,124,114,67,331,0,0,0,0,0,0,0,0],"buildingsKilled":[2,1,7,5,1,35,0,0,0,0,0,0,0,0,0],"buildingsLost":[14,16,8,32,3,5,0,0,0,0,0,0,0,0,0],"buildingsBuilt":[17,18,10,21,34,17,34,0,0,0,0,0,0,0,0],"earnings":[45090,21005,15000,81695,119100,65946,188400,0,0,0,0,0,0,0,0],"techCaptured":[5,6,0,0,0,0,0,0,0,0,0,0,0,0,0],"discons":[0,0,0,0,0,0,0,0,0,0,0,0,0,0,0],"desyncs":[0,0,0,0,0,0,0,0,0,0,0,0,0,0,0],"surrenders":[1,1,0,0,0,0,0,0,0,0,0,0,0,0,0],"gamesOf2p":[0,0,0,0,0,0,0,0,0,0,0,0,0,0,0],"gamesOf3p":[1,1,0,0,0,0,0,0,0,0,0,0,0,0,0],"gamesOf4p":[1,1,0,0,0,0,0,0,0,0,0,0,0,0,0],"gamesOf5p":[1,0,0,0,0,0,0,0,0,0,0,0,0,0,0],"gamesOf6p":[0,0,0,0,0,0,0,0,0,0,0,0,0,0,0],"gamesOf7p":[1,0,0,0,0,0,0,0,0,0,0,0,0,0,0],"gamesOf8p":[1,0,0,0,0,0,0,0,0,0,0,0,0,0,0],"customGames":[0,0,0,0,0,0,0,0,0,0,0,0,0,0,0],"QMGames":[0,0,0,0,0,0,0,0,0,0,0,0,0,0,0],"customGamesPerGeneral":[1,0,0,0,0,0,0,0,0,0,0,0,0,0,0],"quickMatchesPerGeneral":[0,0,0,0,0,0,0,0,0,0,0,0,0,0,0],"locale":0,"gamesAsRandom":5,"options":"","systemSpec":"","lastFPS":0,"lastGeneral":6,"gamesInRowWithLastGeneral":1,"challengeMedals":0,"battleHonors":384,"QMwinsInARow":0,"maxQMwinsInARow":0,"winsInARow":1,"maxWinsInARow":1,"lossesInARow":0,"maxLossesInARow":3,"disconsInARow":0,"maxDisconsInARow":0,"desyncsInARow":0,"maxDesyncsInARow":0,"builtParticleCannon":3,"builtNuke":0,"builtSCUD":2,"lastLadderPort":0,"lastLadderHost":""}}!
[DEBUG] 

[DEBUG] [2026-10-07 23:10:45] [SIGNAL] SEND SIGNAL!
[DEBUG] 

[DEBUG] [2026-10-07 23:10:45] [SIGNAL] SEND SIGNAL!
[DEBUG] 

[DEBUG] [2026-10-07 23:10:45] [STEAM NETWORKING LOGFUNC] [#1950828335 P2P str:122368 vport 0 'Steam Connection User122368'] Sending P2P ConnectRequest
[DEBUG] 

[DEBUG] [2026-10-07 23:10:45] [STEAM CONNECTION] Attaching connection 3075088674 to user 13610
[DEBUG] 

[DEBUG] [2026-10-07 23:10:45] [STEAM NETWORKING LOGFUNC] [#3075088674 P2P str:13610 rem vport 0] Sending P2P ConnectRequest
[DEBUG] 

[DEBUG] [2026-10-07 23:10:45] [NETWORK_CONNECTION_START_SIGNALLING] Starting signalling with 13610 (MWID: )
[DEBUG] 

[DEBUG] [2026-10-07 23:10:45] [SIGNAL] SEND SIGNAL!
[DEBUG] 

[DEBUG] [2026-10-07 23:10:45] [SIGNAL] SEND SIGNAL!
[DEBUG] 

[DEBUG] [2026-10-07 23:10:45] [STEAM NETWORKING][#3075088674 P2P str:13610 rem vport 0] Entered connecting state

[DEBUG] 

[DEBUG] [2026-10-07 23:10:45] [STEAM NETWORKING LOGFUNC] [#3493104832 P2P str:95502 vport 0 'Steam Connection User95502'] Sending P2P ConnectRequest
[DEBUG] 

[DEBUG] [2026-10-07 23:10:45] [AC] Websocket AC_REGISTER_PLAYER for 13610 and 
[DEBUG] 

[DEBUG] [2026-10-07 23:10:45] [SIGNAL] SEND SIGNAL!
[DEBUG] 

[DEBUG] [2026-10-07 23:10:45] [STEAM NETWORKING LOGFUNC] [#3493104832 P2P str:95502 vport 0 'Steam Connection User95502'] Sending P2P ConnectRequest
[DEBUG] 

[DEBUG] [2026-10-07 23:10:45] [STEAM CONNECTION] Attaching connection 392121347 to user 42684
[DEBUG] 

[DEBUG] [2026-10-07 23:10:45] [STEAM NETWORKING LOGFUNC] [#392121347 P2P str:42684 rem vport 0] Sending P2P ConnectRequest
[DEBUG] 

[DEBUG] [2026-10-07 23:10:45] [NETWORK_CONNECTION_START_SIGNALLING] Starting signalling with 42684 (MWID: )
[DEBUG] 

[DEBUG] [2026-10-07 23:10:45] [0x170912160|https://api.playgenerals.online/env/prod/contract/1/PlayerStats/128707|Verb 0] Transfer is complete: 1685 bytes total! Curl result is 0
[DEBUG] 

[DEBUG] [2026-10-07 23:10:45] [0x170912160|https://api.playgenerals.online/env/prod/contract/1/PlayerStats/128707|Verb 0] Response was 200 - {"stats":{"userID":128707,"EloRating":1000,"EloMatches":0,"MonthlyEloRating":1000,"wins":[0,0,0,0,0,0,0,0,0,0,0,0,0,0,0],"losses":[0,0,0,0,0,0,0,0,0,0,0,0,0,0,0],"games":[0,0,0,0,0,0,0,0,0,0,0,0,0,0,0],"duration":[0,0,0,0,0,0,0,0,0,0,0,0,0,0,0],"unitsKilled":[0,0,0,0,0,0,0,0,0,0,0,0,0,0,0],"unitsLost":[0,0,0,0,0,0,0,0,0,0,0,0,0,0,0],"unitsBuilt":[0,0,0,0,0,0,0,0,0,0,0,0,0,0,0],"buildingsKilled":[0,0,0,0,0,0,0,0,0,0,0,0,0,0,0],"buildingsLost":[0,0,0,0,0,0,0,0,0,0,0,0,0,0,0],"buildingsBuilt":[0,0,0,0,0,0,0,0,0,0,0,0,0,0,0],"earnings":[0,0,0,0,0,0,0,0,0,0,0,0,0,0,0],"techCaptured":[0,0,0,0,0,0,0,0,0,0,0,0,0,0,0],"discons":[0,0,0,0,0,0,0,0,0,0,0,0,0,0,0],"desyncs":[0,0,0,0,0,0,0,0,0,0,0,0,0,0,0],"surrenders":[0,0,0,0,0,0,0,0,0,0,0,0,0,0,0],"gamesOf2p":[0,0,0,0,0,0,0,0,0,0,0,0,0,0,0],"gamesOf3p":[0,0,0,0,0,0,0,0,0,0,0,0,0,0,0],"gamesOf4p":[0,0,0,0,0,0,0,0,0,0,0,0,0,0,0],"gamesOf5p":[0,0,0,0,0,0,0,0,0,0,0,0,0,0,0],"gamesOf6p":[0,0,0,0,0,0,0,0,0,0,0,0,0,0,0],"gamesOf7p":[0,0,0,0,0,0,0,0,0,0,0,0,0,0,0],"gamesOf8p":[0,0,0,0,0,0,0,0,0,0,0,0,0,0,0],"customGames":[0,0,0,0,0,0,0,0,0,0,0,0,0,0,0],"QMGames":[0,0,0,0,0,0,0,0,0,0,0,0,0,0,0],"customGamesPerGeneral":[0,0,0,0,0,0,0,0,0,0,0,0,0,0,0],"quickMatchesPerGeneral":[0,0,0,0,0,0,0,0,0,0,0,0,0,0,0],"locale":0,"gamesAsRandom":0,"options":"","systemSpec":"","lastFPS":0,"lastGeneral":0,"gamesInRowWithLastGeneral":0,"challengeMedals":0,"battleHonors":0,"QMwinsInARow":0,"maxQMwinsInARow":0,"winsInARow":0,"maxWinsInARow":0,"lossesInARow":0,"maxLossesInARow":0,"disconsInARow":0,"maxDisconsInARow":0,"desyncsInARow":0,"maxDesyncsInARow":0,"builtParticleCannon":0,"builtNuke":0,"builtSCUD":0,"lastLadderPort":0,"lastLadderHost":""}}!
[DEBUG] 

[DEBUG] [2026-10-07 23:10:45] [0x170955cc0|https://api.playgenerals.online/env/prod/contract/1/ConnectionOutcome|Verb 0] Transfer is complete: 17 bytes total! Curl result is 0
[DEBUG] 

[DEBUG] [2026-10-07 23:10:45] [0x170955cc0|https://api.playgenerals.online/env/prod/contract/1/ConnectionOutcome|Verb 0] Response was 200 - {"success":false}!
[DEBUG] 

[DEBUG] [2026-10-07 23:10:45] [0x17090c400|https://api.playgenerals.online/env/prod/contract/1/ConnectionOutcome|Verb 0] Transfer is complete: 17 bytes total! Curl result is 0
[DEBUG] 

[DEBUG] [2026-10-07 23:10:45] [0x17090c400|https://api.playgenerals.online/env/prod/contract/1/ConnectionOutcome|Verb 0] Response was 200 - {"success":false}!
[DEBUG] 

[DEBUG] [2026-10-07 23:10:45] [SIGNAL] SEND SIGNAL!
[DEBUG] 

[DEBUG] [2026-10-07 23:10:45] [SIGNAL] SEND SIGNAL!
[DEBUG] 

[DEBUG] [2026-10-07 23:10:45] [STEAM NETWORKING][#392121347 P2P str:42684 rem vport 0] Entered connecting state

[DEBUG] 

[DEBUG] [2026-10-07 23:10:45] [AC] Websocket AC_REGISTER_PLAYER for 42684 and 
[DEBUG] 

[DEBUG] [2026-10-07 23:10:45] [0x170904ba0|https://api.playgenerals.online/env/prod/contract/1/Lobby/67791|Verb 0] Transfer is complete: 2221 bytes total! Curl result is 0
[DEBUG] 

[DEBUG] [2026-10-07 23:10:45] [0x170904ba0|https://api.playgenerals.online/env/prod/contract/1/Lobby/67791|Verb 0] Response was 200 - {"lobby":{"LobbyID":67791,"Owner":128707,"Name":"[EU][⛊] Yalla habibi","State":0,"MapName":"Death Valley (8)","MapPath":"death valley\\death valley.map","IsMapOfficial":true,"MatchID":0,"TimeCreated":"2026-10-07T18:06:29.1742229Z","NumCurrentPlayers":8,"MaxPlayers":8,"IsVanillaTeamsOnly":false,"StartingCash":10000,"IsLimitSuperweapons":true,"IsTrackingStats":true,"IsPassworded":false,"AllowObservers":true,"ExeCRC":560676586,"IniCRC":2180732466,"NetworkRoomID":1,"RNGSeed":<redacted>,"LobbyType":0,"MatchedUserIDs":[],"Region":"Europe","EstimatedLatency":999999,"MaximumCameraHeight":410,"Members":[{"UserID":128707,"DisplayName":"OCB2026","IsReady":true,"Port":0,"Side":-1,"Team":0,"Color":2,"StartingPosition":0,"HasMap":true,"SlotState":5,"SlotIndex":0,"Region":"Europe","MiddlewareUserID":""},{"UserID":122041,"DisplayName":"G@Li","IsReady":false,"Port":0,"Side":-1,"Team":0,"Color":5,"StartingPosition":3,"HasMap":true,"SlotState":5,"SlotIndex":1,"Region":"Asia","MiddlewareUserID":""},{"UserID":127223,"DisplayName":"76561198635113942","IsReady":false,"Port":0,"Side":8,"Team":-1,"Color":1,"StartingPosition":-1,"HasMap":true,"SlotState":5,"SlotIndex":2,"Region":"Asia","MiddlewareUserID":""},{"UserID":129336,"DisplayName":"weyva","IsReady":false,"Port":0,"Side":-1,"Team":-1,"Color":-1,"StartingPosition":-1,"HasMap":true,"SlotState":5,"SlotIndex":3,"Region":"Asia","MiddlewareUserID":""},{"UserID":122368,"DisplayName":"zer0$","IsReady":false,"Port":0,"Side":-1,"Team":0,"Color":6,"StartingPosition":-1,"HasMap":true,"SlotState":5,"SlotIndex":4,"Region":"Europe","MiddlewareUserID":""},{"UserID":95502,"DisplayName":"haithamhtoo","IsReady":false,"Port":0,"Side":-1,"Team":1,"Color":-1,"StartingPosition":4,"HasMap":true,"SlotState":5,"SlotIndex":5,"Region":"Europe","MiddlewareUserID":""},{"UserID":13610,"DisplayName":"belal mirai","IsReady":false,"Port":0,"Side":-1,"Team":0,"Color":4,"StartingPosition":2,"HasMap":true,"SlotState":5,"SlotIndex":6,"Region":"Asia","MiddlewareUserID":""},{"UserID":42684,"DisplayName":"shadelolo","IsReady":false,"Port":0,"Side":-1,"Team":0,"Color":-1,"StartingPosition":1,"HasMap":true,"SlotState":5,"SlotIndex":7,"Region":"Europe","MiddlewareUserID":""}],"AnticheatID":0}}!
[DEBUG] 

[DEBUG] [2026-10-07 23:10:45] [STEAM NETWORKING LOGFUNC] [#3075088674 P2P str:13610 vport 0 'Steam Connection User13610'] Sending P2P ConnectRequest
[DEBUG] 

[DEBUG] [2026-10-07 23:10:45] [SIGNAL] SEND SIGNAL!
[DEBUG] 

[DEBUG] [2026-10-07 23:10:45] [SIGNAL] GOT SIGNAL!
[DEBUG] 

[DEBUG] [2026-10-07 23:10:45] [SIGNAL] Signal User: 128707!
[DEBUG] 

[DEBUG] [2026-10-07 23:10:45] [SIGNAL] Signal Payload Size: 715!
[DEBUG] 

[DEBUG] [2026-10-07 23:10:45] [0x1708bda40|https://api.playgenerals.online/env/prod/contract/1/ConnectionOutcome|Verb 0] Transfer is complete: 17 bytes total! Curl result is 0
[DEBUG] 

[DEBUG] [2026-10-07 23:10:45] [0x1708bda40|https://api.playgenerals.online/env/prod/contract/1/ConnectionOutcome|Verb 0] Response was 200 - {"success":false}!
[DEBUG] 

[DEBUG] [2026-10-07 23:10:45] [SIGNAL] PROCESS SIGNAL!
[DEBUG] 

[DEBUG] [2026-10-07 23:10:45] [STEAM NETWORKING][#1907272017 P2P str:128707 vport 0 'Steam Connection User128707'] finding route

[DEBUG] 

[DEBUG] [2026-10-07 23:10:45] [STEAM NETWORKING LOGFUNC] [#3075088674 P2P str:13610 vport 0 'Steam Connection User13610'] Sending P2P ConnectRequest
[DEBUG] 

[DEBUG] [2026-10-07 23:10:45] [SIGNAL] GOT SIGNAL!
[DEBUG] 

[DEBUG] [2026-10-07 23:10:45] [SIGNAL] Signal User: 122368!
[DEBUG] 

[DEBUG] [2026-10-07 23:10:45] [SIGNAL] Signal Payload Size: 527!
[DEBUG] 

[DEBUG] [2026-10-07 23:10:45] [0x1709003a0|https://api.playgenerals.online/env/prod/contract/1/PlayerStats/122041|Verb 0] Transfer is complete: 1924 bytes total! Curl result is 0
[DEBUG] 

[DEBUG] [2026-10-07 23:10:45] [0x1709003a0|https://api.playgenerals.online/env/prod/contract/1/PlayerStats/122041|Verb 0] Response was 200 - {"stats":{"userID":122041,"EloRating":964,"EloMatches":2,"MonthlyEloRating":1000,"wins":[1,1,1,3,6,4,2,1,4,1,1,1,0,0,0],"losses":[1,1,2,2,2,3,4,1,1,4,2,1,0,0,0],"games":[1,1,2,4,7,7,6,4,5,6,3,2,4,1,0],"duration":[7,16,21,73,131,102,90,62,94,163,30,68,53,25,0],"unitsKilled":[17,163,206,436,1129,1098,387,507,639,1603,714,427,523,72,0],"unitsLost":[23,320,148,339,1638,609,912,604,709,3322,774,555,653,248,0],"unitsBuilt":[47,399,341,631,2117,850,481,563,866,2031,474,446,821,195,0],"buildingsKilled":[30,29,50,42,111,184,41,52,68,101,14,62,6,0,0],"buildingsLost":[1,6,8,52,145,43,67,100,36,162,49,83,12,48,0],"buildingsBuilt":[10,53,70,188,371,223,148,180,170,272,63,91,124,49,0],"earnings":[32100,385631,352116,849179,1372076,857142,631666,295775,911010,1937386,98185,266066,332206,127758,0],"techCaptured":[2,7,6,21,76,35,11,15,22,68,67,24,4,2,0],"discons":[0,0,0,0,0,0,0,0,0,0,0,0,0,0,0],"desyncs":[1,1,1,0,0,0,0,0,0,0,0,0,0,0,0],"surrenders":[1,1,1,2,1,2,2,1,1,0,0,0,0,0,0],"gamesOf2p":[1,1,1,1,1,0,0,0,0,0,0,0,0,0,0],"gamesOf3p":[1,1,1,0,0,0,0,0,0,0,0,0,0,0,0],"gamesOf4p":[1,1,1,1,0,0,0,0,0,0,0,0,0,0,0],"gamesOf5p":[1,0,0,0,0,0,0,0,0,0,0,0,0,0,0],"gamesOf6p":[1,1,1,1,1,1,2,0,0,0,0,0,0,0,0],"gamesOf7p":[1,0,0,0,0,0,0,0,0,0,0,0,0,0,0],"gamesOf8p":[1,1,2,4,4,3,3,1,4,3,2,2,1,0,0],"customGames":[0,0,0,0,0,0,0,0,0,0,0,0,0,0,0],"QMGames":[0,0,0,0,0,0,0,0,0,0,0,0,0,0,0],"customGamesPerGeneral":[1,0,0,0,0,0,0,0,0,0,0,0,0,0,0],"quickMatchesPerGeneral":[1,0,0,0,0,0,0,0,0,0,0,0,0,0,0],"locale":0,"gamesAsRandom":46,"options":"","systemSpec":"","lastFPS":0,"lastGeneral":5,"gamesInRowWithLastGeneral":1,"challengeMedals":0,"battleHonors":180608,"QMwinsInARow":0,"maxQMwinsInARow":0,"winsInARow":3,"maxWinsInARow":4,"lossesInARow":0,"maxLossesInARow":5,"disconsInARow":0,"maxDisconsInARow":0,"desyncsInARow":0,"maxDesyncsInARow":1,"builtParticleCannon":4,"builtNuke":10,"builtSCUD":8,"lastLadderPort":0,"lastLadderHost":""}}!
[DEBUG] 

[DEBUG] [2026-10-07 23:10:45] [0x1708efc60|https://api.playgenerals.online/env/prod/contract/1/ConnectionOutcome|Verb 0] Transfer is complete: 17 bytes total! Curl result is 0
[DEBUG] 

[DEBUG] [2026-10-07 23:10:45] [0x1708efc60|https://api.playgenerals.online/env/prod/contract/1/ConnectionOutcome|Verb 0] Response was 200 - {"success":false}!
[DEBUG] 

[DEBUG] [2026-10-07 23:10:45] [0x1709389e0|https://api.playgenerals.online/env/prod/contract/1/ConnectionOutcome|Verb 0] Transfer is complete: 17 bytes total! Curl result is 0
[DEBUG] 

[DEBUG] [2026-10-07 23:10:45] [0x1709389e0|https://api.playgenerals.online/env/prod/contract/1/ConnectionOutcome|Verb 0] Response was 200 - {"success":false}!
[DEBUG] 

[DEBUG] [2026-10-07 23:10:45] [0x170955ba0|https://api.playgenerals.online/env/prod/contract/1/PlayerStats/127223|Verb 0] Transfer is complete: 1783 bytes total! Curl result is 0
[DEBUG] 

[DEBUG] [2026-10-07 23:10:45] [0x170955ba0|https://api.playgenerals.online/env/prod/contract/1/PlayerStats/127223|Verb 0] Response was 200 - {"stats":{"userID":127223,"EloRating":979,"EloMatches":1,"MonthlyEloRating":976,"wins":[1,1,0,0,0,0,0,0,0,0,0,0,0,0,0],"losses":[1,1,2,1,1,1,1,1,1,1,0,0,0,0,0],"games":[1,1,2,1,1,1,1,1,1,1,2,0,0,0,0],"duration":[10,2,11,11,16,3,28,4,9,14,35,0,0,0,0],"unitsKilled":[9,1,5,4,119,10,1,66,18,32,48,0,0,0,0],"unitsLost":[61,9,55,19,147,3,40,10,338,94,155,0,0,0,0],"unitsBuilt":[73,10,26,22,57,10,65,10,89,106,185,0,0,0,0],"buildingsKilled":[6,1,1,6,0,0,0,0,0,0,0,0,0,0,0],"buildingsLost":[2,1,13,8,28,4,1,6,14,16,28,0,0,0,0],"buildingsBuilt":[7,6,21,14,24,5,23,7,28,20,66,0,0,0,0],"earnings":[20625,3000,43400,53838,64862,13900,118960,12300,41724,51701,171086,0,0,0,0],"techCaptured":[2,1,5,3,4,5,4,3,2,37,3,0,0,0,0],"discons":[0,0,0,0,0,0,0,0,0,0,0,0,0,0,0],"desyncs":[0,0,0,0,0,0,0,0,0,0,0,0,0,0,0],"surrenders":[1,1,1,1,1,1,0,0,0,0,0,0,0,0,0],"gamesOf2p":[1,1,0,0,0,0,0,0,0,0,0,0,0,0,0],"gamesOf3p":[0,0,0,0,0,0,0,0,0,0,0,0,0,0,0],"gamesOf4p":[1,1,0,0,0,0,0,0,0,0,0,0,0,0,0],"gamesOf5p":[0,0,0,0,0,0,0,0,0,0,0,0,0,0,0],"gamesOf6p":[1,1,1,0,0,0,0,0,0,0,0,0,0,0,0],"gamesOf7p":[0,0,0,0,0,0,0,0,0,0,0,0,0,0,0],"gamesOf8p":[1,1,1,1,1,1,0,0,0,0,0,0,0,0,0],"customGames":[0,0,0,0,0,0,0,0,0,0,0,0,0,0,0],"QMGames":[0,0,0,0,0,0,0,0,0,0,0,0,0,0,0],"customGamesPerGeneral":[1,0,0,0,0,0,0,0,0,0,0,0,0,0,0],"quickMatchesPerGeneral":[1,0,0,0,0,0,0,0,0,0,0,0,0,0,0],"locale":0,"gamesAsRandom":0,"options":"","systemSpec":"","lastFPS":0,"lastGeneral":10,"gamesInRowWithLastGeneral":1,"challengeMedals":0,"battleHonors":128,"QMwinsInARow":0,"maxQMwinsInARow":0,"winsInARow":1,"maxWinsInARow":1,"lossesInARow":0,"maxLossesInARow":7,"disconsInARow":0,"maxDisconsInARow":0,"desyncsInARow":0,"maxDesyncsInARow":0,"builtParticleCannon":0,"builtNuke":5,"builtSCUD":0,"lastLadderPort":0,"lastLadderHost":""}}!
[DEBUG] 

[DEBUG] [2026-10-07 23:10:45] [SIGNAL] SEND SIGNAL!
[DEBUG] 

[DEBUG] [2026-10-07 23:10:45] [SIGNAL] SEND SIGNAL!
[DEBUG] 

[DEBUG] [2026-10-07 23:10:45] [SIGNAL] PROCESS SIGNAL!
[DEBUG] 

[DEBUG] [2026-10-07 23:10:45] [STEAM NETWORKING LOGFUNC] [#392121347 P2P str:42684 vport 0 'Steam Connection User42684'] Sending P2P ConnectRequest
[DEBUG] 

[DEBUG] [2026-10-07 23:10:45] [SIGNAL] GOT SIGNAL!
[DEBUG] 

[DEBUG] [2026-10-07 23:10:45] [SIGNAL] Signal User: 13610!
[DEBUG] 

[DEBUG] [2026-10-07 23:10:45] [SIGNAL] Signal Payload Size: 525!
[DEBUG] 

[DEBUG] [2026-10-07 23:10:45] [0x170939640|https://api.playgenerals.online/env/prod/contract/1/ConnectionOutcome|Verb 0] Transfer is complete: 17 bytes total! Curl result is 0
[DEBUG] 

[DEBUG] [2026-10-07 23:10:45] [0x170939640|https://api.playgenerals.online/env/prod/contract/1/ConnectionOutcome|Verb 0] Response was 200 - {"success":false}!
[DEBUG] 

[DEBUG] [2026-10-07 23:10:45] [0x170942d00|https://api.playgenerals.online/env/prod/contract/1/ConnectionOutcome|Verb 0] Transfer is complete: 17 bytes total! Curl result is 0
[DEBUG] 

[DEBUG] [2026-10-07 23:10:45] [0x170942d00|https://api.playgenerals.online/env/prod/contract/1/ConnectionOutcome|Verb 0] Response was 200 - {"success":false}!
[DEBUG] 

[DEBUG] [2026-10-07 23:10:45] [SIGNAL] SEND SIGNAL!
[DEBUG] 

[DEBUG] [2026-10-07 23:10:45] [SIGNAL] PROCESS SIGNAL!
[DEBUG] 

DEBUG: Shell::push() called with filename='Menus/GameSpyGameOptionsMenu.wnd'
DEBUG: Shell::push() marked as pending, will load 'Menus/GameSpyGameOptionsMenu.wnd' next frame
DEBUG: Shell::update() - Processing pending push: 'Menus/GameSpyGameOptionsMenu.wnd'
DEBUG: Shell::doPush() called with layoutFile='Menus/GameSpyGameOptionsMenu.wnd'
DEBUG: About to call TheWindowManager->winCreateLayout('Menus/GameSpyGameOptionsMenu.wnd')
[DEBUG] [2026-10-07 23:10:45] [STEAM NETWORKING LOGFUNC] [#392121347 P2P str:42684 vport 0 'Steam Connection User42684'] Sending P2P ConnectRequest
[DEBUG] 

DEBUG: winCreateLayout returned: 0x13b89e540
DEBUG: Shell::doPush() completed successfully
DEBUG: Shell::update() - Push completed
[DEBUG] [2026-10-07 23:10:45] [SIGNAL] GOT SIGNAL!
[DEBUG] 

[DEBUG] [2026-10-07 23:10:45] [SIGNAL] Signal User: 128707!
[DEBUG] 

[DEBUG] [2026-10-07 23:10:45] [SIGNAL] Signal Payload Size: 1011!
[DEBUG] 

[DEBUG] [2026-10-07 23:10:45] [0x17090c1c0|https://api.playgenerals.online/env/prod/contract/1/ConnectionOutcome|Verb 0] Transfer is complete: 17 bytes total! Curl result is 0
[DEBUG] 

[DEBUG] [2026-10-07 23:10:45] [0x17090c1c0|https://api.playgenerals.online/env/prod/contract/1/ConnectionOutcome|Verb 0] Response was 200 - {"success":false}!
[DEBUG] 

[DEBUG] [2026-10-07 23:10:45] [0x1709484c0|https://api.playgenerals.online/env/prod/contract/1/ConnectionOutcome|Verb 0] Transfer is complete: 17 bytes total! Curl result is 0
[DEBUG] 

[DEBUG] [2026-10-07 23:10:45] [0x1709484c0|https://api.playgenerals.online/env/prod/contract/1/ConnectionOutcome|Verb 0] Response was 200 - {"success":false}!
[DEBUG] 

[DEBUG] [2026-10-07 23:10:45] [0x170906d60|https://api.playgenerals.online/env/prod/contract/1/PlayerStats/42684|Verb 0] Transfer is complete: 2111 bytes total! Curl result is 0
[DEBUG] 

[DEBUG] [2026-10-07 23:10:45] [0x170906d60|https://api.playgenerals.online/env/prod/contract/1/PlayerStats/42684|Verb 0] Response was 200 - {"stats":{"userID":42684,"EloRating":1002,"EloMatches":18,"MonthlyEloRating":1000,"wins":[1,1,16,16,25,26,23,15,15,26,13,17,20,18,0],"losses":[1,1,14,16,16,16,20,16,10,27,20,19,21,17,0],"games":[1,1,37,37,45,54,48,36,29,59,37,40,49,42,0],"duration":[14,7,659,654,717,837,682,487,448,1125,391,604,758,846,0],"unitsKilled":[26,1,3212,3219,4901,4596,3844,2244,2971,9977,2004,3633,4146,8044,0],"unitsLost":[22,12,3154,3423,5685,4140,4401,1865,1346,14060,2010,4556,5111,7428,0],"unitsBuilt":[97,46,4039,5281,9169,4270,3982,2817,3299,13888,2848,7532,7813,10500,0],"buildingsKilled":[3,18,346,131,387,610,297,233,209,700,124,233,281,329,0],"buildingsLost":[2,23,297,472,410,620,592,170,158,760,237,431,458,553,0],"buildingsBuilt":[13,9,1919,1279,2165,2608,2853,1160,732,2361,715,1698,1996,2104,0],"earnings":[82999,32960,7763743,605877959,609975308,8327581,607895635,1203674177,3828414,615613696,3396968,7623374,608942653,11798659,0],"techCaptured":[6,9,426,374,473,502,578,270,310,569,391,285,581,496,0],"discons":[0,0,0,0,0,0,0,0,0,0,0,0,0,0,0],"desyncs":[1,1,4,3,1,3,3,2,2,1,4,3,2,1,0],"surrenders":[1,1,9,12,7,11,14,9,6,11,17,12,12,8,0],"gamesOf2p":[1,1,3,1,2,2,1,2,1,4,3,1,0,0,0],"gamesOf3p":[0,0,0,0,0,0,0,0,0,0,0,0,0,0,0],"gamesOf4p":[1,1,16,21,19,21,26,21,16,32,19,18,24,19,0],"gamesOf5p":[0,0,0,0,0,0,0,0,0,0,0,0,0,0,0],"gamesOf6p":[1,1,13,10,14,25,12,7,12,11,5,14,12,8,0],"gamesOf7p":[1,1,0,0,0,0,0,0,0,0,0,0,0,0,0],"gamesOf8p":[1,1,8,8,12,7,11,6,3,13,12,6,9,12,0],"customGames":[0,0,0,0,0,0,0,0,0,0,0,0,0,0,0],"QMGames":[0,0,0,0,0,0,0,0,0,0,0,0,0,0,0],"customGamesPerGeneral":[1,0,0,0,0,0,0,0,0,0,0,0,0,0,0],"quickMatchesPerGeneral":[1,0,0,0,0,0,0,0,0,0,0,0,0,0,0],"locale":0,"gamesAsRandom":474,"options":"","systemSpec":"","lastFPS":0,"lastGeneral":10,"gamesInRowWithLastGeneral":1,"challengeMedals":0,"battleHonors":4374914,"QMwinsInARow":0,"maxQMwinsInARow":0,"winsInARow":0,"maxWinsInARow":9,"lossesInARow":2,"maxLossesInARow":7,"disconsInARow":0,"maxDisconsInARow":6,"desyncsInARow":0,"maxDesyncsInARow":2,"builtParticleCannon":28,"builtNuke":45,"builtSCUD":38,"lastLadderPort":0,"lastLadderHost":""}}!
[DEBUG] 

[DEBUG] [2026-10-07 23:10:45] [0x17091ba60|https://api.playgenerals.online/env/prod/contract/1/ConnectionOutcome|Verb 0] Transfer is complete: 17 bytes total! Curl result is 0
[DEBUG] 

[DEBUG] [2026-10-07 23:10:45] [0x17091ba60|https://api.playgenerals.online/env/prod/contract/1/ConnectionOutcome|Verb 0] Response was 200 - {"success":false}!
[DEBUG] 

[DEBUG] [2026-10-07 23:10:45] [SIGNAL] SEND SIGNAL!
[DEBUG] 

[DEBUG] [2026-10-07 23:10:45] [SIGNAL] PROCESS SIGNAL!
[DEBUG] 

[DEBUG] [2026-10-07 23:10:45] [STEAM NETWORKING LOGFUNC] [#1907272017 P2P str:128707 vport 0 'Steam Connection User128707'] Got remote candidate 'candidate:1511920713 0 udp 2122260224 192.168.0.2 49606 typ host generation 0 ufrag L7kXH network-id 1'
[DEBUG] 

[DEBUG] [2026-10-07 23:10:45] [STEAM NETWORKING LOGFUNC] [#1907272017 P2P str:128707 vport 0 'Steam Connection User128707'] Got remote candidate 'candidate:3293969885 0 udp 2122194688 172.18.80.1 49607 typ host generation 0 ufrag L7kXH network-id 4'
[DEBUG] 

[DEBUG] [2026-10-07 23:10:45] [STEAM NETWORKING LOGFUNC] [#1907272017 P2P str:128707 vport 0 'Steam Connection User128707'] Got remote candidate 'candidate:319028103 0 udp 2122129152 172.23.112.1 49608 typ host generation 0 ufrag L7kXH network-id 5'
[DEBUG] 

[DEBUG] [2026-10-07 23:10:45] [STEAM NETWORKING LOGFUNC] [#1907272017 P2P str:128707 vport 0 'Steam Connection User128707'] Got remote candidate 'candidate:4081163164 0 udp 1686052608 87.227.208.21 49606 typ srflx raddr 192.168.0.2 rport 49606 generation 0 ufrag L7kXH network-id 1'
[DEBUG] 

[DEBUG] [2026-10-07 23:10:45] [STEAM NETWORKING LOGFUNC] [#1907272017 P2P str:128707 vport 0 'Steam Connection User128707'] Got remote candidate 'candidate:1163356857 0 udp 41885440 104.30.136.169 49444 typ relay raddr 87.227.208.21 rport 49606 generation 0 ufrag L7kXH network-id 1'
[DEBUG] 

[DEBUG] [2026-10-07 23:10:45] [STEAM NETWORKING LOGFUNC] [#1907272017 P2P str:128707 vport 0 'Steam Connection User128707'] Got remote candidate 'candidate:2269480818 0 udp 41885440 104.30.145.196 25656 typ relay raddr 87.227.208.21 rport 49606 generation 0 ufrag L7kXH network-id 1'
[DEBUG] 

[DEBUG] [2026-10-07 23:10:45] [STEAM NETWORKING LOGFUNC] [#1275375511 P2P str:122041 vport 0 'Steam Connection User122041'] Sending P2P ConnectRequest
[DEBUG] 

[DEBUG] [2026-10-07 23:10:45] [STEAM NETWORKING LOGFUNC] [#3025447733 P2P str:127223 vport 0 'Steam Connection User127223'] Sending P2P ConnectRequest
[DEBUG] 

[DEBUG] [2026-10-07 23:10:45] [STEAM NETWORKING LOGFUNC] [#1950828335 P2P str:122368 vport 0 'Steam Connection User122368'] Sending P2P ConnectRequest
[DEBUG] 

[DEBUG] [2026-10-07 23:10:45] [SIGNAL] GOT SIGNAL!
[DEBUG] 

[DEBUG] [2026-10-07 23:10:45] [SIGNAL] Signal User: 42684!
[DEBUG] 

[DEBUG] [2026-10-07 23:10:45] [SIGNAL] Signal Payload Size: 995!
[DEBUG] 

[DEBUG] [2026-10-07 23:10:45] [0x170955720|https://api.playgenerals.online/env/prod/contract/1/PlayerStats/95502|Verb 0] Transfer is complete: 1874 bytes total! Curl result is 0
[DEBUG] 

[DEBUG] [2026-10-07 23:10:45] [0x170955720|https://api.playgenerals.online/env/prod/contract/1/PlayerStats/95502|Verb 0] Response was 200 - {"stats":{"userID":95502,"EloRating":781,"EloMatches":38,"MonthlyEloRating":1035,"wins":[1,1,1,2,3,2,2,6,2,1,1,1,2,1,0],"losses":[1,1,1,2,5,2,2,1,2,4,2,1,1,1,0],"games":[1,1,1,3,7,4,3,6,4,4,5,4,4,4,0],"duration":[6,8,10,19,86,22,24,38,61,43,59,31,64,69,0],"unitsKilled":[1,9,16,65,489,68,383,37,337,114,191,59,661,361,0],"unitsLost":[22,48,45,88,625,115,375,97,519,216,276,48,833,475,0],"unitsBuilt":[33,48,53,91,843,99,428,208,308,147,202,219,899,823,0],"buildingsKilled":[1,1,7,6,26,2,29,3,12,2,2,1,0,0,0],"buildingsLost":[5,6,8,22,36,11,60,21,50,48,27,7,52,36,0],"buildingsBuilt":[10,11,11,33,124,21,47,71,65,44,55,63,114,119,0],"earnings":[19600,26644,56579,60283,713047,87050,183145,212542,333719,165893,800295469,258011,487458,578741,0],"techCaptured":[3,2,6,2,70,18,56,18,13,35,23,8,127,6,0],"discons":[0,0,0,0,0,0,0,0,0,0,0,0,0,0,0],"desyncs":[0,0,0,0,0,0,0,0,0,0,0,0,0,0,0],"surrenders":[1,1,1,1,0,0,0,0,0,0,0,0,0,0,0],"gamesOf2p":[1,1,1,1,2,4,2,5,2,2,3,4,1,1,0],"gamesOf3p":[0,0,0,0,0,0,0,0,0,0,0,0,0,0,0],"gamesOf4p":[1,1,1,0,0,0,0,0,0,0,0,0,0,0,0],"gamesOf5p":[1,1,0,0,0,0,0,0,0,0,0,0,0,0,0],"gamesOf6p":[1,1,1,1,1,1,1,1,2,1,0,0,0,0,0],"gamesOf7p":[0,0,0,0,0,0,0,0,0,0,0,0,0,0,0],"gamesOf8p":[1,1,1,1,0,0,0,0,0,0,0,0,0,0,0],"customGames":[0,0,0,0,0,0,0,0,0,0,0,0,0,0,0],"QMGames":[0,0,0,0,0,0,0,0,0,0,0,0,0,0,0],"customGamesPerGeneral":[1,0,0,0,0,0,0,0,0,0,0,0,0,0,0],"quickMatchesPerGeneral":[1,0,0,0,0,0,0,0,0,0,0,0,0,0,0],"locale":0,"gamesAsRandom":17,"options":"","systemSpec":"","lastFPS":0,"lastGeneral":8,"gamesInRowWithLastGeneral":1,"challengeMedals":0,"battleHonors":4243842,"QMwinsInARow":0,"maxQMwinsInARow":0,"winsInARow":1,"maxWinsInARow":5,"lossesInARow":0,"maxLossesInARow":5,"disconsInARow":0,"maxDisconsInARow":0,"desyncsInARow":0,"maxDesyncsInARow":0,"builtParticleCannon":0,"builtNuke":2,"builtSCUD":9,"lastLadderPort":0,"lastLadderHost":""}}!
[DEBUG] 

[DEBUG] [2026-10-07 23:10:45] [0x17090cbe0|https://api.playgenerals.online/env/prod/contract/1/ConnectionOutcome|Verb 0] Transfer is complete: 17 bytes total! Curl result is 0
[DEBUG] 

[DEBUG] [2026-10-07 23:10:45] [0x17090cbe0|https://api.playgenerals.online/env/prod/contract/1/ConnectionOutcome|Verb 0] Response was 200 - {"success":false}!
[DEBUG] 

[DEBUG] [2026-10-07 23:10:45] [0x170944ec0|https://api.playgenerals.online/env/prod/contract/1/PlayerStats/13610|Verb 0] Transfer is complete: 2014 bytes total! Curl result is 0
[DEBUG] 

[DEBUG] [2026-10-07 23:10:45] [0x170944ec0|https://api.playgenerals.online/env/prod/contract/1/PlayerStats/13610|Verb 0] Response was 200 - {"stats":{"userID":13610,"EloRating":908,"EloMatches":155,"MonthlyEloRating":1000,"wins":[1,1,10,5,12,9,3,10,7,9,4,8,6,6,0],"losses":[1,1,15,15,19,18,12,15,13,19,17,15,13,8,0],"games":[1,1,28,22,30,28,20,28,29,35,26,27,22,19,0],"duration":[1,2,416,233,436,275,130,201,251,455,236,255,246,219,0],"unitsKilled":[11,7,1842,757,2686,1119,363,946,884,2377,735,939,872,697,0],"unitsLost":[6,24,2268,864,3302,959,547,992,753,3332,491,1416,1314,1123,0],"unitsBuilt":[8,26,2573,1450,4598,1459,847,1521,1485,3341,1345,2412,2005,1998,0],"buildingsKilled":[3,17,216,38,287,171,36,117,39,143,82,50,108,32,0],"buildingsLost":[2,2,101,77,254,66,28,42,84,119,44,141,126,121,0],"buildingsBuilt":[6,5,707,340,1032,405,285,348,460,612,332,697,552,452,0],"earnings":[300,5475,3444323,1328497,3853425,1683656,885457,1266580,1520690,3299322,1618796,2110688,1878426,1446913,0],"techCaptured":[4,2,120,92,145,105,53,66,95,121,162,163,97,71,0],"discons":[0,0,0,0,0,0,0,0,0,0,0,0,0,0,0],"desyncs":[1,1,1,2,1,1,2,0,0,0,0,0,0,0,0],"surrenders":[1,1,7,6,5,7,6,7,6,10,9,5,8,4,0],"gamesOf2p":[1,1,13,13,17,18,10,18,19,21,14,17,12,13,0],"gamesOf3p":[1,0,0,0,0,0,0,0,0,0,0,0,0,0,0],"gamesOf4p":[1,1,6,4,7,3,3,5,2,4,4,3,2,0,0],"gamesOf5p":[1,1,0,0,0,0,0,0,0,0,0,0,0,0,0],"gamesOf6p":[1,1,10,6,7,8,8,6,6,11,6,5,8,4,0],"gamesOf7p":[0,0,0,0,0,0,0,0,0,0,0,0,0,0,0],"gamesOf8p":[1,1,1,1,1,1,1,0,0,0,0,0,0,0,0],"customGames":[0,0,0,0,0,0,0,0,0,0,0,0,0,0,0],"QMGames":[0,0,0,0,0,0,0,0,0,0,0,0,0,0,0],"customGamesPerGeneral":[1,0,0,0,0,0,0,0,0,0,0,0,0,0,0],"quickMatchesPerGeneral":[1,0,0,0,0,0,0,0,0,0,0,0,0,0,0],"locale":0,"gamesAsRandom":126,"options":"","systemSpec":"","lastFPS":0,"lastGeneral":6,"gamesInRowWithLastGeneral":1,"challengeMedals":0,"battleHonors":4374914,"QMwinsInARow":0,"maxQMwinsInARow":0,"winsInARow":0,"maxWinsInARow":5,"lossesInARow":0,"maxLossesInARow":10,"disconsInARow":0,"maxDisconsInARow":2,"desyncsInARow":1,"maxDesyncsInARow":4,"builtParticleCannon":11,"builtNuke":29,"builtSCUD":23,"lastLadderPort":0,"lastLadderHost":""}}!
[DEBUG] 

[DEBUG] [2026-10-07 23:10:45] [0x170955cc0|https://api.playgenerals.online/env/prod/contract/1/ConnectionOutcome|Verb 0] Transfer is complete: 17 bytes total! Curl result is 0
[DEBUG] 

[DEBUG] [2026-10-07 23:10:45] [0x170955cc0|https://api.playgenerals.online/env/prod/contract/1/ConnectionOutcome|Verb 0] Response was 200 - {"success":false}!
[DEBUG] 

[DEBUG] [2026-10-07 23:10:45] [0x170823720|https://api.playgenerals.online/env/prod/contract/1/Lobby/67791|Verb 0] Transfer is complete: 2221 bytes total! Curl result is 0
[DEBUG] 

[DEBUG] [2026-10-07 23:10:45] [0x170823720|https://api.playgenerals.online/env/prod/contract/1/Lobby/67791|Verb 0] Response was 200 - {"lobby":{"LobbyID":67791,"Owner":128707,"Name":"[EU][⛊] Yalla habibi","State":0,"MapName":"Death Valley (8)","MapPath":"death valley\\death valley.map","IsMapOfficial":true,"MatchID":0,"TimeCreated":"2026-10-07T18:06:29.1742229Z","NumCurrentPlayers":8,"MaxPlayers":8,"IsVanillaTeamsOnly":false,"StartingCash":10000,"IsLimitSuperweapons":true,"IsTrackingStats":true,"IsPassworded":false,"AllowObservers":true,"ExeCRC":560676586,"IniCRC":2180732466,"NetworkRoomID":1,"RNGSeed":<redacted>,"LobbyType":0,"MatchedUserIDs":[],"Region":"Europe","EstimatedLatency":999999,"MaximumCameraHeight":410,"Members":[{"UserID":128707,"DisplayName":"OCB2026","IsReady":true,"Port":0,"Side":-1,"Team":0,"Color":2,"StartingPosition":0,"HasMap":true,"SlotState":5,"SlotIndex":0,"Region":"Europe","MiddlewareUserID":""},{"UserID":122041,"DisplayName":"G@Li","IsReady":false,"Port":0,"Side":-1,"Team":0,"Color":5,"StartingPosition":3,"HasMap":true,"SlotState":5,"SlotIndex":1,"Region":"Asia","MiddlewareUserID":""},{"UserID":127223,"DisplayName":"76561198635113942","IsReady":false,"Port":0,"Side":8,"Team":-1,"Color":1,"StartingPosition":-1,"HasMap":true,"SlotState":5,"SlotIndex":2,"Region":"Asia","MiddlewareUserID":""},{"UserID":129336,"DisplayName":"weyva","IsReady":false,"Port":0,"Side":-1,"Team":-1,"Color":-1,"StartingPosition":-1,"HasMap":true,"SlotState":5,"SlotIndex":3,"Region":"Asia","MiddlewareUserID":""},{"UserID":122368,"DisplayName":"zer0$","IsReady":false,"Port":0,"Side":-1,"Team":0,"Color":6,"StartingPosition":-1,"HasMap":true,"SlotState":5,"SlotIndex":4,"Region":"Europe","MiddlewareUserID":""},{"UserID":95502,"DisplayName":"haithamhtoo","IsReady":false,"Port":0,"Side":-1,"Team":1,"Color":-1,"StartingPosition":4,"HasMap":true,"SlotState":5,"SlotIndex":5,"Region":"Europe","MiddlewareUserID":""},{"UserID":13610,"DisplayName":"belal mirai","IsReady":false,"Port":0,"Side":-1,"Team":0,"Color":4,"StartingPosition":2,"HasMap":true,"SlotState":5,"SlotIndex":6,"Region":"Asia","MiddlewareUserID":""},{"UserID":42684,"DisplayName":"shadelolo","IsReady":false,"Port":0,"Side":-1,"Team":0,"Color":-1,"StartingPosition":1,"HasMap":true,"SlotState":5,"SlotIndex":7,"Region":"Europe","MiddlewareUserID":""}],"AnticheatID":0}}!
[DEBUG] 

[DEBUG] [2026-10-07 23:10:45] [0x1708bda40|https://api.playgenerals.online/env/prod/contract/1/ConnectionOutcome|Verb 0] Transfer is complete: 17 bytes total! Curl result is 0
[DEBUG] 

[DEBUG] [2026-10-07 23:10:45] [0x1708bda40|https://api.playgenerals.online/env/prod/contract/1/ConnectionOutcome|Verb 0] Response was 200 - {"success":false}!
[DEBUG] 

[DEBUG] [2026-10-07 23:10:45] [0x17093e500|https://api.playgenerals.online/env/prod/contract/1/Lobby/67791|Verb 0] Transfer is complete: 17 bytes total! Curl result is 0
[DEBUG] 

[DEBUG] [2026-10-07 23:10:45] [0x17093e500|https://api.playgenerals.online/env/prod/contract/1/Lobby/67791|Verb 0] Response was 401 - {"success":false}!
[DEBUG] 

[DEBUG] [2026-10-07 23:10:45] [SIGNAL] SEND SIGNAL!
[DEBUG] 

[DEBUG] [2026-10-07 23:10:45] [SIGNAL] SEND SIGNAL!
[DEBUG] 

[DEBUG] [2026-10-07 23:10:45] [SIGNAL] SEND SIGNAL!
[DEBUG] 

[DEBUG] [2026-10-07 23:10:45] [SIGNAL] SEND SIGNAL!
[DEBUG] 

[DEBUG] [2026-10-07 23:10:45] [SIGNAL] SEND SIGNAL!
[DEBUG] 

[DEBUG] [2026-10-07 23:10:45] [SIGNAL] PROCESS SIGNAL!
[DEBUG] 

[DEBUG] [2026-10-07 23:10:45] [SIGNAL] GOT SIGNAL!
[DEBUG] 

[DEBUG] [2026-10-07 23:10:45] [SIGNAL] Signal User: 122368!
[DEBUG] 

[DEBUG] [2026-10-07 23:10:45] [SIGNAL] Signal Payload Size: 852!
[DEBUG] 

[DEBUG] [2026-10-07 23:10:45] [SIGNAL] PROCESS SIGNAL!
[DEBUG] 

[DEBUG] [2026-10-07 23:10:45] [STEAM NETWORKING LOGFUNC] [#3493104832 P2P str:95502 vport 0 'Steam Connection User95502'] Sending P2P ConnectRequest
[DEBUG] 

[DEBUG] [2026-10-07 23:10:45] [SIGNAL] GOT SIGNAL!
[DEBUG] 

[DEBUG] [2026-10-07 23:10:45] [SIGNAL] Signal User: 122041!
[DEBUG] 

[DEBUG] [2026-10-07 23:10:45] [SIGNAL] Signal Payload Size: 497!
[DEBUG] 

[DEBUG] [2026-10-07 23:10:45] [SIGNAL] SEND SIGNAL!
[DEBUG] 

[DEBUG] [2026-10-07 23:10:45] [SIGNAL] PROCESS SIGNAL!
[DEBUG] 

[DEBUG] [2026-10-07 23:10:45] [STEAM NETWORKING][#1275375511 P2P str:122041 vport 0 'Steam Connection User122041'] finding route

[DEBUG] 

[DEBUG] [2026-10-07 23:10:45] [SIGNAL] SEND SIGNAL!
[DEBUG] 

[DEBUG] [2026-10-07 23:10:45] [SIGNAL] GOT SIGNAL!
[DEBUG] 

[DEBUG] [2026-10-07 23:10:45] [SIGNAL] Signal User: 42684!
[DEBUG] 

[DEBUG] [2026-10-07 23:10:45] [SIGNAL] Signal Payload Size: 1909!
[DEBUG] 

[DEBUG] [2026-10-07 23:10:45] [SIGNAL] PROCESS SIGNAL!
[DEBUG] 

[DEBUG] [2026-10-07 23:10:45] [STEAM NETWORKING LOGFUNC] [#3075088674 P2P str:13610 vport 0 'Steam Connection User13610'] Sending P2P ConnectRequest
[DEBUG] 

[DEBUG] [2026-10-07 23:10:46] [SIGNAL] GOT SIGNAL!
[DEBUG] 

[DEBUG] [2026-10-07 23:10:46] [SIGNAL] Signal User: 122041!
[DEBUG] 

[DEBUG] [2026-10-07 23:10:46] [SIGNAL] Signal Payload Size: 644!
[DEBUG] 

[DEBUG] [2026-10-07 23:10:46] [SIGNAL] SEND SIGNAL!
[DEBUG] 

[DEBUG] [2026-10-07 23:10:46] [SIGNAL] PROCESS SIGNAL!
[DEBUG] 

[DEBUG] [2026-10-07 23:10:46] [STEAM NETWORKING LOGFUNC] [#1275375511 P2P str:122041 vport 0 'Steam Connection User122041'] Got remote candidate 'candidate:1493399139 0 udp 2122260224 192.168.1.12 64308 typ host generation 0 ufrag ek8Zq network-id 1'
[DEBUG] 

[DEBUG] [2026-10-07 23:10:46] [STEAM NETWORKING LOGFUNC] [#1275375511 P2P str:122041 vport 0 'Steam Connection User122041'] Got remote candidate 'candidate:2937262007 0 udp 1686052608 178.135.15.131 4532 typ srflx raddr 192.168.1.12 rport 64308 generation 0 ufrag ek8Zq network-id 1'
[DEBUG] 

[DEBUG] [2026-10-07 23:10:46] [STEAM NETWORKING LOGFUNC] [#1275375511 P2P str:122041 vport 0 'Steam Connection User122041'] Got remote candidate 'candidate:822745419 0 udp 41885440 104.30.136.184 63193 typ relay raddr 178.135.15.131 rport 4532 generation 0 ufrag ek8Zq network-id 1'
[DEBUG] 

[DEBUG] [2026-10-07 23:10:46] [STEAM NETWORKING LOGFUNC] [#392121347 P2P str:42684 vport 0 'Steam Connection User42684'] Sending P2P ConnectRequest
[DEBUG] 

[DEBUG] [2026-10-07 23:10:46] [SIGNAL] SEND SIGNAL!
[DEBUG] 

[DEBUG] [2026-10-07 23:10:46] [SIGNAL] SEND SIGNAL!
[DEBUG] 

[DEBUG] [2026-10-07 23:10:46] [SIGNAL] GOT SIGNAL!
[DEBUG] 

[DEBUG] [2026-10-07 23:10:46] [SIGNAL] Signal User: 42684!
[DEBUG] 

[DEBUG] [2026-10-07 23:10:46] [SIGNAL] Signal Payload Size: 2073!
[DEBUG] 

[DEBUG] [2026-10-07 23:10:46] [SIGNAL] PROCESS SIGNAL!
[DEBUG] 

[DEBUG] [2026-10-07 23:10:46] [SIGNAL] GOT SIGNAL!
[DEBUG] 

[DEBUG] [2026-10-07 23:10:46] [SIGNAL] Signal User: 95502!
[DEBUG] 

[DEBUG] [2026-10-07 23:10:46] [SIGNAL] Signal Payload Size: 737!
[DEBUG] 

[DEBUG] [2026-10-07 23:10:46] [SIGNAL] PROCESS SIGNAL!
[DEBUG] 

[DEBUG] [2026-10-07 23:10:46] [SIGNAL] GOT SIGNAL!
[DEBUG] 

[DEBUG] [2026-10-07 23:10:46] [SIGNAL] Signal User: 127223!
[DEBUG] 

[DEBUG] [2026-10-07 23:10:46] [SIGNAL] Signal Payload Size: 530!
[DEBUG] 

[DEBUG] [2026-10-07 23:10:46] [SIGNAL] PROCESS SIGNAL!
[DEBUG] 

[DEBUG] [2026-10-07 23:10:46] [STEAM NETWORKING LOGFUNC] [#3025447733 P2P str:127223 vport 0 'Steam Connection User127223'] Sending P2P ConnectRequest
[DEBUG] 

[DEBUG] [2026-10-07 23:10:46] [SIGNAL] SEND SIGNAL!
[DEBUG] 

[DEBUG] [2026-10-07 23:10:46] [SIGNAL] GOT SIGNAL!
[DEBUG] 

[DEBUG] [2026-10-07 23:10:46] [SIGNAL] Signal User: 95502!
[DEBUG] 

[DEBUG] [2026-10-07 23:10:46] [SIGNAL] Signal Payload Size: 1238!
[DEBUG] 

[DEBUG] [2026-10-07 23:10:46] [SIGNAL] PROCESS SIGNAL!
[DEBUG] 

[DEBUG] [2026-10-07 23:10:46] [STEAM NETWORKING LOGFUNC] [#1950828335 P2P str:122368 vport 0 'Steam Connection User122368'] Sending P2P ConnectRequest
[DEBUG] 

[DEBUG] [2026-10-07 23:10:46] [SIGNAL] GOT SIGNAL!
[DEBUG] 

[DEBUG] [2026-10-07 23:10:46] [SIGNAL] Signal User: 127223!
[DEBUG] 

[DEBUG] [2026-10-07 23:10:46] [SIGNAL] Signal Payload Size: 694!
[DEBUG] 

[DEBUG] [2026-10-07 23:10:46] [SIGNAL] SEND SIGNAL!
[DEBUG] 

[DEBUG] [2026-10-07 23:10:46] [SIGNAL] PROCESS SIGNAL!
[DEBUG] 

[DEBUG] [2026-10-07 23:10:46] [SIGNAL] GOT SIGNAL!
[DEBUG] 

[DEBUG] [2026-10-07 23:10:46] [SIGNAL] Signal User: 95502!
[DEBUG] 

[DEBUG] [2026-10-07 23:10:46] [SIGNAL] Signal Payload Size: 1405!
[DEBUG] 

[DEBUG] [2026-10-07 23:10:46] [SIGNAL] PROCESS SIGNAL!
[DEBUG] 

[DEBUG] [2026-10-07 23:10:46] [SIGNAL] GOT SIGNAL!
[DEBUG] 

[DEBUG] [2026-10-07 23:10:46] [SIGNAL] Signal User: 122368!
[DEBUG] 

[DEBUG] [2026-10-07 23:10:46] [SIGNAL] Signal Payload Size: 866!
[DEBUG] 

[DEBUG] [2026-10-07 23:10:46] [SIGNAL] PROCESS SIGNAL!
[DEBUG] 

[DEBUG] [2026-10-07 23:10:46] [STEAM NETWORKING LOGFUNC] [#1950828335 P2P str:122368 vport 0 'Steam Connection User122368'] Got remote candidate 'candidate:403026199 0 udp 2122260224 192.168.0.99 54918 typ host generation 0 ufrag UngBk network-id 1 network-cost 10'
[DEBUG] 

[DEBUG] [2026-10-07 23:10:46] [STEAM NETWORKING LOGFUNC] [#1950828335 P2P str:122368 vport 0 'Steam Connection User122368'] Got remote candidate 'candidate:3994405059 0 udp 1686052608 94.26.87.209 54918 typ srflx raddr 192.168.0.99 rport 54918 generation 0 ufrag UngBk network-id 1 network-cost 10'
[DEBUG] 

[DEBUG] [2026-10-07 23:10:46] [STEAM NETWORKING LOGFUNC] [#1950828335 P2P str:122368 vport 0 'Steam Connection User122368'] Got remote candidate 'candidate:476393460 0 udp 41885440 104.30.136.170 41570 typ relay raddr 94.26.87.209 rport 54918 generation 0 ufrag UngBk network-id 1 network-cost 10'
[DEBUG] 

[DEBUG] [2026-10-07 23:10:46] [STEAM NETWORKING LOGFUNC] [#1950828335 P2P str:122368 vport 0 'Steam Connection User122368'] Got remote candidate 'candidate:3064831471 0 udp 41885440 104.30.145.195 49203 typ relay raddr 94.26.87.209 rport 54918 generation 0 ufrag UngBk network-id 1 network-cost 10'
[DEBUG] 

[DEBUG] [2026-10-07 23:10:46] [STEAM NETWORKING LOGFUNC] [#1950828335 P2P str:122368 vport 0 'Steam Connection User122368'] Received ConnectOK in P2P Rendezvous.
[DEBUG] 

[DEBUG] [2026-10-07 23:10:46] [STEAM NETWORKING LOGFUNC] [#1950828335 P2P str:122368 vport 0 'Steam Connection User122368'] finding route
[DEBUG] 

[DEBUG] [2026-10-07 23:10:46] [STEAM NETWORKING][#1950828335 P2P str:122368 vport 0 'Steam Connection User122368'] finding route

[DEBUG] 

[DEBUG] [2026-10-07 23:10:46] [STEAM NETWORKING LOGFUNC] [#3493104832 P2P str:95502 vport 0 'Steam Connection User95502'] Sending P2P ConnectRequest
[DEBUG] 

[DEBUG] [2026-10-07 23:10:46] [SIGNAL] SEND SIGNAL!
[DEBUG] 

[DEBUG] [2026-10-07 23:10:46] [SIGNAL] SEND SIGNAL!
[DEBUG] 

[DEBUG] [2026-10-07 23:10:46] [STEAM NETWORKING LOGFUNC] [#3075088674 P2P str:13610 vport 0 'Steam Connection User13610'] Sending P2P ConnectRequest
[DEBUG] 

[DEBUG] [2026-10-07 23:10:46] [SIGNAL] GOT SIGNAL!
[DEBUG] 

[DEBUG] [2026-10-07 23:10:46] [SIGNAL] Signal User: 95502!
[DEBUG] 

[DEBUG] [2026-10-07 23:10:46] [SIGNAL] Signal Payload Size: 1571!
[DEBUG] 

[DEBUG] [2026-10-07 23:10:46] [SIGNAL] SEND SIGNAL!
[DEBUG] 

[DEBUG] [2026-10-07 23:10:46] [SIGNAL] PROCESS SIGNAL!
[DEBUG] 

[DEBUG] [2026-10-07 23:10:46] [STEAM NETWORKING LOGFUNC] [#392121347 P2P str:42684 vport 0 'Steam Connection User42684'] Sending P2P ConnectRequest
[DEBUG] 

[DEBUG] [2026-10-07 23:10:46] [SIGNAL] GOT SIGNAL!
[DEBUG] 

[DEBUG] [2026-10-07 23:10:46] [SIGNAL] Signal User: 127223!
[DEBUG] 

[DEBUG] [2026-10-07 23:10:46] [SIGNAL] Signal Payload Size: 708!
[DEBUG] 

[DEBUG] [2026-10-07 23:10:46] [SIGNAL] SEND SIGNAL!
[DEBUG] 

[DEBUG] [2026-10-07 23:10:46] [SIGNAL] PROCESS SIGNAL!
[DEBUG] 

[DEBUG] [2026-10-07 23:10:46] [STEAM NETWORKING LOGFUNC] [#3025447733 P2P str:127223 vport 0 'Steam Connection User127223'] Got remote candidate 'candidate:545662605 0 udp 2122260224 192.168.0.142 51956 typ host generation 0 ufrag Q/Mt8 network-id 1 network-cost 10'
[DEBUG] 

[DEBUG] [2026-10-07 23:10:46] [STEAM NETWORKING LOGFUNC] [#3025447733 P2P str:127223 vport 0 'Steam Connection User127223'] Got remote candidate 'candidate:2714640441 0 udp 1686052608 185.97.127.64 51956 typ srflx raddr 192.168.0.142 rport 51956 generation 0 ufrag Q/Mt8 network-id 1 network-cost 10'
[DEBUG] 

[DEBUG] [2026-10-07 23:10:46] [STEAM NETWORKING LOGFUNC] [#3025447733 P2P str:127223 vport 0 'Steam Connection User127223'] Got remote candidate 'candidate:2260162663 0 udp 41885440 104.30.150.102 42131 typ relay raddr 185.97.127.64 rport 51956 generation 0 ufrag Q/Mt8 network-id 1 network-cost 10'
[DEBUG] 

[DEBUG] [2026-10-07 23:10:46] [STEAM NETWORKING LOGFUNC] [#3025447733 P2P str:127223 vport 0 'Steam Connection User127223'] Received ConnectOK in P2P Rendezvous.
[DEBUG] 

[DEBUG] [2026-10-07 23:10:46] [STEAM NETWORKING LOGFUNC] [#3025447733 P2P str:127223 vport 0 'Steam Connection User127223'] finding route
[DEBUG] 

[DEBUG] [2026-10-07 23:10:46] [STEAM NETWORKING][#3025447733 P2P str:127223 vport 0 'Steam Connection User127223'] finding route

[DEBUG] 

[DEBUG] [2026-10-07 23:10:46] [STEAM NETWORKING LOGFUNC] [#1950828335 P2P str:122368 vport 0 'Steam Connection User122368'] Peer appears to be using 'ICE' transport as primary
[DEBUG] 

[DEBUG] [2026-10-07 23:10:46] [STEAM NETWORKING LOGFUNC] [#1950828335 P2P ICE str:122368 vport 0 'Steam Connection User122368'] connected
[DEBUG] 

[DEBUG] [2026-10-07 23:10:46] [SIGNAL] GOT SIGNAL!
[DEBUG] 

[DEBUG] [2026-10-07 23:10:46] [SIGNAL] Signal User: 122368!
[DEBUG] 

[DEBUG] [2026-10-07 23:10:46] [SIGNAL] Signal Payload Size: 654!
[DEBUG] 

[DEBUG] [2026-10-07 23:10:46] [SIGNAL] SEND SIGNAL!
[DEBUG] 

[DEBUG] [2026-10-07 23:10:46] [SIGNAL] SEND SIGNAL!
[DEBUG] 

[DEBUG] [2026-10-07 23:10:46] [SIGNAL] PROCESS SIGNAL!
[DEBUG] 

[DEBUG] [2026-10-07 23:10:46] [STEAM NETWORKING LOGFUNC] [#1950828335 P2P ICE str:122368 vport 0 'Steam Connection User122368'] Got remote candidate 'candidate:403026199 0 udp 2122260224 192.168.0.99 54921 typ host generation 0 ufrag UngBk network-id 1 network-cost 10'
[DEBUG] 

[DEBUG] [2026-10-07 23:10:46] [STEAM NETWORKING LOGFUNC] [#1950828335 P2P ICE str:122368 vport 0 'Steam Connection User122368'] Got remote candidate 'candidate:3994405059 0 udp 1686052608 94.26.87.209 54921 typ srflx raddr 192.168.0.99 rport 54921 generation 0 ufrag UngBk network-id 1 network-cost 10'
[DEBUG] 

[DEBUG] [2026-10-07 23:10:46] [STEAM NETWORKING LOGFUNC] [#1950828335 P2P ICE str:122368 vport 0 'Steam Connection User122368'] Got remote candidate 'candidate:556960966 0 udp 41885440 104.30.145.197 20281 typ relay raddr 94.26.87.209 rport 54921 generation 0 ufrag UngBk network-id 1 network-cost 10'
[DEBUG] 

[DEBUG] [2026-10-07 23:10:46] [STEAM NETWORKING LOGFUNC] [#1950828335 P2P ICE str:122368 vport 0 'Steam Connection User122368'] Got remote candidate 'candidate:1163356857 0 udp 41885440 104.30.136.169 38546 typ relay raddr 94.26.87.209 rport 54921 generation 0 ufrag UngBk network-id 1 network-cost 10'
[DEBUG] 

[DEBUG] [2026-10-07 23:10:46] [STEAM NETWORKING][#1950828335 P2P ICE str:122368 vport 0 'Steam Connection User122368'] connected

[DEBUG] 

[DEBUG] [2026-10-07 23:10:46] [CONNECTION FLAGS]: has k_nSteamNetworkConnectionInfoFlags_Unauthenticated
[DEBUG] 

[DEBUG] [2026-10-07 23:10:46] [MESH] Connected to user 122368 in 1572 ms (Relayed, signalling attempt 1)
[DEBUG] 

[DEBUG] [2026-10-07 23:10:46] [SIGNAL] GOT SIGNAL!
[DEBUG] 

[DEBUG] [2026-10-07 23:10:46] [SIGNAL] Signal User: 13610!
[DEBUG] 

[DEBUG] [2026-10-07 23:10:46] [SIGNAL] Signal Payload Size: 525!
[DEBUG] 

[DEBUG] [2026-10-07 23:10:46] [SIGNAL] SEND SIGNAL!
[DEBUG] 

[DEBUG] [2026-10-07 23:10:46] [SIGNAL] PROCESS SIGNAL!
[DEBUG] 

[DEBUG] [2026-10-07 23:10:46] [SIGNAL] GOT SIGNAL!
[DEBUG] 

[DEBUG] [2026-10-07 23:10:46] [SIGNAL] Signal User: 128707!
[DEBUG] 

[DEBUG] [2026-10-07 23:10:46] [SIGNAL] Signal Payload Size: 1011!
[DEBUG] 

[DEBUG] [2026-10-07 23:10:46] [SIGNAL] PROCESS SIGNAL!
[DEBUG] 

[DEBUG] [2026-10-07 23:10:46] [SIGNAL] SEND SIGNAL!
[DEBUG] 

[DEBUG] [2026-10-07 23:10:46] [STEAM NETWORKING LOGFUNC] [#3493104832 P2P str:95502 vport 0 'Steam Connection User95502'] Sending P2P ConnectRequest
[DEBUG] 

[DEBUG] [2026-10-07 23:10:46] [SIGNAL] SEND SIGNAL!
[DEBUG] 

[DEBUG] [2026-10-07 23:10:46] [SIGNAL] GOT SIGNAL!
[DEBUG] 

[DEBUG] [2026-10-07 23:10:46] [SIGNAL] Signal User: 127223!
[DEBUG] 

[DEBUG] [2026-10-07 23:10:46] [SIGNAL] Signal Payload Size: 1000!
[DEBUG] 

[DEBUG] [2026-10-07 23:10:46] [SIGNAL] PROCESS SIGNAL!
[DEBUG] 

[DEBUG] [2026-10-07 23:10:46] [STEAM NETWORKING LOGFUNC] [#3025447733 P2P str:127223 vport 0 'Steam Connection User127223'] Got remote candidate 'candidate:545662605 0 udp 2122260224 192.168.0.142 51959 typ host generation 0 ufrag Q/Mt8 network-id 1 network-cost 10'
[DEBUG] 

[DEBUG] [2026-10-07 23:10:46] [STEAM NETWORKING LOGFUNC] [#3025447733 P2P str:127223 vport 0 'Steam Connection User127223'] Got remote candidate 'candidate:2714640441 0 udp 1686052608 185.97.127.64 51959 typ srflx raddr 192.168.0.142 rport 51959 generation 0 ufrag Q/Mt8 network-id 1 network-cost 10'
[DEBUG] 

[DEBUG] [2026-10-07 23:10:46] [0x170955180|https://api.playgenerals.online/env/prod/contract/1/ConnectionOutcome|Verb 0] Transfer is complete: 17 bytes total! Curl result is 0
[DEBUG] 

[DEBUG] [2026-10-07 23:10:46] [0x170955180|https://api.playgenerals.online/env/prod/contract/1/ConnectionOutcome|Verb 0] Response was 200 - {"success":false}!
[DEBUG] 

[DEBUG] [2026-10-07 23:10:46] [0x170945b20|https://api.playgenerals.online/env/prod/contract/1/ConnectionOutcome|Verb 0] Transfer is complete: 17 bytes total! Curl result is 0
[DEBUG] 

[DEBUG] [2026-10-07 23:10:46] [0x170945b20|https://api.playgenerals.online/env/prod/contract/1/ConnectionOutcome|Verb 0] Response was 200 - {"success":false}!
[DEBUG] 

[DEBUG] [2026-10-07 23:10:46] [SIGNAL] SEND SIGNAL!
[DEBUG] 

[DEBUG] [2026-10-07 23:10:46] [STEAM NETWORKING LOGFUNC] [#3075088674 P2P str:13610 vport 0 'Steam Connection User13610'] Sending P2P ConnectRequest
[DEBUG] 

[DEBUG] [2026-10-07 23:10:46] [SIGNAL] GOT SIGNAL!
[DEBUG] 

[DEBUG] [2026-10-07 23:10:46] [SIGNAL] Signal User: 122368!
[DEBUG] 

[DEBUG] [2026-10-07 23:10:46] [SIGNAL] Signal Payload Size: 1480!
[DEBUG] 

[DEBUG] [2026-10-07 23:10:46] [SIGNAL] SEND SIGNAL!
[DEBUG] 

[DEBUG] [2026-10-07 23:10:46] [SIGNAL] PROCESS SIGNAL!
[DEBUG] 

[DEBUG] [2026-10-07 23:10:47] [STEAM NETWORKING LOGFUNC] [#3025447733 P2P str:127223 vport 0 'Steam Connection User127223'] Peer appears to be using 'ICE' transport as primary
[DEBUG] 

[DEBUG] [2026-10-07 23:10:47] [STEAM NETWORKING LOGFUNC] [#392121347 P2P str:42684 vport 0 'Steam Connection User42684'] Sending P2P ConnectRequest
[DEBUG] 

[DEBUG] [2026-10-07 23:10:47] [SIGNAL] GOT SIGNAL!
[DEBUG] 

[DEBUG] [2026-10-07 23:10:47] [SIGNAL] Signal User: 122041!
[DEBUG] 

[DEBUG] [2026-10-07 23:10:47] [SIGNAL] Signal Payload Size: 644!
[DEBUG] 

[DEBUG] [2026-10-07 23:10:47] [0x17090ad80|https://api.playgenerals.online/env/prod/contract/1/ConnectionOutcome|Verb 0] Transfer is complete: 17 bytes total! Curl result is 0
[DEBUG] 

[DEBUG] [2026-10-07 23:10:47] [0x17090ad80|https://api.playgenerals.online/env/prod/contract/1/ConnectionOutcome|Verb 0] Response was 200 - {"success":false}!
[DEBUG] 

[DEBUG] [2026-10-07 23:10:47] [SIGNAL] SEND SIGNAL!
[DEBUG] 

[DEBUG] [2026-10-07 23:10:47] [SIGNAL] SEND SIGNAL!
[DEBUG] 

[DEBUG] [2026-10-07 23:10:47] [SIGNAL] SEND SIGNAL!
[DEBUG] 

[DEBUG] [2026-10-07 23:10:47] [SIGNAL] PROCESS SIGNAL!
[DEBUG] 

[DEBUG] [2026-10-07 23:10:47] [0x1708b21c0|https://api.playgenerals.online/env/prod/contract/1/ConnectionOutcome|Verb 0] Transfer is complete: 17 bytes total! Curl result is 0
[DEBUG] 

[DEBUG] [2026-10-07 23:10:47] [0x1708b21c0|https://api.playgenerals.online/env/prod/contract/1/ConnectionOutcome|Verb 0] Response was 200 - {"success":false}!
[DEBUG] 

[DEBUG] [2026-10-07 23:10:47] [0x17091cc60|https://api.playgenerals.online/env/prod/contract/1/ConnectionOutcome|Verb 0] Transfer is complete: 17 bytes total! Curl result is 0
[DEBUG] 

[DEBUG] [2026-10-07 23:10:47] [0x17091cc60|https://api.playgenerals.online/env/prod/contract/1/ConnectionOutcome|Verb 0] Response was 200 - {"success":false}!
[DEBUG] 

[DEBUG] [2026-10-07 23:10:47] [SIGNAL] GOT SIGNAL!
[DEBUG] 

[DEBUG] [2026-10-07 23:10:47] [SIGNAL] Signal User: 42684!
[DEBUG] 

[DEBUG] [2026-10-07 23:10:47] [SIGNAL] Signal Payload Size: 2073!
[DEBUG] 

[DEBUG] [2026-10-07 23:10:47] [SIGNAL] PROCESS SIGNAL!
[DEBUG] 

[DEBUG] [2026-10-07 23:10:47] [SIGNAL] GOT SIGNAL!
[DEBUG] 

[DEBUG] [2026-10-07 23:10:47] [SIGNAL] Signal User: 13610!
[DEBUG] 

[DEBUG] [2026-10-07 23:10:47] [SIGNAL] Signal Payload Size: 539!
[DEBUG] 

[DEBUG] [2026-10-07 23:10:47] [SIGNAL] SEND SIGNAL!
[DEBUG] 

[DEBUG] [2026-10-07 23:10:47] [SIGNAL] PROCESS SIGNAL!
[DEBUG] 

[DEBUG] [2026-10-07 23:10:47] [STEAM NETWORKING LOGFUNC] [#3075088674 P2P str:13610 vport 0 'Steam Connection User13610'] Got remote candidate 'candidate:89174025 0 udp 2122260224 192.168.43.71 64194 typ host generation 0 ufrag HSU9B network-id 1 network-cost 10'
[DEBUG] 

[DEBUG] [2026-10-07 23:10:47] [STEAM NETWORKING LOGFUNC] [#3075088674 P2P str:13610 vport 0 'Steam Connection User13610'] Got remote candidate 'candidate:2216212157 0 udp 1686052608 94.249.48.110 2118 typ srflx raddr 192.168.43.71 rport 64194 generation 0 ufrag HSU9B network-id 1 network-cost 10'
[DEBUG] 

[DEBUG] [2026-10-07 23:10:47] [STEAM NETWORKING LOGFUNC] [#3075088674 P2P str:13610 vport 0 'Steam Connection User13610'] Received ConnectOK in P2P Rendezvous.
[DEBUG] 

[DEBUG] [2026-10-07 23:10:47] [STEAM NETWORKING LOGFUNC] [#3075088674 P2P str:13610 vport 0 'Steam Connection User13610'] finding route
[DEBUG] 

[DEBUG] [2026-10-07 23:10:47] [STEAM NETWORKING][#3075088674 P2P str:13610 vport 0 'Steam Connection User13610'] finding route

[DEBUG] 

[DEBUG] [2026-10-07 23:10:47] [SIGNAL] SEND SIGNAL!
[DEBUG] 

[DEBUG] [2026-10-07 23:10:47] [SIGNAL] SEND SIGNAL!
[DEBUG] 

[DEBUG] [2026-10-07 23:10:47] [SIGNAL] GOT SIGNAL!
[DEBUG] 

[DEBUG] [2026-10-07 23:10:47] [SIGNAL] Signal User: 95502!
[DEBUG] 

[DEBUG] [2026-10-07 23:10:47] [SIGNAL] Signal Payload Size: 1585!
[DEBUG] 

[DEBUG] [2026-10-07 23:10:47] [SIGNAL] PROCESS SIGNAL!
[DEBUG] 

[DEBUG] [2026-10-07 23:10:47] [STEAM NETWORKING LOGFUNC] [#3493104832 P2P str:95502 vport 0 'Steam Connection User95502'] Got remote candidate 'candidate:1785552477 0 udp 2122255104 2001::4625:9800:856:b86:431a:288a 65475 typ host generation 0 ufrag sLo4V network-id 6 network-cost 50'
[DEBUG] 

[DEBUG] [2026-10-07 23:10:47] [STEAM NETWORKING LOGFUNC] [#3493104832 P2P str:95502 vport 0 'Steam Connection User95502'] Got remote candidate 'candidate:3019485853 0 udp 2122199808 fdfd::1abf:da 65476 typ host generation 0 ufrag sLo4V network-id 2'
[DEBUG] 

[DEBUG] [2026-10-07 23:10:47] [STEAM NETWORKING LOGFUNC] [#3493104832 P2P str:95502 vport 0 'Steam Connection User95502'] Got remote candidate 'candidate:705751357 0 udp 2122129152 26.191.0.218 65477 typ host generation 0 ufrag sLo4V network-id 1'
[DEBUG] 

[DEBUG] [2026-10-07 23:10:47] [STEAM NETWORKING LOGFUNC] [#3493104832 P2P str:95502 vport 0 'Steam Connection User95502'] Got remote candidate 'candidate:2065026014 0 udp 2122063616 10.138.52.133 65478 typ host generation 0 ufrag sLo4V network-id 3 network-cost 10'
[DEBUG] 

[DEBUG] [2026-10-07 23:10:47] [STEAM NETWORKING LOGFUNC] [#3493104832 P2P str:95502 vport 0 'Steam Connection User95502'] Got remote candidate 'candidate:4200451434 0 udp 1685856000 188.229.215.117 63169 typ srflx raddr 10.138.52.133 rport 65478 generation 0 ufrag sLo4V network-id 3 network-cost 10'
[DEBUG] 

[DEBUG] [2026-10-07 23:10:47] [STEAM NETWORKING LOGFUNC] [#3493104832 P2P str:95502 vport 0 'Steam Connection User95502'] Got remote candidate 'candidate:4200451434 0 udp 1685856000 188.229.215.117 63170 typ srflx raddr 10.138.52.133 rport 65478 generation 0 ufrag sLo4V network-id 3 network-cost 10'
[DEBUG] 

[DEBUG] [2026-10-07 23:10:47] [STEAM NETWORKING LOGFUNC] [#3493104832 P2P str:95502 vport 0 'Steam Connection User95502'] Got remote candidate 'candidate:4200451434 0 udp 1685856000 188.229.215.117 63172 typ srflx raddr 10.138.52.133 rport 65478 generation 0 ufrag sLo4V network-id 3 network-cost 10'
[DEBUG] 

[DEBUG] [2026-10-07 23:10:47] [STEAM NETWORKING LOGFUNC] [#3493104832 P2P str:95502 vport 0 'Steam Connection User95502'] Got remote candidate 'candidate:4200451434 0 udp 1685856000 188.229.215.117 63168 typ srflx raddr 10.138.52.133 rport 65478 generation 0 ufrag sLo4V network-id 3 network-cost 10'
[DEBUG] 

[DEBUG] [2026-10-07 23:10:47] [STEAM NETWORKING LOGFUNC] [#3493104832 P2P str:95502 vport 0 'Steam Connection User95502'] Got remote candidate 'candidate:2314089396 0 udp 41688832 104.30.147.242 14694 typ relay raddr 188.229.215.117 rport 63169 generation 0 ufrag sLo4V network-id 3 network-cost 10'
[DEBUG] 

[DEBUG] [2026-10-07 23:10:47] [STEAM NETWORKING LOGFUNC] [#3493104832 P2P str:95502 vport 0 'Steam Connection User95502'] Received ConnectOK in P2P Rendezvous.
[DEBUG] 

[DEBUG] [2026-10-07 23:10:47] [STEAM NETWORKING LOGFUNC] [#3493104832 P2P str:95502 vport 0 'Steam Connection User95502'] finding route
[DEBUG] 

[DEBUG] [2026-10-07 23:10:47] [STEAM NETWORKING LOGFUNC] Waited 2.4ms for SteamNetworkingSockets lock [ServiceThread]
[DEBUG] 

[DEBUG] [2026-10-07 23:10:47] [STEAM NETWORKING][#3493104832 P2P str:95502 vport 0 'Steam Connection User95502'] finding route

[DEBUG] 

[DEBUG] [2026-10-07 23:10:47] [SIGNAL] GOT SIGNAL!
[DEBUG] 

[DEBUG] [2026-10-07 23:10:47] [SIGNAL] Signal User: 13610!
[DEBUG] 

[DEBUG] [2026-10-07 23:10:47] [SIGNAL] Signal Payload Size: 165!
[DEBUG] 

[DEBUG] [2026-10-07 23:10:47] [SIGNAL] SEND SIGNAL!
[DEBUG] 

[DEBUG] [2026-10-07 23:10:47] [SIGNAL] PROCESS SIGNAL!
[DEBUG] 

[DEBUG] [2026-10-07 23:10:47] [STEAM NETWORKING LOGFUNC] [#3075088674 P2P str:13610 vport 0 'Steam Connection User13610'] Got remote candidate 'candidate:89174025 0 udp 2122260224 192.168.43.71 64205 typ host generation 0 ufrag HSU9B network-id 1 network-cost 10'
[DEBUG] 

[DEBUG] [2026-10-07 23:10:47] [SIGNAL] GOT SIGNAL!
[DEBUG] 

[DEBUG] [2026-10-07 23:10:47] [SIGNAL] Signal User: 95502!
[DEBUG] 

[DEBUG] [2026-10-07 23:10:47] [SIGNAL] Signal Payload Size: 541!
[DEBUG] 

[DEBUG] [2026-10-07 23:10:47] [SIGNAL] SEND SIGNAL!
[DEBUG] 

[DEBUG] [2026-10-07 23:10:47] [SIGNAL] PROCESS SIGNAL!
[DEBUG] 

[DEBUG] [2026-10-07 23:10:47] [STEAM NETWORKING LOGFUNC] [#3493104832 P2P str:95502 vport 0 'Steam Connection User95502'] Got remote candidate 'candidate:1785552477 0 udp 2122255104 2001::4625:9800:856:b86:431a:288a 65481 typ host generation 0 ufrag sLo4V network-id 6 network-cost 50'
[DEBUG] 

[DEBUG] [2026-10-07 23:10:47] [STEAM NETWORKING LOGFUNC] [#3493104832 P2P str:95502 vport 0 'Steam Connection User95502'] Got remote candidate 'candidate:3019485853 0 udp 2122199808 fdfd::1abf:da 65482 typ host generation 0 ufrag sLo4V network-id 2'
[DEBUG] 

[DEBUG] [2026-10-07 23:10:47] [STEAM NETWORKING LOGFUNC] [#3493104832 P2P str:95502 vport 0 'Steam Connection User95502'] Got remote candidate 'candidate:705751357 0 udp 2122129152 26.191.0.218 65483 typ host generation 0 ufrag sLo4V network-id 1'
[DEBUG] 

[DEBUG] [2026-10-07 23:10:47] [STEAM NETWORKING LOGFUNC] [#3493104832 P2P str:95502 vport 0 'Steam Connection User95502'] Got remote candidate 'candidate:2065026014 0 udp 2122063616 10.138.52.133 65484 typ host generation 0 ufrag sLo4V network-id 3 network-cost 10'
[DEBUG] 

[DEBUG] [2026-10-07 23:10:47] [SIGNAL] SEND SIGNAL!
[DEBUG] 

[DEBUG] [2026-10-07 23:10:47] [SIGNAL] GOT SIGNAL!
[DEBUG] 

[DEBUG] [2026-10-07 23:10:47] [SIGNAL] Signal User: 42684!
[DEBUG] 

[DEBUG] [2026-10-07 23:10:47] [SIGNAL] Signal Payload Size: 2087!
[DEBUG] 

[DEBUG] [2026-10-07 23:10:47] [0x170903640|https://api.playgenerals.online/env/prod/contract/1/ConnectionOutcome|Verb 0] Transfer is complete: 17 bytes total! Curl result is 0
[DEBUG] 

[DEBUG] [2026-10-07 23:10:47] [0x170903640|https://api.playgenerals.online/env/prod/contract/1/ConnectionOutcome|Verb 0] Response was 200 - {"success":false}!
[DEBUG] 

[DEBUG] [2026-10-07 23:10:47] [SIGNAL] PROCESS SIGNAL!
[DEBUG] 

[DEBUG] [2026-10-07 23:10:47] [STEAM NETWORKING LOGFUNC] [#392121347 P2P str:42684 vport 0 'Steam Connection User42684'] Got remote candidate 'candidate:1194888453 0 udp 2122262784 2a00:20:4285:310d:2cd7:6814:4212:87ae 55919 typ host generation 0 ufrag 5FYpV network-id 2 network-cost 10'
[DEBUG] 

[DEBUG] [2026-10-07 23:10:47] [STEAM NETWORKING LOGFUNC] [#392121347 P2P str:42684 vport 0 'Steam Connection User42684'] Got remote candidate 'candidate:2203781578 0 udp 2122197248 2a00:20:4285:310d:e56b:a581:a323:9a1d 55920 typ host generation 0 ufrag 5FYpV network-id 3 network-cost 10'
[DEBUG] 

[DEBUG] [2026-10-07 23:10:47] [STEAM NETWORKING LOGFUNC] [#392121347 P2P str:42684 vport 0 'Steam Connection User42684'] Got remote candidate 'candidate:1429267738 0 udp 2122131712 2a00:20:4294:5c0a:acb1:e01:ad71:d7c4 55921 typ host generation 0 ufrag 5FYpV network-id 4 network-cost 10'
[DEBUG] 

[DEBUG] [2026-10-07 23:10:47] [STEAM NETWORKING LOGFUNC] [#392121347 P2P str:42684 vport 0 'Steam Connection User42684'] Got remote candidate 'candidate:3261395629 0 udp 2122063616 10.219.87.108 55922 typ host generation 0 ufrag 5FYpV network-id 1 network-cost 10'
[DEBUG] 

[DEBUG] [2026-10-07 23:10:47] [STEAM NETWORKING LOGFUNC] [#392121347 P2P str:42684 vport 0 'Steam Connection User42684'] Got remote candidate 'candidate:1127019545 0 udp 1685856000 109.41.49.207 55922 typ srflx raddr 10.219.87.108 rport 55922 generation 0 ufrag 5FYpV network-id 1 network-cost 10'
[DEBUG] 

[DEBUG] [2026-10-07 23:10:47] [STEAM NETWORKING LOGFUNC] [#392121347 P2P str:42684 vport 0 'Steam Connection User42684'] Got remote candidate 'candidate:3028028155 0 udp 41885440 104.30.144.248 15395 typ relay raddr 2a00:20:4285:310d:2cd7:6814:4212:87ae rport 55919 generation 0 ufrag 5FYpV network-id 2 network-cost 10'
[DEBUG] 

[DEBUG] [2026-10-07 23:10:47] [STEAM NETWORKING LOGFUNC] [#392121347 P2P str:42684 vport 0 'Steam Connection User42684'] Got remote candidate 'candidate:302711119 0 udp 41819904 104.30.144.249 15195 typ relay raddr 2a00:20:4285:310d:e56b:a581:a323:9a1d rport 55920 generation 0 ufrag 5FYpV network-id 3 network-cost 10'
[DEBUG] 

[DEBUG] [2026-10-07 23:10:47] [STEAM NETWORKING LOGFUNC] [#392121347 P2P str:42684 vport 0 'Steam Connection User42684'] Got remote candidate 'candidate:302711119 0 udp 41885440 104.30.144.249 15824 typ relay raddr 2a00:20:4285:310d:2cd7:6814:4212:87ae rport 55919 generation 0 ufrag 5FYpV network-id 2 network-cost 10'
[DEBUG] 

[DEBUG] [2026-10-07 23:10:47] [STEAM NETWORKING LOGFUNC] [#392121347 P2P str:42684 vport 0 'Steam Connection User42684'] Got remote candidate 'candidate:3418385643 0 udp 41819904 104.30.150.197 20204 typ relay raddr 2a00:20:4285:310d:e56b:a581:a323:9a1d rport 55920 generation 0 ufrag 5FYpV network-id 3 network-cost 10'
[DEBUG] 

[DEBUG] [2026-10-07 23:10:47] [STEAM NETWORKING LOGFUNC] [#392121347 P2P str:42684 vport 0 'Steam Connection User42684'] Got remote candidate 'candidate:1840736095 0 udp 41688832 104.30.150.196 23304 typ relay raddr 109.41.49.207 rport 55922 generation 0 ufrag 5FYpV network-id 1 network-cost 10'
[DEBUG] 

[DEBUG] [2026-10-07 23:10:47] [STEAM NETWORKING LOGFUNC] [#392121347 P2P str:42684 vport 0 'Steam Connection User42684'] Got remote candidate 'candidate:3028028155 0 udp 41688832 104.30.144.248 17680 typ relay raddr 109.41.49.207 rport 55922 generation 0 ufrag 5FYpV network-id 1 network-cost 10'
[DEBUG] 

[DEBUG] [2026-10-07 23:10:47] [STEAM NETWORKING LOGFUNC] [#392121347 P2P str:42684 vport 0 'Steam Connection User42684'] Received ConnectOK in P2P Rendezvous.
[DEBUG] 

[DEBUG] [2026-10-07 23:10:47] [STEAM NETWORKING LOGFUNC] [#392121347 P2P str:42684 vport 0 'Steam Connection User42684'] finding route
[DEBUG] 

[DEBUG] [2026-10-07 23:10:47] [STEAM NETWORKING][#392121347 P2P str:42684 vport 0 'Steam Connection User42684'] finding route

[DEBUG] 

[DEBUG] [2026-10-07 23:10:47] [STEAM NETWORKING LOGFUNC] Waited 2.8ms for SteamNetworkingSockets lock [ServiceThread]
[DEBUG] 

[DEBUG] [2026-10-07 23:10:47] [SIGNAL] GOT SIGNAL!
[DEBUG] 

[DEBUG] [2026-10-07 23:10:47] [SIGNAL] Signal User: 128707!
[DEBUG] 

[DEBUG] [2026-10-07 23:10:47] [SIGNAL] Signal Payload Size: 38!
[DEBUG] 

[DEBUG] [2026-10-07 23:10:47] [SIGNAL] SEND SIGNAL!
[DEBUG] 

[DEBUG] [2026-10-07 23:10:47] [SIGNAL] PROCESS SIGNAL!
[DEBUG] 

[DEBUG] [2026-10-07 23:10:47] [SIGNAL] GOT SIGNAL!
[DEBUG] 

[DEBUG] [2026-10-07 23:10:47] [SIGNAL] Signal User: 13610!
[DEBUG] 

[DEBUG] [2026-10-07 23:10:47] [SIGNAL] Signal Payload Size: 829!
[DEBUG] 

[DEBUG] [2026-10-07 23:10:47] [SIGNAL] PROCESS SIGNAL!
[DEBUG] 

[DEBUG] [2026-10-07 23:10:47] [STEAM NETWORKING LOGFUNC] [#3075088674 P2P str:13610 vport 0 'Steam Connection User13610'] Got remote candidate 'candidate:2216212157 0 udp 1686052608 94.249.48.110 2062 typ srflx raddr 192.168.43.71 rport 64205 generation 0 ufrag HSU9B network-id 1 network-cost 10'
[DEBUG] 

[DEBUG] [2026-10-07 23:10:47] [STEAM NETWORKING LOGFUNC] [#3075088674 P2P str:13610 vport 0 'Steam Connection User13610'] Peer appears to be using 'ICE' transport as primary
[DEBUG] 

[DEBUG] [2026-10-07 23:10:47] [0x170940120|https://api.playgenerals.online/env/prod/contract/1/ConnectionOutcome|Verb 0] Transfer is complete: 17 bytes total! Curl result is 0
[DEBUG] 

[DEBUG] [2026-10-07 23:10:47] [0x170940120|https://api.playgenerals.online/env/prod/contract/1/ConnectionOutcome|Verb 0] Response was 200 - {"success":false}!
[DEBUG] 

[DEBUG] [2026-10-07 23:10:47] [0x170954ac0|https://api.playgenerals.online/env/prod/contract/1/ConnectionOutcome|Verb 0] Transfer is complete: 17 bytes total! Curl result is 0
[DEBUG] 

[DEBUG] [2026-10-07 23:10:47] [0x170954ac0|https://api.playgenerals.online/env/prod/contract/1/ConnectionOutcome|Verb 0] Response was 200 - {"success":false}!
[DEBUG] 

[DEBUG] [2026-10-07 23:10:47] [SIGNAL] SEND SIGNAL!
[DEBUG] 

[DEBUG] [2026-10-07 23:10:47] [SIGNAL] GOT SIGNAL!
[DEBUG] 

[DEBUG] [2026-10-07 23:10:47] [SIGNAL] Signal User: 42684!
[DEBUG] 

[DEBUG] [2026-10-07 23:10:47] [SIGNAL] Signal Payload Size: 634!
[DEBUG] 

[DEBUG] [2026-10-07 23:10:47] [SIGNAL] PROCESS SIGNAL!
[DEBUG] 

[DEBUG] [2026-10-07 23:10:47] [STEAM NETWORKING LOGFUNC] [#392121347 P2P str:42684 vport 0 'Steam Connection User42684'] Got remote candidate 'candidate:1194888453 0 udp 2122262784 2a00:20:4285:310d:2cd7:6814:4212:87ae 55925 typ host generation 0 ufrag 5FYpV network-id 2 network-cost 10'
[DEBUG] 

[DEBUG] [2026-10-07 23:10:47] [STEAM NETWORKING LOGFUNC] [#392121347 P2P str:42684 vport 0 'Steam Connection User42684'] Got remote candidate 'candidate:2203781578 0 udp 2122197248 2a00:20:4285:310d:e56b:a581:a323:9a1d 55926 typ host generation 0 ufrag 5FYpV network-id 3 network-cost 10'
[DEBUG] 

[DEBUG] [2026-10-07 23:10:47] [STEAM NETWORKING LOGFUNC] [#392121347 P2P str:42684 vport 0 'Steam Connection User42684'] Got remote candidate 'candidate:1429267738 0 udp 2122131712 2a00:20:4294:5c0a:acb1:e01:ad71:d7c4 55927 typ host generation 0 ufrag 5FYpV network-id 4 network-cost 10'
[DEBUG] 

[DEBUG] [2026-10-07 23:10:47] [STEAM NETWORKING LOGFUNC] [#392121347 P2P str:42684 vport 0 'Steam Connection User42684'] Got remote candidate 'candidate:3261395629 0 udp 2122063616 10.219.87.108 55928 typ host generation 0 ufrag 5FYpV network-id 1 network-cost 10'
[DEBUG] 

[DEBUG] [2026-10-07 23:10:47] [SIGNAL] SEND SIGNAL!
[DEBUG] 

[DEBUG] [2026-10-07 23:10:47] [0x1708dd7e0|https://api.playgenerals.online/env/prod/contract/1/ConnectionOutcome|Verb 0] Transfer is complete: 17 bytes total! Curl result is 0
[DEBUG] 

[DEBUG] [2026-10-07 23:10:47] [0x1708dd7e0|https://api.playgenerals.online/env/prod/contract/1/ConnectionOutcome|Verb 0] Response was 200 - {"success":false}!
[DEBUG] 

[DEBUG] [2026-10-07 23:10:47] [SIGNAL] GOT SIGNAL!
[DEBUG] 

[DEBUG] [2026-10-07 23:10:47] [SIGNAL] Signal User: 95502!
[DEBUG] 

[DEBUG] [2026-10-07 23:10:47] [SIGNAL] Signal Payload Size: 2588!
[DEBUG] 

[DEBUG] [2026-10-07 23:10:47] [0x1709094c0|https://api.playgenerals.online/env/prod/contract/1/Lobby/67791|Verb 0] Transfer is complete: 2220 bytes total! Curl result is 0
[DEBUG] 

[DEBUG] [2026-10-07 23:10:47] [0x1709094c0|https://api.playgenerals.online/env/prod/contract/1/Lobby/67791|Verb 0] Response was 200 - {"lobby":{"LobbyID":67791,"Owner":128707,"Name":"[EU][⛊] Yalla habibi","State":0,"MapName":"Death Valley (8)","MapPath":"death valley\\death valley.map","IsMapOfficial":true,"MatchID":0,"TimeCreated":"2026-10-07T18:06:29.1742229Z","NumCurrentPlayers":8,"MaxPlayers":8,"IsVanillaTeamsOnly":false,"StartingCash":10000,"IsLimitSuperweapons":true,"IsTrackingStats":true,"IsPassworded":false,"AllowObservers":true,"ExeCRC":560676586,"IniCRC":2180732466,"NetworkRoomID":1,"RNGSeed":<redacted>,"LobbyType":0,"MatchedUserIDs":[],"Region":"Europe","EstimatedLatency":999999,"MaximumCameraHeight":410,"Members":[{"UserID":128707,"DisplayName":"OCB2026","IsReady":true,"Port":0,"Side":-1,"Team":0,"Color":2,"StartingPosition":0,"HasMap":true,"SlotState":5,"SlotIndex":0,"Region":"Europe","MiddlewareUserID":""},{"UserID":122041,"DisplayName":"G@Li","IsReady":false,"Port":0,"Side":-1,"Team":0,"Color":5,"StartingPosition":3,"HasMap":true,"SlotState":5,"SlotIndex":1,"Region":"Asia","MiddlewareUserID":""},{"UserID":127223,"DisplayName":"76561198635113942","IsReady":false,"Port":0,"Side":8,"Team":-1,"Color":1,"StartingPosition":7,"HasMap":true,"SlotState":5,"SlotIndex":2,"Region":"Asia","MiddlewareUserID":""},{"UserID":129336,"DisplayName":"weyva","IsReady":false,"Port":0,"Side":-1,"Team":-1,"Color":-1,"StartingPosition":-1,"HasMap":true,"SlotState":5,"SlotIndex":3,"Region":"Asia","MiddlewareUserID":""},{"UserID":122368,"DisplayName":"zer0$","IsReady":false,"Port":0,"Side":-1,"Team":0,"Color":6,"StartingPosition":-1,"HasMap":true,"SlotState":5,"SlotIndex":4,"Region":"Europe","MiddlewareUserID":""},{"UserID":95502,"DisplayName":"haithamhtoo","IsReady":false,"Port":0,"Side":-1,"Team":1,"Color":-1,"StartingPosition":4,"HasMap":true,"SlotState":5,"SlotIndex":5,"Region":"Europe","MiddlewareUserID":""},{"UserID":13610,"DisplayName":"belal mirai","IsReady":false,"Port":0,"Side":-1,"Team":0,"Color":4,"StartingPosition":2,"HasMap":true,"SlotState":5,"SlotIndex":6,"Region":"Asia","MiddlewareUserID":""},{"UserID":42684,"DisplayName":"shadelolo","IsReady":false,"Port":0,"Side":-1,"Team":0,"Color":-1,"StartingPosition":1,"HasMap":true,"SlotState":5,"SlotIndex":7,"Region":"Europe","MiddlewareUserID":""}],"AnticheatID":0}}!
[DEBUG] 

[DEBUG] [2026-10-07 23:10:47] [SIGNAL] PROCESS SIGNAL!
[DEBUG] 

[DEBUG] [2026-10-07 23:10:47] [STEAM NETWORKING LOGFUNC] [#3493104832 P2P str:95502 vport 0 'Steam Connection User95502'] Got remote candidate 'candidate:4200451434 0 udp 1685856000 188.229.215.117 63178 typ srflx raddr 10.138.52.133 rport 65484 generation 0 ufrag sLo4V network-id 3 network-cost 10'
[DEBUG] 

[DEBUG] [2026-10-07 23:10:47] [STEAM NETWORKING LOGFUNC] [#3493104832 P2P str:95502 vport 0 'Steam Connection User95502'] Got remote candidate 'candidate:4200451434 0 udp 1685856000 188.229.215.117 63179 typ srflx raddr 10.138.52.133 rport 65484 generation 0 ufrag sLo4V network-id 3 network-cost 10'
[DEBUG] 

[DEBUG] [2026-10-07 23:10:47] [STEAM NETWORKING LOGFUNC] [#3493104832 P2P str:95502 vport 0 'Steam Connection User95502'] Got remote candidate 'candidate:4200451434 0 udp 1685856000 188.229.215.117 63181 typ srflx raddr 10.138.52.133 rport 65484 generation 0 ufrag sLo4V network-id 3 network-cost 10'
[DEBUG] 

[DEBUG] [2026-10-07 23:10:47] [SIGNAL] GOT SIGNAL!
[DEBUG] 

[DEBUG] [2026-10-07 23:10:47] [SIGNAL] Signal User: 13610!
[DEBUG] 

[DEBUG] [2026-10-07 23:10:47] [SIGNAL] Signal Payload Size: 990!
[DEBUG] 

[DEBUG] [2026-10-07 23:10:47] [SIGNAL] SEND SIGNAL!
[DEBUG] 

[DEBUG] [2026-10-07 23:10:47] [SIGNAL] PROCESS SIGNAL!
[DEBUG] 

[DEBUG] [2026-10-07 23:10:47] [STEAM NETWORKING LOGFUNC] [#3075088674 P2P ICE str:13610 vport 0 'Steam Connection User13610'] Got remote candidate 'candidate:382863347 0 udp 41885440 104.30.148.54 52039 typ relay raddr 94.249.48.110 rport 2062 generation 0 ufrag HSU9B network-id 1 network-cost 10'
[DEBUG] 

[DEBUG] [2026-10-07 23:10:47] [SIGNAL] SEND SIGNAL!
[DEBUG] 

[DEBUG] [2026-10-07 23:10:47] [SIGNAL] SEND SIGNAL!
[DEBUG] 

[DEBUG] [2026-10-07 23:10:47] [SIGNAL] GOT SIGNAL!
[DEBUG] 

[DEBUG] [2026-10-07 23:10:47] [SIGNAL] Signal User: 95502!
[DEBUG] 

[DEBUG] [2026-10-07 23:10:47] [SIGNAL] Signal Payload Size: 2922!
[DEBUG] 

[DEBUG] [2026-10-07 23:10:47] [SIGNAL] PROCESS SIGNAL!
[DEBUG] 

[DEBUG] [2026-10-07 23:10:47] [STEAM NETWORKING LOGFUNC] [#3493104832 P2P str:95502 vport 0 'Steam Connection User95502'] Got remote candidate 'candidate:4200451434 0 udp 1685856000 188.229.215.117 63180 typ srflx raddr 10.138.52.133 rport 65484 generation 0 ufrag sLo4V network-id 3 network-cost 10'
[DEBUG] 

[DEBUG] [2026-10-07 23:10:47] [STEAM NETWORKING LOGFUNC] [#3493104832 P2P str:95502 vport 0 'Steam Connection User95502'] Got remote candidate 'candidate:4200451434 0 udp 1685856000 188.229.215.117 63182 typ srflx raddr 10.138.52.133 rport 65484 generation 0 ufrag sLo4V network-id 3 network-cost 10'
[DEBUG] 

[DEBUG] [2026-10-07 23:10:47] [SIGNAL] SEND SIGNAL!
[DEBUG] 

[DEBUG] [2026-10-07 23:10:47] [STEAM NETWORKING LOGFUNC] [#392121347 P2P str:42684 vport 0 'Steam Connection User42684'] Peer appears to be using 'ICE' transport as primary
[DEBUG] 

[DEBUG] [2026-10-07 23:10:47] [SIGNAL] GOT SIGNAL!
[DEBUG] 

[DEBUG] [2026-10-07 23:10:47] [SIGNAL] Signal User: 42684!
[DEBUG] 

[DEBUG] [2026-10-07 23:10:47] [SIGNAL] Signal Payload Size: 2847!
[DEBUG] 

[DEBUG] [2026-10-07 23:10:47] [SIGNAL] PROCESS SIGNAL!
[DEBUG] 

[DEBUG] [2026-10-07 23:10:47] [STEAM NETWORKING LOGFUNC] [#392121347 P2P str:42684 vport 0 'Steam Connection User42684'] Got remote candidate 'candidate:1127019545 0 udp 1685856000 109.41.49.207 55928 typ srflx raddr 10.219.87.108 rport 55928 generation 0 ufrag 5FYpV network-id 1 network-cost 10'
[DEBUG] 

[DEBUG] [2026-10-07 23:10:47] [SIGNAL] GOT SIGNAL!
[DEBUG] 

[DEBUG] [2026-10-07 23:10:47] [SIGNAL] Signal User: 95502!
[DEBUG] 

[DEBUG] [2026-10-07 23:10:47] [SIGNAL] Signal Payload Size: 369!
[DEBUG] 

[DEBUG] [2026-10-07 23:10:47] [SIGNAL] SEND SIGNAL!
[DEBUG] 

[DEBUG] [2026-10-07 23:10:47] [SIGNAL] PROCESS SIGNAL!
[DEBUG] 

[DEBUG] [2026-10-07 23:10:47] [STEAM NETWORKING LOGFUNC] [#3493104832 P2P str:95502 vport 0 'Steam Connection User95502'] Got remote candidate 'candidate:3408937305 0 udp 41688832 104.30.149.30 63626 typ relay raddr 188.229.215.117 rport 63179 generation 0 ufrag sLo4V network-id 3 network-cost 10'
[DEBUG] 

[DEBUG] [2026-10-07 23:10:47] [STEAM NETWORKING LOGFUNC] [#3493104832 P2P str:95502 vport 0 'Steam Connection User95502'] Got remote candidate 'candidate:466681009 0 udp 41688832 104.30.145.188 61964 typ relay raddr 188.229.215.117 rport 63181 generation 0 ufrag sLo4V network-id 3 network-cost 10'
[DEBUG] 

[DEBUG] [2026-10-07 23:10:48] [SIGNAL] GOT SIGNAL!
[DEBUG] 

[DEBUG] [2026-10-07 23:10:48] [SIGNAL] Signal User: 122041!
[DEBUG] 

[DEBUG] [2026-10-07 23:10:48] [SIGNAL] Signal Payload Size: 644!
[DEBUG] 

[DEBUG] [2026-10-07 23:10:48] [SIGNAL] SEND SIGNAL!
[DEBUG] 

[DEBUG] [2026-10-07 23:10:48] [SIGNAL] PROCESS SIGNAL!
[DEBUG] 

[DEBUG] [2026-10-07 23:10:48] [STEAM NETWORKING LOGFUNC] [#3493104832 P2P str:95502 vport 0 'Steam Connection User95502'] Peer appears to be using 'ICE' transport as primary
[DEBUG] 

[DEBUG] [2026-10-07 23:10:48] [SIGNAL] GOT SIGNAL!
[DEBUG] 

[DEBUG] [2026-10-07 23:10:48] [SIGNAL] Signal User: 42684!
[DEBUG] 

[DEBUG] [2026-10-07 23:10:48] [SIGNAL] Signal Payload Size: 1117!
[DEBUG] 

[DEBUG] [2026-10-07 23:10:48] [SIGNAL] SEND SIGNAL!
[DEBUG] 

[DEBUG] [2026-10-07 23:10:48] [SIGNAL] SEND SIGNAL!
[DEBUG] 

[DEBUG] [2026-10-07 23:10:48] [SIGNAL] PROCESS SIGNAL!
[DEBUG] 

[DEBUG] [2026-10-07 23:10:48] [STEAM NETWORKING LOGFUNC] [#392121347 P2P str:42684 vport 0 'Steam Connection User42684'] Got remote candidate 'candidate:3440180839 0 udp 41819904 104.30.148.113 48309 typ relay raddr 2a00:20:4285:310d:e56b:a581:a323:9a1d rport 55926 generation 0 ufrag 5FYpV network-id 3 network-cost 10'
[DEBUG] 

[DEBUG] [2026-10-07 23:10:48] [STEAM NETWORKING LOGFUNC] [#392121347 P2P str:42684 vport 0 'Steam Connection User42684'] Got remote candidate 'candidate:1840736095 0 udp 41885440 104.30.150.196 19922 typ relay raddr 2a00:20:4285:310d:2cd7:6814:4212:87ae rport 55925 generation 0 ufrag 5FYpV network-id 2 network-cost 10'
[DEBUG] 

[DEBUG] [2026-10-07 23:10:48] [STEAM NETWORKING LOGFUNC] [#392121347 P2P str:42684 vport 0 'Steam Connection User42684'] Got remote candidate 'candidate:3166113576 0 udp 41688832 104.30.149.195 35301 typ relay raddr 109.41.49.207 rport 55928 generation 0 ufrag 5FYpV network-id 1 network-cost 10'
[DEBUG] 

[DEBUG] [2026-10-07 23:10:48] [STEAM NETWORKING LOGFUNC] [#392121347 P2P str:42684 vport 0 'Steam Connection User42684'] Got remote candidate 'candidate:302711119 0 udp 41819904 104.30.144.249 11622 typ relay raddr 2a00:20:4285:310d:e56b:a581:a323:9a1d rport 55926 generation 0 ufrag 5FYpV network-id 3 network-cost 10'
[DEBUG] 

[DEBUG] [2026-10-07 23:10:48] [STEAM NETWORKING LOGFUNC] [#392121347 P2P str:42684 vport 0 'Steam Connection User42684'] Got remote candidate 'candidate:1840736095 0 udp 41885440 104.30.150.196 24778 typ relay raddr 2a00:20:4285:310d:2cd7:6814:4212:87ae rport 55925 generation 0 ufrag 5FYpV network-id 2 network-cost 10'
[DEBUG] 

[DEBUG] [2026-10-07 23:10:48] [STEAM NETWORKING LOGFUNC] [#392121347 P2P str:42684 vport 0 'Steam Connection User42684'] Got remote candidate 'candidate:302711119 0 udp 41688832 104.30.144.249 55919 typ relay raddr 109.41.49.207 rport 55928 generation 0 ufrag 5FYpV network-id 1 network-cost 10'
[DEBUG] 

[DEBUG] [2026-10-07 23:10:48] [SIGNAL] GOT SIGNAL!
[DEBUG] 

[DEBUG] [2026-10-07 23:10:48] [SIGNAL] Signal User: 128707!
[DEBUG] 

[DEBUG] [2026-10-07 23:10:48] [SIGNAL] Signal Payload Size: 826!
[DEBUG] 

[DEBUG] [2026-10-07 23:10:48] [SIGNAL] PROCESS SIGNAL!
[DEBUG] 

[DEBUG] [2026-10-07 23:10:48] [SIGNAL] GOT SIGNAL!
[DEBUG] 

[DEBUG] [2026-10-07 23:10:48] [SIGNAL] Signal User: 127223!
[DEBUG] 

[DEBUG] [2026-10-07 23:10:48] [SIGNAL] Signal Payload Size: 814!
[DEBUG] 

[DEBUG] [2026-10-07 23:10:48] [SIGNAL] SEND SIGNAL!
[DEBUG] 

[DEBUG] [2026-10-07 23:10:48] [SIGNAL] PROCESS SIGNAL!
[DEBUG] 

[DEBUG] [2026-10-07 23:10:48] [STEAM NETWORKING LOGFUNC] [#3025447733 P2P ICE str:127223 vport 0 'Steam Connection User127223'] connected
[DEBUG] 

[DEBUG] [2026-10-07 23:10:48] [SIGNAL] SEND SIGNAL!
[DEBUG] 

[DEBUG] [2026-10-07 23:10:48] [SIGNAL] SEND SIGNAL!
[DEBUG] 

[DEBUG] [2026-10-07 23:10:48] [STEAM NETWORKING][#3025447733 P2P ICE str:127223 vport 0 'Steam Connection User127223'] connected

[DEBUG] 

[DEBUG] [2026-10-07 23:10:48] [CONNECTION FLAGS]: has k_nSteamNetworkConnectionInfoFlags_Unauthenticated
[DEBUG] 

[DEBUG] [2026-10-07 23:10:48] [MESH] Connected to user 127223 in 3224 ms (Relayed, signalling attempt 1)
[DEBUG] 

[DEBUG] [2026-10-07 23:10:48] [SIGNAL] GOT SIGNAL!
[DEBUG] 

[DEBUG] [2026-10-07 23:10:48] [SIGNAL] Signal User: 122368!
[DEBUG] 

[DEBUG] [2026-10-07 23:10:48] [SIGNAL] Signal Payload Size: 1294!
[DEBUG] 

[DEBUG] [2026-10-07 23:10:48] [SIGNAL] PROCESS SIGNAL!
[DEBUG] 

[DEBUG] [2026-10-07 23:10:48] [SIGNAL] GOT SIGNAL!
[DEBUG] 

[DEBUG] [2026-10-07 23:10:48] [SIGNAL] Signal User: 122041!
[DEBUG] 

[DEBUG] [2026-10-07 23:10:48] [SIGNAL] Signal Payload Size: 644!
[DEBUG] 

[DEBUG] [2026-10-07 23:10:48] [SIGNAL] SEND SIGNAL!
[DEBUG] 

[DEBUG] [2026-10-07 23:10:48] [SIGNAL] PROCESS SIGNAL!
[DEBUG] 

[DEBUG] [2026-10-07 23:10:48] [SIGNAL] GOT SIGNAL!
[DEBUG] 

[DEBUG] [2026-10-07 23:10:48] [SIGNAL] Signal User: 13610!
[DEBUG] 

[DEBUG] [2026-10-07 23:10:48] [SIGNAL] Signal Payload Size: 806!
[DEBUG] 

[DEBUG] [2026-10-07 23:10:48] [SIGNAL] SEND SIGNAL!
[DEBUG] 

[DEBUG] [2026-10-07 23:10:48] [SIGNAL] PROCESS SIGNAL!
[DEBUG] 

[DEBUG] [2026-10-07 23:10:48] [SIGNAL] SEND SIGNAL!
[DEBUG] 

[DEBUG] [2026-10-07 23:10:48] [STEAM NETWORKING LOGFUNC] [#3075088674 P2P ICE str:13610 vport 0 'Steam Connection User13610'] connected
[DEBUG] 

[DEBUG] [2026-10-07 23:10:48] [STEAM NETWORKING][#3075088674 P2P ICE str:13610 vport 0 'Steam Connection User13610'] connected

[DEBUG] 

[DEBUG] [2026-10-07 23:10:48] [CONNECTION FLAGS]: has k_nSteamNetworkConnectionInfoFlags_Unauthenticated
[DEBUG] 

[DEBUG] [2026-10-07 23:10:48] [MESH] Connected to user 13610 in 3161 ms (Relayed, signalling attempt 1)
[DEBUG] 

[DEBUG] [2026-10-07 23:10:48] [SIGNAL] GOT SIGNAL!
[DEBUG] 

[DEBUG] [2026-10-07 23:10:48] [SIGNAL] Signal User: 95502!
[DEBUG] 

[DEBUG] [2026-10-07 23:10:48] [SIGNAL] Signal Payload Size: 3068!
[DEBUG] 

[DEBUG] [2026-10-07 23:10:48] [SIGNAL] PROCESS SIGNAL!
[DEBUG] 

[DEBUG] [2026-10-07 23:10:48] [SIGNAL] SEND SIGNAL!
[DEBUG] 

[DEBUG] [2026-10-07 23:10:48] [SIGNAL] GOT SIGNAL!
[DEBUG] 

[DEBUG] [2026-10-07 23:10:48] [SIGNAL] Signal User: 42684!
[DEBUG] 

[DEBUG] [2026-10-07 23:10:48] [SIGNAL] Signal Payload Size: 3741!
[DEBUG] 

[DEBUG] [2026-10-07 23:10:48] [SIGNAL] PROCESS SIGNAL!
[DEBUG] 

[DEBUG] [2026-10-07 23:10:48] [SIGNAL] GOT SIGNAL!
[DEBUG] 

[DEBUG] [2026-10-07 23:10:48] [SIGNAL] Signal User: 122041!
[DEBUG] 

[DEBUG] [2026-10-07 23:10:48] [SIGNAL] Signal Payload Size: 644!
[DEBUG] 

[DEBUG] [2026-10-07 23:10:48] [SIGNAL] SEND SIGNAL!
[DEBUG] 

[DEBUG] [2026-10-07 23:10:48] [SIGNAL] PROCESS SIGNAL!
[DEBUG] 

[DEBUG] [2026-10-07 23:10:48] [0x170837340|https://api.playgenerals.online/env/prod/contract/1/ConnectionOutcome|Verb 0] Transfer is complete: 17 bytes total! Curl result is 0
[DEBUG] 

[DEBUG] [2026-10-07 23:10:48] [0x170837340|https://api.playgenerals.online/env/prod/contract/1/ConnectionOutcome|Verb 0] Response was 200 - {"success":false}!
[DEBUG] 

[DEBUG] [2026-10-07 23:10:48] [SIGNAL] SEND SIGNAL!
[DEBUG] 

[DEBUG] [2026-10-07 23:10:48] [STEAM NETWORKING LOGFUNC] [#1907272017 P2P ICE str:128707 vport 0 'Steam Connection User128707'] Peer appears to be using 'ICE' transport as primary
[DEBUG] 

[DEBUG] [2026-10-07 23:10:48] [STEAM NETWORKING LOGFUNC] [#1907272017 P2P ICE str:128707 vport 0 'Steam Connection User128707'] connected
[DEBUG] 

[DEBUG] [2026-10-07 23:10:48] [0x1709314e0|https://api.playgenerals.online/env/prod/contract/1/ConnectionOutcome|Verb 0] Transfer is complete: 17 bytes total! Curl result is 0
[DEBUG] 

[DEBUG] [2026-10-07 23:10:48] [0x1709314e0|https://api.playgenerals.online/env/prod/contract/1/ConnectionOutcome|Verb 0] Response was 200 - {"success":false}!
[DEBUG] 

[DEBUG] [2026-10-07 23:10:48] [SIGNAL] SEND SIGNAL!
[DEBUG] 

[DEBUG] [2026-10-07 23:10:48] [STEAM NETWORKING][#1907272017 P2P ICE str:128707 vport 0 'Steam Connection User128707'] connected

[DEBUG] 

[DEBUG] [2026-10-07 23:10:48] [CONNECTION FLAGS]: has k_nSteamNetworkConnectionInfoFlags_Unauthenticated
[DEBUG] 

[DEBUG] [2026-10-07 23:10:48] [MESH] Connected to user 128707 in 3872 ms (Relayed, signalling attempt 1)
[DEBUG] 

[DEBUG] [2026-10-07 23:10:48] [SIGNAL] GOT SIGNAL!
[DEBUG] 

[DEBUG] [2026-10-07 23:10:48] [SIGNAL] Signal User: 42684!
[DEBUG] 

[DEBUG] [2026-10-07 23:10:48] [SIGNAL] Signal Payload Size: 3925!
[DEBUG] 

[DEBUG] [2026-10-07 23:10:48] [SIGNAL] PROCESS SIGNAL!
[DEBUG] 

[DEBUG] [2026-10-07 23:10:48] [STEAM NETWORKING LOGFUNC] [#392121347 P2P ICE str:42684 vport 0 'Steam Connection User42684'] connected
[DEBUG] 

[DEBUG] [2026-10-07 23:10:48] [SIGNAL] GOT SIGNAL!
[DEBUG] 

[DEBUG] [2026-10-07 23:10:48] [SIGNAL] Signal User: 128707!
[DEBUG] 

[DEBUG] [2026-10-07 23:10:48] [SIGNAL] Signal Payload Size: 826!
[DEBUG] 

[DEBUG] [2026-10-07 23:10:48] [SIGNAL] SEND SIGNAL!
[DEBUG] 

[DEBUG] [2026-10-07 23:10:48] [SIGNAL] PROCESS SIGNAL!
[DEBUG] 

[DEBUG] [2026-10-07 23:10:48] [STEAM NETWORKING][#392121347 P2P ICE str:42684 vport 0 'Steam Connection User42684'] connected

[DEBUG] 

[DEBUG] [2026-10-07 23:10:48] [CONNECTION FLAGS]: has k_nSteamNetworkConnectionInfoFlags_Unauthenticated
[DEBUG] 

[DEBUG] [2026-10-07 23:10:48] [MESH] Connected to user 42684 in 3549 ms (Relayed, signalling attempt 1)
[DEBUG] 

[DEBUG] [2026-10-07 23:10:48] [SIGNAL] GOT SIGNAL!
[DEBUG] 

[DEBUG] [2026-10-07 23:10:48] [SIGNAL] Signal User: 127223!
[DEBUG] 

[DEBUG] [2026-10-07 23:10:48] [SIGNAL] Signal Payload Size: 814!
[DEBUG] 

[DEBUG] [2026-10-07 23:10:48] [SIGNAL] SEND SIGNAL!
[DEBUG] 

[DEBUG] [2026-10-07 23:10:48] [SIGNAL] PROCESS SIGNAL!
[DEBUG] 

[DEBUG] [2026-10-07 23:10:48] [0x1709314e0|https://api.playgenerals.online/env/prod/contract/1/ConnectionOutcome|Verb 0] Transfer is complete: 17 bytes total! Curl result is 0
[DEBUG] 

[DEBUG] [2026-10-07 23:10:48] [0x1709314e0|https://api.playgenerals.online/env/prod/contract/1/ConnectionOutcome|Verb 0] Response was 200 - {"success":false}!
[DEBUG] 

[DEBUG] [2026-10-07 23:10:48] [SIGNAL] SEND SIGNAL!
[DEBUG] 

[DEBUG] [2026-10-07 23:10:49] [SIGNAL] GOT SIGNAL!
[DEBUG] 

[DEBUG] [2026-10-07 23:10:49] [SIGNAL] Signal User: 122368!
[DEBUG] 

[DEBUG] [2026-10-07 23:10:49] [SIGNAL] Signal Payload Size: 1294!
[DEBUG] 

[DEBUG] [2026-10-07 23:10:49] [SIGNAL] PROCESS SIGNAL!
[DEBUG] 

[DEBUG] [2026-10-07 23:10:49] [SIGNAL] GOT SIGNAL!
[DEBUG] 

[DEBUG] [2026-10-07 23:10:49] [SIGNAL] Signal User: 122041!
[DEBUG] 

[DEBUG] [2026-10-07 23:10:49] [SIGNAL] Signal Payload Size: 644!
[DEBUG] 

[DEBUG] [2026-10-07 23:10:49] [SIGNAL] SEND SIGNAL!
[DEBUG] 

[DEBUG] [2026-10-07 23:10:49] [SIGNAL] PROCESS SIGNAL!
[DEBUG] 

[DEBUG] [2026-10-07 23:10:49] [SIGNAL] GOT SIGNAL!
[DEBUG] 

[DEBUG] [2026-10-07 23:10:49] [SIGNAL] Signal User: 13610!
[DEBUG] 

[DEBUG] [2026-10-07 23:10:49] [SIGNAL] Signal Payload Size: 806!
[DEBUG] 

[DEBUG] [2026-10-07 23:10:49] [0x170946c00|https://api.playgenerals.online/env/prod/contract/1/ConnectionOutcome|Verb 0] Transfer is complete: 17 bytes total! Curl result is 0
[DEBUG] 

[DEBUG] [2026-10-07 23:10:49] [0x170946c00|https://api.playgenerals.online/env/prod/contract/1/ConnectionOutcome|Verb 0] Response was 200 - {"success":false}!
[DEBUG] 

[DEBUG] [2026-10-07 23:10:49] [SIGNAL] SEND SIGNAL!
[DEBUG] 

[DEBUG] [2026-10-07 23:10:49] [SIGNAL] PROCESS SIGNAL!
[DEBUG] 

[DEBUG] [2026-10-07 23:10:49] [SIGNAL] SEND SIGNAL!
[DEBUG] 

[DEBUG] [2026-10-07 23:10:49] [SIGNAL] GOT SIGNAL!
[DEBUG] 

[DEBUG] [2026-10-07 23:10:49] [SIGNAL] Signal User: 95502!
[DEBUG] 

[DEBUG] [2026-10-07 23:10:49] [SIGNAL] Signal Payload Size: 3068!
[DEBUG] 

[DEBUG] [2026-10-07 23:10:49] [SIGNAL] PROCESS SIGNAL!
[DEBUG] 

[DEBUG] [2026-10-07 23:10:49] [SIGNAL] GOT SIGNAL!
[DEBUG] 

[DEBUG] [2026-10-07 23:10:49] [SIGNAL] Signal User: 122041!
[DEBUG] 

[DEBUG] [2026-10-07 23:10:49] [SIGNAL] Signal Payload Size: 644!
[DEBUG] 

[DEBUG] [2026-10-07 23:10:49] [SIGNAL] SEND SIGNAL!
[DEBUG] 

[DEBUG] [2026-10-07 23:10:49] [SIGNAL] PROCESS SIGNAL!
[DEBUG] 

[DEBUG] [2026-10-07 23:10:49] [SIGNAL] SEND SIGNAL!
[DEBUG] 

[DEBUG] [2026-10-07 23:10:49] [SIGNAL] GOT SIGNAL!
[DEBUG] 

[DEBUG] [2026-10-07 23:10:49] [SIGNAL] Signal User: 42684!
[DEBUG] 

[DEBUG] [2026-10-07 23:10:49] [SIGNAL] Signal Payload Size: 3741!
[DEBUG] 

[DEBUG] [2026-10-07 23:10:49] [SIGNAL] PROCESS SIGNAL!
[DEBUG] 

[DEBUG] [2026-10-07 23:10:49] [STEAM NETWORKING LOGFUNC] [#3493104832 P2P ICE str:95502 vport 0 'Steam Connection User95502'] connected
[DEBUG] 

[DEBUG] [2026-10-07 23:10:49] [SIGNAL] GOT SIGNAL!
[DEBUG] 

[DEBUG] [2026-10-07 23:10:49] [SIGNAL] Signal User: 128707!
[DEBUG] 

[DEBUG] [2026-10-07 23:10:49] [SIGNAL] Signal Payload Size: 38!
[DEBUG] 

[DEBUG] [2026-10-07 23:10:49] [SIGNAL] SEND SIGNAL!
[DEBUG] 

[DEBUG] [2026-10-07 23:10:49] [SIGNAL] PROCESS SIGNAL!
[DEBUG] 

[DEBUG] [2026-10-07 23:10:49] [STEAM NETWORKING][#3493104832 P2P ICE str:95502 vport 0 'Steam Connection User95502'] connected

[DEBUG] 

[DEBUG] [2026-10-07 23:10:49] [CONNECTION FLAGS]: has k_nSteamNetworkConnectionInfoFlags_Unauthenticated
[DEBUG] 

[DEBUG] [2026-10-07 23:10:49] [MESH] Connected to user 95502 in 4278 ms (Relayed, signalling attempt 1)
[DEBUG] 

[DEBUG] [2026-10-07 23:10:49] [SIGNAL] GOT SIGNAL!
[DEBUG] 

[DEBUG] [2026-10-07 23:10:49] [SIGNAL] Signal User: 122368!
[DEBUG] 

[DEBUG] [2026-10-07 23:10:49] [SIGNAL] Signal Payload Size: 1480!
[DEBUG] 

[DEBUG] [2026-10-07 23:10:49] [SIGNAL] PROCESS SIGNAL!
[DEBUG] 

[DEBUG] [2026-10-07 23:10:49] [SIGNAL] GOT SIGNAL!
[DEBUG] 

[DEBUG] [2026-10-07 23:10:49] [SIGNAL] Signal User: 127223!
[DEBUG] 

[DEBUG] [2026-10-07 23:10:49] [SIGNAL] Signal Payload Size: 1000!
[DEBUG] 

[DEBUG] [2026-10-07 23:10:49] [SIGNAL] SEND SIGNAL!
[DEBUG] 

[DEBUG] [2026-10-07 23:10:49] [SIGNAL] PROCESS SIGNAL!
[DEBUG] 

[DEBUG] [2026-10-07 23:10:49] [SIGNAL] GOT SIGNAL!
[DEBUG] 

[DEBUG] [2026-10-07 23:10:49] [SIGNAL] Signal User: 128707!
[DEBUG] 

[DEBUG] [2026-10-07 23:10:49] [SIGNAL] Signal Payload Size: 38!
[DEBUG] 

[DEBUG] [2026-10-07 23:10:49] [SIGNAL] SEND SIGNAL!
[DEBUG] 

[DEBUG] [2026-10-07 23:10:49] [SIGNAL] PROCESS SIGNAL!
[DEBUG] 

[DEBUG] [2026-10-07 23:10:49] [SIGNAL] GOT SIGNAL!
[DEBUG] 

[DEBUG] [2026-10-07 23:10:49] [SIGNAL] Signal User: 95502!
[DEBUG] 

[DEBUG] [2026-10-07 23:10:49] [SIGNAL] Signal Payload Size: 3252!
[DEBUG] 

[DEBUG] [2026-10-07 23:10:49] [0x1708ae860|https://api.playgenerals.online/env/prod/contract/1/ConnectionOutcome|Verb 0] Transfer is complete: 17 bytes total! Curl result is 0
[DEBUG] 

[DEBUG] [2026-10-07 23:10:49] [0x1708ae860|https://api.playgenerals.online/env/prod/contract/1/ConnectionOutcome|Verb 0] Response was 200 - {"success":false}!
[DEBUG] 

[DEBUG] [2026-10-07 23:10:49] [SIGNAL] PROCESS SIGNAL!
[DEBUG] 

[DEBUG] [2026-10-07 23:10:49] [STEAM NETWORKING LOGFUNC] [#1275375511 P2P ICE str:122041 vport 0 'Steam Connection User122041'] Peer appears to be using 'ICE' transport as primary
[DEBUG] 

[DEBUG] [2026-10-07 23:10:49] [SIGNAL] SEND SIGNAL!
[DEBUG] 

[DEBUG] [2026-10-07 23:10:49] [STEAM NETWORKING LOGFUNC] [#1275375511 P2P ICE str:122041 vport 0 'Steam Connection User122041'] connected
[DEBUG] 

[DEBUG] [2026-10-07 23:10:49] [SIGNAL] GOT SIGNAL!
[DEBUG] 

[DEBUG] [2026-10-07 23:10:49] [SIGNAL] Signal User: 122041!
[DEBUG] 

[DEBUG] [2026-10-07 23:10:49] [SIGNAL] Signal Payload Size: 644!
[DEBUG] 

[DEBUG] [2026-10-07 23:10:49] [SIGNAL] PROCESS SIGNAL!
[DEBUG] 

[DEBUG] [2026-10-07 23:10:49] [STEAM NETWORKING][#1275375511 P2P ICE str:122041 vport 0 'Steam Connection User122041'] connected

[DEBUG] 

[DEBUG] [2026-10-07 23:10:49] [CONNECTION FLAGS]: has k_nSteamNetworkConnectionInfoFlags_Unauthenticated
[DEBUG] 

[DEBUG] [2026-10-07 23:10:49] [MESH] Connected to user 122041 in 4820 ms (Relayed, signalling attempt 1)
[DEBUG] 

[DEBUG] [2026-10-07 23:10:49] [SIGNAL] SEND SIGNAL!
[DEBUG] 

[DEBUG] [2026-10-07 23:10:49] [0x1709101e0|https://api.playgenerals.online/env/prod/contract/1/Lobby/67791|Verb 0] Transfer is complete: 2205 bytes total! Curl result is 0
[DEBUG] 

[DEBUG] [2026-10-07 23:10:49] [0x1709101e0|https://api.playgenerals.online/env/prod/contract/1/Lobby/67791|Verb 0] Response was 200 - {"lobby":{"LobbyID":67791,"Owner":128707,"Name":"[EU][⛊] Yalla habibi","State":0,"MapName":"Death Valley (8)","MapPath":"death valley\\death valley.map","IsMapOfficial":true,"MatchID":0,"TimeCreated":"2026-10-07T18:06:29.1742229Z","NumCurrentPlayers":7,"MaxPlayers":8,"IsVanillaTeamsOnly":false,"StartingCash":10000,"IsLimitSuperweapons":true,"IsTrackingStats":true,"IsPassworded":false,"AllowObservers":true,"ExeCRC":560676586,"IniCRC":2180732466,"NetworkRoomID":1,"RNGSeed":<redacted>,"LobbyType":0,"MatchedUserIDs":[],"Region":"Europe","EstimatedLatency":999999,"MaximumCameraHeight":410,"Members":[{"UserID":128707,"DisplayName":"OCB2026","IsReady":true,"Port":0,"Side":-1,"Team":0,"Color":2,"StartingPosition":0,"HasMap":true,"SlotState":5,"SlotIndex":0,"Region":"Europe","MiddlewareUserID":""},{"UserID":122041,"DisplayName":"G@Li","IsReady":false,"Port":0,"Side":-1,"Team":0,"Color":5,"StartingPosition":3,"HasMap":true,"SlotState":5,"SlotIndex":1,"Region":"Asia","MiddlewareUserID":""},{"UserID":-1,"DisplayName":"","IsReady":false,"Port":0,"Side":-1,"Team":-1,"Color":-1,"StartingPosition":-1,"HasMap":true,"SlotState":0,"SlotIndex":2,"Region":"Unknown","MiddlewareUserID":""},{"UserID":129336,"DisplayName":"weyva","IsReady":false,"Port":0,"Side":-1,"Team":-1,"Color":-1,"StartingPosition":-1,"HasMap":true,"SlotState":5,"SlotIndex":3,"Region":"Asia","MiddlewareUserID":""},{"UserID":122368,"DisplayName":"zer0$","IsReady":false,"Port":0,"Side":-1,"Team":0,"Color":6,"StartingPosition":-1,"HasMap":true,"SlotState":5,"SlotIndex":4,"Region":"Europe","MiddlewareUserID":""},{"UserID":95502,"DisplayName":"haithamhtoo","IsReady":false,"Port":0,"Side":-1,"Team":1,"Color":-1,"StartingPosition":4,"HasMap":true,"SlotState":5,"SlotIndex":5,"Region":"Europe","MiddlewareUserID":""},{"UserID":13610,"DisplayName":"belal mirai","IsReady":false,"Port":0,"Side":-1,"Team":0,"Color":4,"StartingPosition":2,"HasMap":true,"SlotState":5,"SlotIndex":6,"Region":"Asia","MiddlewareUserID":""},{"UserID":42684,"DisplayName":"shadelolo","IsReady":false,"Port":0,"Side":-1,"Team":0,"Color":-1,"StartingPosition":1,"HasMap":true,"SlotState":5,"SlotIndex":7,"Region":"Europe","MiddlewareUserID":""}],"AnticheatID":0}}!
[DEBUG] 

[DEBUG] [2026-10-07 23:10:49] [0x170909700|https://api.playgenerals.online/env/prod/contract/1/ConnectionOutcome|Verb 0] Transfer is complete: 17 bytes total! Curl result is 0
[DEBUG] 

[DEBUG] [2026-10-07 23:10:49] [0x170909700|https://api.playgenerals.online/env/prod/contract/1/ConnectionOutcome|Verb 0] Response was 200 - {"success":false}!
[DEBUG] 

[DEBUG] [2026-10-07 23:10:50] [SIGNAL] GOT SIGNAL!
[DEBUG] 

[DEBUG] [2026-10-07 23:10:50] [SIGNAL] Signal User: 122368!
[DEBUG] 

[DEBUG] [2026-10-07 23:10:50] [SIGNAL] Signal Payload Size: 1480!
[DEBUG] 

[DEBUG] [2026-10-07 23:10:50] [SIGNAL] PROCESS SIGNAL!
[DEBUG] 

[DEBUG] [2026-10-07 23:10:50] [SIGNAL] GOT SIGNAL!
[DEBUG] 

[DEBUG] [2026-10-07 23:10:50] [SIGNAL] Signal User: 128707!
[DEBUG] 

[DEBUG] [2026-10-07 23:10:50] [SIGNAL] Signal Payload Size: 38!
[DEBUG] 

[DEBUG] [2026-10-07 23:10:50] [SIGNAL] SEND SIGNAL!
[DEBUG] 

[DEBUG] [2026-10-07 23:10:50] [SIGNAL] PROCESS SIGNAL!
[DEBUG] 

[DEBUG] [2026-10-07 23:10:50] [SIGNAL] GOT SIGNAL!
[DEBUG] 

[DEBUG] [2026-10-07 23:10:50] [SIGNAL] Signal User: 13610!
[DEBUG] 

[DEBUG] [2026-10-07 23:10:50] [SIGNAL] Signal Payload Size: 806!
[DEBUG] 

[DEBUG] [2026-10-07 23:10:50] [SIGNAL] PROCESS SIGNAL!
[DEBUG] 

[DEBUG] [2026-10-07 23:10:50] [SIGNAL] SEND SIGNAL!
[DEBUG] 

[DEBUG] [2026-10-07 23:10:50] [SIGNAL] GOT SIGNAL!
[DEBUG] 

[DEBUG] [2026-10-07 23:10:50] [SIGNAL] Signal User: 127223!
[DEBUG] 

[DEBUG] [2026-10-07 23:10:50] [SIGNAL] Signal Payload Size: 1000!
[DEBUG] 

[DEBUG] [2026-10-07 23:10:50] [SIGNAL] PROCESS SIGNAL!
[DEBUG] 

[DEBUG] [2026-10-07 23:10:50] [SIGNAL] GOT SIGNAL!
[DEBUG] 

[DEBUG] [2026-10-07 23:10:50] [SIGNAL] Signal User: 122041!
[DEBUG] 

[DEBUG] [2026-10-07 23:10:50] [SIGNAL] Signal Payload Size: 38!
[DEBUG] 

[DEBUG] [2026-10-07 23:10:50] [SIGNAL] SEND SIGNAL!
[DEBUG] 

[DEBUG] [2026-10-07 23:10:50] [SIGNAL] PROCESS SIGNAL!
[DEBUG] 

[DEBUG] [2026-10-07 23:10:50] [SIGNAL] GOT SIGNAL!
[DEBUG] 

[DEBUG] [2026-10-07 23:10:50] [SIGNAL] Signal User: 42684!
[DEBUG] 

[DEBUG] [2026-10-07 23:10:50] [SIGNAL] Signal Payload Size: 3925!
[DEBUG] 

[DEBUG] [2026-10-07 23:10:50] [SIGNAL] PROCESS SIGNAL!
[DEBUG] 

[DEBUG] [2026-10-07 23:10:50] [SIGNAL] GOT SIGNAL!
[DEBUG] 

[DEBUG] [2026-10-07 23:10:50] [SIGNAL] Signal User: 128707!
[DEBUG] 

[DEBUG] [2026-10-07 23:10:50] [SIGNAL] Signal Payload Size: 38!
[DEBUG] 

[DEBUG] [2026-10-07 23:10:50] [SIGNAL] SEND SIGNAL!
[DEBUG] 

[DEBUG] [2026-10-07 23:10:50] [SIGNAL] PROCESS SIGNAL!
[DEBUG] 

[DEBUG] [2026-10-07 23:10:50] [SIGNAL] GOT SIGNAL!
[DEBUG] 

[DEBUG] [2026-10-07 23:10:50] [SIGNAL] Signal User: 13610!
[DEBUG] 

[DEBUG] [2026-10-07 23:10:50] [SIGNAL] Signal Payload Size: 990!
[DEBUG] 

[DEBUG] [2026-10-07 23:10:50] [SIGNAL] PROCESS SIGNAL!
[DEBUG] 

[DEBUG] [2026-10-07 23:10:50] [SIGNAL] SEND SIGNAL!
[DEBUG] 

[DEBUG] [2026-10-07 23:10:50] [SIGNAL] GOT SIGNAL!
[DEBUG] 

[DEBUG] [2026-10-07 23:10:50] [SIGNAL] Signal User: 42684!
[DEBUG] 

[DEBUG] [2026-10-07 23:10:50] [SIGNAL] Signal Payload Size: 1466!
[DEBUG] 

[DEBUG] [2026-10-07 23:10:50] [SIGNAL] PROCESS SIGNAL!
[DEBUG] 

[DEBUG] [2026-10-07 23:10:50] [SIGNAL] GOT SIGNAL!
[DEBUG] 

[DEBUG] [2026-10-07 23:10:50] [SIGNAL] Signal User: 122041!
[DEBUG] 

[DEBUG] [2026-10-07 23:10:50] [SIGNAL] Signal Payload Size: 38!
[DEBUG] 

[DEBUG] [2026-10-07 23:10:50] [SIGNAL] SEND SIGNAL!
[DEBUG] 

[DEBUG] [2026-10-07 23:10:50] [SIGNAL] PROCESS SIGNAL!
[DEBUG] 

[DEBUG] [2026-10-07 23:10:50] [SIGNAL] GOT SIGNAL!
[DEBUG] 

[DEBUG] [2026-10-07 23:10:50] [SIGNAL] Signal User: 95502!
[DEBUG] 

[DEBUG] [2026-10-07 23:10:50] [SIGNAL] Signal Payload Size: 3252!
[DEBUG] 

[DEBUG] [2026-10-07 23:10:50] [SIGNAL] PROCESS SIGNAL!
[DEBUG] 

[DEBUG] [2026-10-07 23:10:50] [STEAM NETWORKING LOGFUNC] [#3025447733 P2P ICE str:127223 vport 0 'Steam Connection User127223'] closed by peer (1000): Client Disconnecting Gracefully
[DEBUG] 

[DEBUG] [2026-10-07 23:10:50] [SIGNAL] GOT SIGNAL!
[DEBUG] 

[DEBUG] [2026-10-07 23:10:50] [SIGNAL] Signal User: 128707!
[DEBUG] 

[DEBUG] [2026-10-07 23:10:50] [SIGNAL] Signal Payload Size: 38!
[DEBUG] 

[DEBUG] [2026-10-07 23:10:50] [SIGNAL] SEND SIGNAL!
[DEBUG] 

[DEBUG] [2026-10-07 23:10:50] [SIGNAL] PROCESS SIGNAL!
[DEBUG] 

[DEBUG] [2026-10-07 23:10:50] [STEAM NETWORKING LOGFUNC] Invalid lane count 1; Connection only has 0 lanes configured
[DEBUG] 

[DEBUG] [2026-10-07 23:10:50] [STEAM NETWORKING][#3025447733 P2P ICE str:127223 vport 0 'Steam Connection User127223'] closed by peer, reason 1000: Client Disconnecting Gracefully

[DEBUG] 

[DEBUG] [2026-10-07 23:10:50] [DC] Closing in callback
[DEBUG] 

[DEBUG] [2026-10-07 23:10:50] [DC] Closing connection 127223
[DEBUG] 

[DEBUG] [2026-10-07 23:10:50] [STEAM CONNECTION] Setting connection 3025447733 to disconnected/invalid on user 127223
[DEBUG] 

[DEBUG] [2026-10-07 23:10:50] [STEAM NETWORKING]DISCONNECTED OR PROBLEM DETECTED 1000

[DEBUG] 

[DEBUG] [2026-10-07 23:10:50] [SIGNAL] GOT SIGNAL!
[DEBUG] 

[DEBUG] [2026-10-07 23:10:50] [SIGNAL] Signal User: 13610!
[DEBUG] 

[DEBUG] [2026-10-07 23:10:50] [SIGNAL] Signal Payload Size: 221!
[DEBUG] 

[DEBUG] [2026-10-07 23:10:50] [SIGNAL] PROCESS SIGNAL!
[DEBUG] 

[DEBUG] [2026-10-07 23:10:50] [DISC] Recv Failed 1 from user 127223
[DEBUG] 

[DEBUG] [2026-10-07 23:10:50] [SIGNAL] GOT SIGNAL!
[DEBUG] 

[DEBUG] [2026-10-07 23:10:50] [SIGNAL] Signal User: 42684!
[DEBUG] 

[DEBUG] [2026-10-07 23:10:50] [SIGNAL] Signal Payload Size: 37!
[DEBUG] 

[DEBUG] [2026-10-07 23:10:50] [SIGNAL] PROCESS SIGNAL!
[DEBUG] 

[DEBUG] [2026-10-07 23:10:50] [DISC] Recv Failed 1 from user 127223
[DEBUG] 

[DEBUG] [2026-10-07 23:10:50] [SIGNAL] GOT SIGNAL!
[DEBUG] 

[DEBUG] [2026-10-07 23:10:50] [SIGNAL] Signal User: 122041!
[DEBUG] 

[DEBUG] [2026-10-07 23:10:50] [SIGNAL] Signal Payload Size: 38!
[DEBUG] 

[DEBUG] [2026-10-07 23:10:50] [SIGNAL] PROCESS SIGNAL!
[DEBUG] 

[DEBUG] [2026-10-07 23:10:50] [DISC] Recv Failed 1 from user 127223
[DEBUG] 

[DEBUG] [2026-10-07 23:10:50] [DISC] Recv Failed 1 from user 127223
[DEBUG] 

[DEBUG] [2026-10-07 23:10:50] [SIGNAL] GOT SIGNAL!
[DEBUG] 

[DEBUG] [2026-10-07 23:10:50] [SIGNAL] Signal User: 95502!
[DEBUG] 

[DEBUG] [2026-10-07 23:10:50] [SIGNAL] Signal Payload Size: 1388!
[DEBUG] 

[DEBUG] [2026-10-07 23:10:50] [SIGNAL] PROCESS SIGNAL!
[DEBUG] 

[DEBUG] [2026-10-07 23:10:50] [DISC] Recv Failed 1 from user 127223
[DEBUG] 

[DEBUG] [2026-10-07 23:10:50] [SIGNAL] GOT SIGNAL!
[DEBUG] 

[DEBUG] [2026-10-07 23:10:50] [SIGNAL] Signal User: 122041!
[DEBUG] 

[DEBUG] [2026-10-07 23:10:50] [SIGNAL] Signal Payload Size: 38!
[DEBUG] 

[DEBUG] [2026-10-07 23:10:50] [0x17091d7a0|https://api.playgenerals.online/env/prod/contract/1/ConnectionOutcome|Verb 0] Transfer is complete: 17 bytes total! Curl result is 0
[DEBUG] 

[DEBUG] [2026-10-07 23:10:50] [0x17091d7a0|https://api.playgenerals.online/env/prod/contract/1/ConnectionOutcome|Verb 0] Response was 200 - {"success":false}!
[DEBUG] 

[DEBUG] [2026-10-07 23:10:50] [SIGNAL] SEND SIGNAL!
[DEBUG] 

[DEBUG] [2026-10-07 23:10:50] [SIGNAL] PROCESS SIGNAL!
[DEBUG] 

[DEBUG] [2026-10-07 23:10:50] [DISC] Recv Failed 1 from user 127223
[DEBUG] 

[DEBUG] [2026-10-07 23:10:51] [SIGNAL] GOT SIGNAL!
[DEBUG] 

[DEBUG] [2026-10-07 23:10:51] [SIGNAL] Signal User: 122041!
[DEBUG] 

[DEBUG] [2026-10-07 23:10:51] [SIGNAL] Signal Payload Size: 38!
[DEBUG] 

[DEBUG] [2026-10-07 23:10:51] [SIGNAL] PROCESS SIGNAL!
[DEBUG] 

[DEBUG] [2026-10-07 23:10:51] [DISC] Recv Failed 1 from user 127223
[DEBUG] 

[DEBUG] [2026-10-07 23:10:51] [DISC] Recv Failed 1 from user 127223
[DEBUG] 

[DEBUG] [2026-10-07 23:10:51] [DISC] Recv Failed 1 from user 127223
[DEBUG] 

[DEBUG] [2026-10-07 23:10:51] [AC] Websocket AC_DEREGISTER_PLAYER for 127223 and 
[DEBUG] 

[DEBUG] [2026-10-07 23:10:51] [DISC] Recv Failed 1 from user 127223
[DEBUG] 

[DEBUG] [2026-10-07 23:10:51] [DC] Dumping all Steam connections
[DEBUG] 

[DEBUG] [2026-10-07 23:10:51] [DC] Dumped steam connection, Handle 3075088674 User 13610 (13610)
[DEBUG] 

[DEBUG] [2026-10-07 23:10:51] [DC] Dumped steam connection, Handle 392121347 User 42684 (42684)
[DEBUG] 

[DEBUG] [2026-10-07 23:10:51] [DC] Dumped steam connection, Handle 3493104832 User 95502 (95502)
[DEBUG] 

[DEBUG] [2026-10-07 23:10:51] [DC] Dumped steam connection, Handle 1275375511 User 122041 (122041)
[DEBUG] 

[DEBUG] [2026-10-07 23:10:51] [DC] Dumped steam connection, Handle 1950828335 User 122368 (122368)
[DEBUG] 

[DEBUG] [2026-10-07 23:10:51] [DC] Dumped steam connection, Handle 0 User 127223 (127223)
[DEBUG] 

[DEBUG] [2026-10-07 23:10:51] [DC] Dumped steam connection, Handle 1907272017 User 128707 (128707)
[DEBUG] 

[DEBUG] [2026-10-07 23:10:51] [ERASE] Removing user 127223
[DEBUG] 

[DEBUG] [2026-10-07 23:10:51] [NGMP] Refreshing network room roster
[DEBUG] 

[DEBUG] [2026-10-07 23:10:51] [SIGNAL] GOT SIGNAL!
[DEBUG] 

[DEBUG] [2026-10-07 23:10:51] [SIGNAL] Signal User: 122041!
[DEBUG] 

[DEBUG] [2026-10-07 23:10:51] [SIGNAL] Signal Payload Size: 38!
[DEBUG] 

[DEBUG] [2026-10-07 23:10:51] [SIGNAL] PROCESS SIGNAL!
[DEBUG] 

[DEBUG] [2026-10-07 23:10:51] [0x170955060|https://api.playgenerals.online/env/prod/contract/1/Lobby/67791|Verb 0] Transfer is complete: 2204 bytes total! Curl result is 0
[DEBUG] 

[DEBUG] [2026-10-07 23:10:51] [0x170955060|https://api.playgenerals.online/env/prod/contract/1/Lobby/67791|Verb 0] Response was 200 - {"lobby":{"LobbyID":67791,"Owner":128707,"Name":"[EU][⛊] Yalla habibi","State":0,"MapName":"Death Valley (8)","MapPath":"death valley\\death valley.map","IsMapOfficial":true,"MatchID":0,"TimeCreated":"2026-10-07T18:06:29.1742229Z","NumCurrentPlayers":7,"MaxPlayers":8,"IsVanillaTeamsOnly":false,"StartingCash":10000,"IsLimitSuperweapons":true,"IsTrackingStats":true,"IsPassworded":false,"AllowObservers":true,"ExeCRC":560676586,"IniCRC":2180732466,"NetworkRoomID":1,"RNGSeed":<redacted>,"LobbyType":0,"MatchedUserIDs":[],"Region":"Europe","EstimatedLatency":999999,"MaximumCameraHeight":410,"Members":[{"UserID":128707,"DisplayName":"OCB2026","IsReady":true,"Port":0,"Side":-1,"Team":0,"Color":2,"StartingPosition":0,"HasMap":true,"SlotState":5,"SlotIndex":0,"Region":"Europe","MiddlewareUserID":""},{"UserID":122041,"DisplayName":"G@Li","IsReady":false,"Port":0,"Side":-1,"Team":0,"Color":5,"StartingPosition":3,"HasMap":true,"SlotState":5,"SlotIndex":1,"Region":"Asia","MiddlewareUserID":""},{"UserID":-1,"DisplayName":"","IsReady":false,"Port":0,"Side":-1,"Team":-1,"Color":-1,"StartingPosition":-1,"HasMap":true,"SlotState":0,"SlotIndex":2,"Region":"Unknown","MiddlewareUserID":""},{"UserID":129336,"DisplayName":"weyva","IsReady":false,"Port":0,"Side":-1,"Team":-1,"Color":-1,"StartingPosition":-1,"HasMap":true,"SlotState":5,"SlotIndex":3,"Region":"Asia","MiddlewareUserID":""},{"UserID":122368,"DisplayName":"zer0$","IsReady":true,"Port":0,"Side":-1,"Team":0,"Color":6,"StartingPosition":-1,"HasMap":true,"SlotState":5,"SlotIndex":4,"Region":"Europe","MiddlewareUserID":""},{"UserID":95502,"DisplayName":"haithamhtoo","IsReady":false,"Port":0,"Side":-1,"Team":1,"Color":-1,"StartingPosition":4,"HasMap":true,"SlotState":5,"SlotIndex":5,"Region":"Europe","MiddlewareUserID":""},{"UserID":13610,"DisplayName":"belal mirai","IsReady":false,"Port":0,"Side":-1,"Team":0,"Color":4,"StartingPosition":2,"HasMap":true,"SlotState":5,"SlotIndex":6,"Region":"Asia","MiddlewareUserID":""},{"UserID":42684,"DisplayName":"shadelolo","IsReady":false,"Port":0,"Side":-1,"Team":0,"Color":-1,"StartingPosition":1,"HasMap":true,"SlotState":5,"SlotIndex":7,"Region":"Europe","MiddlewareUserID":""}],"AnticheatID":0}}!
[DEBUG] 

[DEBUG] [2026-10-07 23:10:51] [0x1709434e0|https://api.playgenerals.online/env/prod/contract/1/Lobby/67791|Verb 0] Transfer is complete: 2204 bytes total! Curl result is 0
[DEBUG] 

[DEBUG] [2026-10-07 23:10:51] [0x1709434e0|https://api.playgenerals.online/env/prod/contract/1/Lobby/67791|Verb 0] Response was 200 - {"lobby":{"LobbyID":67791,"Owner":128707,"Name":"[EU][⛊] Yalla habibi","State":0,"MapName":"Death Valley (8)","MapPath":"death valley\\death valley.map","IsMapOfficial":true,"MatchID":0,"TimeCreated":"2026-10-07T18:06:29.1742229Z","NumCurrentPlayers":7,"MaxPlayers":8,"IsVanillaTeamsOnly":false,"StartingCash":10000,"IsLimitSuperweapons":true,"IsTrackingStats":true,"IsPassworded":false,"AllowObservers":true,"ExeCRC":560676586,"IniCRC":2180732466,"NetworkRoomID":1,"RNGSeed":<redacted>,"LobbyType":0,"MatchedUserIDs":[],"Region":"Europe","EstimatedLatency":999999,"MaximumCameraHeight":410,"Members":[{"UserID":128707,"DisplayName":"OCB2026","IsReady":true,"Port":0,"Side":-1,"Team":0,"Color":2,"StartingPosition":0,"HasMap":true,"SlotState":5,"SlotIndex":0,"Region":"Europe","MiddlewareUserID":""},{"UserID":122041,"DisplayName":"G@Li","IsReady":false,"Port":0,"Side":-1,"Team":0,"Color":5,"StartingPosition":3,"HasMap":true,"SlotState":5,"SlotIndex":1,"Region":"Asia","MiddlewareUserID":""},{"UserID":-1,"DisplayName":"","IsReady":false,"Port":0,"Side":-1,"Team":-1,"Color":-1,"StartingPosition":-1,"HasMap":true,"SlotState":0,"SlotIndex":2,"Region":"Unknown","MiddlewareUserID":""},{"UserID":129336,"DisplayName":"weyva","IsReady":false,"Port":0,"Side":-1,"Team":-1,"Color":-1,"StartingPosition":-1,"HasMap":true,"SlotState":5,"SlotIndex":3,"Region":"Asia","MiddlewareUserID":""},{"UserID":122368,"DisplayName":"zer0$","IsReady":true,"Port":0,"Side":-1,"Team":0,"Color":6,"StartingPosition":-1,"HasMap":true,"SlotState":5,"SlotIndex":4,"Region":"Europe","MiddlewareUserID":""},{"UserID":95502,"DisplayName":"haithamhtoo","IsReady":false,"Port":0,"Side":-1,"Team":1,"Color":-1,"StartingPosition":4,"HasMap":true,"SlotState":5,"SlotIndex":5,"Region":"Europe","MiddlewareUserID":""},{"UserID":13610,"DisplayName":"belal mirai","IsReady":false,"Port":0,"Side":-1,"Team":0,"Color":4,"StartingPosition":2,"HasMap":true,"SlotState":5,"SlotIndex":6,"Region":"Asia","MiddlewareUserID":""},{"UserID":42684,"DisplayName":"shadelolo","IsReady":false,"Port":0,"Side":-1,"Team":0,"Color":-1,"StartingPosition":1,"HasMap":true,"SlotState":5,"SlotIndex":7,"Region":"Europe","MiddlewareUserID":""}],"AnticheatID":0}}!
[DEBUG] 

[DEBUG] [2026-10-07 23:10:53] [0x170900dc0|https://api.playgenerals.online/env/prod/contract/1/Lobby/67791|Verb 0] Transfer is complete: 17 bytes total! Curl result is 0
[DEBUG] 

[DEBUG] [2026-10-07 23:10:53] [0x170900dc0|https://api.playgenerals.online/env/prod/contract/1/Lobby/67791|Verb 0] Response was 200 - {"success":false}!
[DEBUG] 

[DEBUG] [2026-10-07 23:10:53] [0x1708f7820|https://api.playgenerals.online/env/prod/contract/1/Lobby/67791|Verb 0] Transfer is complete: 2204 bytes total! Curl result is 0
[DEBUG] 

[DEBUG] [2026-10-07 23:10:53] [0x1708f7820|https://api.playgenerals.online/env/prod/contract/1/Lobby/67791|Verb 0] Response was 200 - {"lobby":{"LobbyID":67791,"Owner":128707,"Name":"[EU][⛊] Yalla habibi","State":0,"MapName":"Death Valley (8)","MapPath":"death valley\\death valley.map","IsMapOfficial":true,"MatchID":0,"TimeCreated":"2026-10-07T18:06:29.1742229Z","NumCurrentPlayers":7,"MaxPlayers":8,"IsVanillaTeamsOnly":false,"StartingCash":10000,"IsLimitSuperweapons":true,"IsTrackingStats":true,"IsPassworded":false,"AllowObservers":true,"ExeCRC":560676586,"IniCRC":2180732466,"NetworkRoomID":1,"RNGSeed":<redacted>,"LobbyType":0,"MatchedUserIDs":[],"Region":"Europe","EstimatedLatency":999999,"MaximumCameraHeight":410,"Members":[{"UserID":128707,"DisplayName":"OCB2026","IsReady":true,"Port":0,"Side":-1,"Team":0,"Color":2,"StartingPosition":0,"HasMap":true,"SlotState":5,"SlotIndex":0,"Region":"Europe","MiddlewareUserID":""},{"UserID":122041,"DisplayName":"G@Li","IsReady":false,"Port":0,"Side":-1,"Team":0,"Color":5,"StartingPosition":3,"HasMap":true,"SlotState":5,"SlotIndex":1,"Region":"Asia","MiddlewareUserID":""},{"UserID":-1,"DisplayName":"","IsReady":false,"Port":0,"Side":-1,"Team":-1,"Color":-1,"StartingPosition":-1,"HasMap":true,"SlotState":0,"SlotIndex":2,"Region":"Unknown","MiddlewareUserID":""},{"UserID":129336,"DisplayName":"weyva","IsReady":false,"Port":0,"Side":-1,"Team":1,"Color":-1,"StartingPosition":-1,"HasMap":true,"SlotState":5,"SlotIndex":3,"Region":"Asia","MiddlewareUserID":""},{"UserID":122368,"DisplayName":"zer0$","IsReady":false,"Port":0,"Side":-1,"Team":0,"Color":6,"StartingPosition":-1,"HasMap":true,"SlotState":5,"SlotIndex":4,"Region":"Europe","MiddlewareUserID":""},{"UserID":95502,"DisplayName":"haithamhtoo","IsReady":false,"Port":0,"Side":-1,"Team":1,"Color":-1,"StartingPosition":4,"HasMap":true,"SlotState":5,"SlotIndex":5,"Region":"Europe","MiddlewareUserID":""},{"UserID":13610,"DisplayName":"belal mirai","IsReady":false,"Port":0,"Side":-1,"Team":0,"Color":4,"StartingPosition":2,"HasMap":true,"SlotState":5,"SlotIndex":6,"Region":"Asia","MiddlewareUserID":""},{"UserID":42684,"DisplayName":"shadelolo","IsReady":false,"Port":0,"Side":-1,"Team":0,"Color":-1,"StartingPosition":1,"HasMap":true,"SlotState":5,"SlotIndex":7,"Region":"Europe","MiddlewareUserID":""}],"AnticheatID":0}}!
[DEBUG] 

[DEBUG] [2026-10-07 23:10:55] [STEAM NETWORKING LOGFUNC] [#3075088674 P2P ICE str:13610 vport 0 'Steam Connection User13610'] ICE: 3 consecutive end-to-end timeouts
[DEBUG] 

[DEBUG] [2026-10-07 23:10:55] [STEAM NETWORKING LOGFUNC] [#3075088674 P2P ICE str:13610 vport 0 'Steam Connection User13610'] ICE: 4 consecutive end-to-end timeouts
[DEBUG] 

[DEBUG] [2026-10-07 23:10:55] [SIGNAL] GOT SIGNAL!
[DEBUG] 

[DEBUG] [2026-10-07 23:10:55] [SIGNAL] Signal User: 13610!
[DEBUG] 

[DEBUG] [2026-10-07 23:10:55] [SIGNAL] Signal Payload Size: 86!
[DEBUG] 

[DEBUG] [2026-10-07 23:10:55] [SIGNAL] PROCESS SIGNAL!
[DEBUG] 

[DEBUG] [2026-10-07 23:10:55] [STEAM NETWORKING LOGFUNC] [#3075088674 P2P ICE str:13610 vport 0 'Steam Connection User13610'] closed by peer (5008): Timed out attempting to negotiate rendezvous
[DEBUG] 

[DEBUG] [2026-10-07 23:10:55] [STEAM NETWORKING LOGFUNC] Invalid lane count 1; Connection only has 0 lanes configured
[DEBUG] 

[DEBUG] [2026-10-07 23:10:55] [STEAM NETWORKING][#3075088674 P2P ICE str:13610 vport 0 'Steam Connection User13610'] closed by peer, reason 5008: Timed out attempting to negotiate rendezvous

[DEBUG] 

[DEBUG] [2026-10-07 23:10:55] [DC] Closing in callback
[DEBUG] 

[DEBUG] [2026-10-07 23:10:55] [DC] Closing connection 13610
[DEBUG] 

[DEBUG] [2026-10-07 23:10:55] [STEAM CONNECTION] Setting connection 3075088674 to disconnected/invalid on user 13610
[DEBUG] 

[DEBUG] [2026-10-07 23:10:55] [STEAM NETWORKING][DISCONNECT HANDLER] Determined we didn't connect due to an error, Retrying: 1 (currently at 0/2 attempts)
[DEBUG] 

[DEBUG] [2026-10-07 23:10:55] [STEAM NETWORKING][DISCONNECT HANDLER] Retrying...
[DEBUG] 

[DEBUG] [2026-10-07 23:10:55] [STEAM NETWORKING][DISCONNECT HANDLER] Send signal start request...
[DEBUG] 

[DEBUG] [2026-10-07 23:10:55] [SIGNAL] SEND REQUEST SIGNALING!
[DEBUG] 

[DEBUG] [2026-10-07 23:10:55] [STEAM NETWORKING]DISCONNECTED OR PROBLEM DETECTED 5008

[DEBUG] 

[DEBUG] [2026-10-07 23:10:55] [SIGNAL] SEND SIGNAL!
[DEBUG] 

[DEBUG] [2026-10-07 23:10:55] [DISC] Recv Failed 1 from user 13610
[DEBUG] 

[DEBUG] [2026-10-07 23:10:55] [DISC] Recv Failed 1 from user 13610
[DEBUG] 

[DEBUG] [2026-10-07 23:10:55] [DISC] Recv Failed 1 from user 13610
[DEBUG] 

[DEBUG] [2026-10-07 23:10:55] [DISC] Recv Failed 1 from user 13610
[DEBUG] 

[DEBUG] [2026-10-07 23:10:55] [DISC] Recv Failed 1 from user 13610
[DEBUG] 

[DEBUG] [2026-10-07 23:10:55] [DISC] Recv Failed 1 from user 13610
[DEBUG] 

[DEBUG] [2026-10-07 23:10:55] [ERASE 3] Removing user 13610
[DEBUG] 

[DEBUG] [2026-10-07 23:10:55] [STEAM CONNECTION] Attaching connection 1823838361 to user 13610
[DEBUG] 

[DEBUG] [2026-10-07 23:10:55] [STEAM NETWORKING LOGFUNC] [#1823838361 P2P str:13610 rem vport 0] Sending P2P ConnectRequest
[DEBUG] 

[DEBUG] [2026-10-07 23:10:55] [NETWORK_CONNECTION_START_SIGNALLING] Starting signalling with 13610 (MWID: )
[DEBUG] 

[DEBUG] [2026-10-07 23:10:55] [SIGNAL] SEND SIGNAL!
[DEBUG] 

[DEBUG] [2026-10-07 23:10:55] [STEAM NETWORKING][#1823838361 P2P str:13610 rem vport 0] Entered connecting state

[DEBUG] 

[DEBUG] [2026-10-07 23:10:55] [STEAM NETWORKING LOGFUNC] [#1823838361 P2P str:13610 vport 0 'Steam Connection User13610'] Sending P2P ConnectRequest
[DEBUG] 

[DEBUG] [2026-10-07 23:10:55] [SIGNAL] SEND SIGNAL!
[DEBUG] 

[DEBUG] [2026-10-07 23:10:56] [0x170911e00|https://api.playgenerals.online/env/prod/contract/1/PlayerStats/13610|Verb 0] Transfer is complete: 2014 bytes total! Curl result is 0
[DEBUG] 

[DEBUG] [2026-10-07 23:10:56] [0x170911e00|https://api.playgenerals.online/env/prod/contract/1/PlayerStats/13610|Verb 0] Response was 200 - {"stats":{"userID":13610,"EloRating":908,"EloMatches":155,"MonthlyEloRating":1000,"wins":[1,1,10,5,12,9,3,10,7,9,4,8,6,6,0],"losses":[1,1,15,15,19,18,12,15,13,19,17,15,13,8,0],"games":[1,1,28,22,30,28,20,28,29,35,26,27,22,19,0],"duration":[1,2,416,233,436,275,130,201,251,455,236,255,246,219,0],"unitsKilled":[11,7,1842,757,2686,1119,363,946,884,2377,735,939,872,697,0],"unitsLost":[6,24,2268,864,3302,959,547,992,753,3332,491,1416,1314,1123,0],"unitsBuilt":[8,26,2573,1450,4598,1459,847,1521,1485,3341,1345,2412,2005,1998,0],"buildingsKilled":[3,17,216,38,287,171,36,117,39,143,82,50,108,32,0],"buildingsLost":[2,2,101,77,254,66,28,42,84,119,44,141,126,121,0],"buildingsBuilt":[6,5,707,340,1032,405,285,348,460,612,332,697,552,452,0],"earnings":[300,5475,3444323,1328497,3853425,1683656,885457,1266580,1520690,3299322,1618796,2110688,1878426,1446913,0],"techCaptured":[4,2,120,92,145,105,53,66,95,121,162,163,97,71,0],"discons":[0,0,0,0,0,0,0,0,0,0,0,0,0,0,0],"desyncs":[1,1,1,2,1,1,2,0,0,0,0,0,0,0,0],"surrenders":[1,1,7,6,5,7,6,7,6,10,9,5,8,4,0],"gamesOf2p":[1,1,13,13,17,18,10,18,19,21,14,17,12,13,0],"gamesOf3p":[1,0,0,0,0,0,0,0,0,0,0,0,0,0,0],"gamesOf4p":[1,1,6,4,7,3,3,5,2,4,4,3,2,0,0],"gamesOf5p":[1,1,0,0,0,0,0,0,0,0,0,0,0,0,0],"gamesOf6p":[1,1,10,6,7,8,8,6,6,11,6,5,8,4,0],"gamesOf7p":[0,0,0,0,0,0,0,0,0,0,0,0,0,0,0],"gamesOf8p":[1,1,1,1,1,1,1,0,0,0,0,0,0,0,0],"customGames":[0,0,0,0,0,0,0,0,0,0,0,0,0,0,0],"QMGames":[0,0,0,0,0,0,0,0,0,0,0,0,0,0,0],"customGamesPerGeneral":[1,0,0,0,0,0,0,0,0,0,0,0,0,0,0],"quickMatchesPerGeneral":[1,0,0,0,0,0,0,0,0,0,0,0,0,0,0],"locale":0,"gamesAsRandom":126,"options":"","systemSpec":"","lastFPS":0,"lastGeneral":6,"gamesInRowWithLastGeneral":1,"challengeMedals":0,"battleHonors":4374914,"QMwinsInARow":0,"maxQMwinsInARow":0,"winsInARow":0,"maxWinsInARow":5,"lossesInARow":0,"maxLossesInARow":10,"disconsInARow":0,"maxDisconsInARow":2,"desyncsInARow":1,"maxDesyncsInARow":4,"builtParticleCannon":11,"builtNuke":29,"builtSCUD":23,"lastLadderPort":0,"lastLadderHost":""}}!
[DEBUG] 

[DEBUG] [2026-10-07 23:10:56] [0x170914440|https://api.playgenerals.online/env/prod/contract/1/ConnectionOutcome|Verb 0] Transfer is complete: 17 bytes total! Curl result is 0
[DEBUG] 

[DEBUG] [2026-10-07 23:10:56] [0x170914440|https://api.playgenerals.online/env/prod/contract/1/ConnectionOutcome|Verb 0] Response was 200 - {"success":false}!
[DEBUG] 

[DEBUG] [2026-10-07 23:10:56] [STEAM NETWORKING LOGFUNC] [#1823838361 P2P str:13610 vport 0 'Steam Connection User13610'] Sending P2P ConnectRequest
[DEBUG] 

[DEBUG] [2026-10-07 23:10:56] [SIGNAL] GOT SIGNAL!
[DEBUG] 

[DEBUG] [2026-10-07 23:10:56] [SIGNAL] Signal User: 13610!
[DEBUG] 

[DEBUG] [2026-10-07 23:10:56] [SIGNAL] Signal Payload Size: 361!
[DEBUG] 

[DEBUG] [2026-10-07 23:10:56] [0x1708c37a0|https://api.playgenerals.online/env/prod/contract/1/ConnectionOutcome|Verb 0] Transfer is complete: 17 bytes total! Curl result is 0
[DEBUG] 

[DEBUG] [2026-10-07 23:10:56] [0x1708c37a0|https://api.playgenerals.online/env/prod/contract/1/ConnectionOutcome|Verb 0] Response was 200 - {"success":false}!
[DEBUG] 

[DEBUG] [2026-10-07 23:10:56] [SIGNAL] SEND SIGNAL!
[DEBUG] 

[DEBUG] [2026-10-07 23:10:56] [SIGNAL] PROCESS SIGNAL!
[DEBUG] 

[DEBUG] [2026-10-07 23:10:56] [STEAM NETWORKING][#1823838361 P2P str:13610 vport 0 'Steam Connection User13610'] finding route

[DEBUG] 

[DEBUG] [2026-10-07 23:10:56] [SIGNAL] GOT SIGNAL!
[DEBUG] 

[DEBUG] [2026-10-07 23:10:56] [SIGNAL] Signal User: 13610!
[DEBUG] 

[DEBUG] [2026-10-07 23:10:56] [SIGNAL] Signal Payload Size: 525!
[DEBUG] 

[DEBUG] [2026-10-07 23:10:56] [SIGNAL] PROCESS SIGNAL!
[DEBUG] 

[DEBUG] [2026-10-07 23:10:56] [STEAM NETWORKING LOGFUNC] [#1823838361 P2P str:13610 vport 0 'Steam Connection User13610'] Got remote candidate 'candidate:89174025 0 udp 2122260224 192.168.43.71 64278 typ host generation 0 ufrag XvF3E network-id 1 network-cost 10'
[DEBUG] 

[DEBUG] [2026-10-07 23:10:56] [STEAM NETWORKING LOGFUNC] [#1823838361 P2P str:13610 vport 0 'Steam Connection User13610'] Got remote candidate 'candidate:2216212157 0 udp 1686052608 94.249.48.110 2126 typ srflx raddr 192.168.43.71 rport 64278 generation 0 ufrag XvF3E network-id 1 network-cost 10'
[DEBUG] 

[DEBUG] [2026-10-07 23:10:56] [SIGNAL] SEND SIGNAL!
[DEBUG] 

[DEBUG] [2026-10-07 23:10:56] [SIGNAL] SEND SIGNAL!
[DEBUG] 

[DEBUG] [2026-10-07 23:10:56] [SIGNAL] GOT SIGNAL!
[DEBUG] 

[DEBUG] [2026-10-07 23:10:56] [SIGNAL] Signal User: 13610!
[DEBUG] 

[DEBUG] [2026-10-07 23:10:56] [SIGNAL] Signal Payload Size: 686!
[DEBUG] 

[DEBUG] [2026-10-07 23:10:56] [SIGNAL] PROCESS SIGNAL!
[DEBUG] 

[DEBUG] [2026-10-07 23:10:56] [STEAM NETWORKING LOGFUNC] [#1823838361 P2P str:13610 vport 0 'Steam Connection User13610'] Got remote candidate 'candidate:382863347 0 udp 41885440 104.30.148.54 49158 typ relay raddr 94.249.48.110 rport 2126 generation 0 ufrag XvF3E network-id 1 network-cost 10'
[DEBUG] 

[DEBUG] [2026-10-07 23:10:56] [0x170914440|https://api.playgenerals.online/env/prod/contract/1/ConnectionOutcome|Verb 0] Transfer is complete: 17 bytes total! Curl result is 0
[DEBUG] 

[DEBUG] [2026-10-07 23:10:56] [0x170914440|https://api.playgenerals.online/env/prod/contract/1/ConnectionOutcome|Verb 0] Response was 200 - {"success":false}!
[DEBUG] 

[DEBUG] [2026-10-07 23:10:56] [SIGNAL] SEND SIGNAL!
[DEBUG] 

[DEBUG] [2026-10-07 23:10:56] [0x17092cbc0|https://api.playgenerals.online/env/prod/contract/1/Lobby/67791|Verb 0] Transfer is complete: 2204 bytes total! Curl result is 0
[DEBUG] 

[DEBUG] [2026-10-07 23:10:56] [0x17092cbc0|https://api.playgenerals.online/env/prod/contract/1/Lobby/67791|Verb 0] Response was 200 - {"lobby":{"LobbyID":67791,"Owner":128707,"Name":"[EU][⛊] Yalla habibi","State":0,"MapName":"Death Valley (8)","MapPath":"death valley\\death valley.map","IsMapOfficial":true,"MatchID":0,"TimeCreated":"2026-10-07T18:06:29.1742229Z","NumCurrentPlayers":7,"MaxPlayers":8,"IsVanillaTeamsOnly":false,"StartingCash":10000,"IsLimitSuperweapons":true,"IsTrackingStats":true,"IsPassworded":false,"AllowObservers":true,"ExeCRC":560676586,"IniCRC":2180732466,"NetworkRoomID":1,"RNGSeed":<redacted>,"LobbyType":0,"MatchedUserIDs":[],"Region":"Europe","EstimatedLatency":999999,"MaximumCameraHeight":410,"Members":[{"UserID":128707,"DisplayName":"OCB2026","IsReady":true,"Port":0,"Side":-1,"Team":0,"Color":2,"StartingPosition":0,"HasMap":true,"SlotState":5,"SlotIndex":0,"Region":"Europe","MiddlewareUserID":""},{"UserID":122041,"DisplayName":"G@Li","IsReady":false,"Port":0,"Side":-1,"Team":0,"Color":5,"StartingPosition":3,"HasMap":true,"SlotState":5,"SlotIndex":1,"Region":"Asia","MiddlewareUserID":""},{"UserID":-1,"DisplayName":"","IsReady":false,"Port":0,"Side":-1,"Team":-1,"Color":-1,"StartingPosition":-1,"HasMap":true,"SlotState":0,"SlotIndex":2,"Region":"Unknown","MiddlewareUserID":""},{"UserID":129336,"DisplayName":"weyva","IsReady":false,"Port":0,"Side":-1,"Team":1,"Color":-1,"StartingPosition":-1,"HasMap":true,"SlotState":5,"SlotIndex":3,"Region":"Asia","MiddlewareUserID":""},{"UserID":122368,"DisplayName":"zer0$","IsReady":false,"Port":0,"Side":-1,"Team":0,"Color":6,"StartingPosition":-1,"HasMap":true,"SlotState":5,"SlotIndex":4,"Region":"Europe","MiddlewareUserID":""},{"UserID":95502,"DisplayName":"haithamhtoo","IsReady":false,"Port":0,"Side":-1,"Team":1,"Color":-1,"StartingPosition":7,"HasMap":true,"SlotState":5,"SlotIndex":5,"Region":"Europe","MiddlewareUserID":""},{"UserID":13610,"DisplayName":"belal mirai","IsReady":false,"Port":0,"Side":-1,"Team":0,"Color":4,"StartingPosition":2,"HasMap":true,"SlotState":5,"SlotIndex":6,"Region":"Asia","MiddlewareUserID":""},{"UserID":42684,"DisplayName":"shadelolo","IsReady":false,"Port":0,"Side":-1,"Team":0,"Color":-1,"StartingPosition":1,"HasMap":true,"SlotState":5,"SlotIndex":7,"Region":"Europe","MiddlewareUserID":""}],"AnticheatID":0}}!
[DEBUG] 

[DEBUG] [2026-10-07 23:10:56] [SIGNAL] GOT SIGNAL!
[DEBUG] 

[DEBUG] [2026-10-07 23:10:56] [SIGNAL] Signal User: 13610!
[DEBUG] 

[DEBUG] [2026-10-07 23:10:56] [SIGNAL] Signal Payload Size: 686!
[DEBUG] 

[DEBUG] [2026-10-07 23:10:56] [SIGNAL] PROCESS SIGNAL!
[DEBUG] 

[DEBUG] [2026-10-07 23:10:56] [SIGNAL] SEND SIGNAL!
[DEBUG] 

[DEBUG] [2026-10-07 23:10:57] [SIGNAL] GOT SIGNAL!
[DEBUG] 

[DEBUG] [2026-10-07 23:10:57] [SIGNAL] Signal User: 13610!
[DEBUG] 

[DEBUG] [2026-10-07 23:10:57] [SIGNAL] Signal Payload Size: 686!
[DEBUG] 

[DEBUG] [2026-10-07 23:10:57] [SIGNAL] PROCESS SIGNAL!
[DEBUG] 

[DEBUG] [2026-10-07 23:10:57] [SIGNAL] SEND SIGNAL!
[DEBUG] 

[DEBUG] [2026-10-07 23:10:57] [0x17090fe80|https://api.playgenerals.online/env/prod/contract/1/Lobby/67791|Verb 0] Transfer is complete: 17 bytes total! Curl result is 0
[DEBUG] 

[DEBUG] [2026-10-07 23:10:57] [0x17090fe80|https://api.playgenerals.online/env/prod/contract/1/Lobby/67791|Verb 0] Response was 200 - {"success":false}!
[DEBUG] 

[DEBUG] [2026-10-07 23:10:57] [SIGNAL] GOT SIGNAL!
[DEBUG] 

[DEBUG] [2026-10-07 23:10:57] [SIGNAL] Signal User: 13610!
[DEBUG] 

[DEBUG] [2026-10-07 23:10:57] [SIGNAL] Signal Payload Size: 686!
[DEBUG] 

[DEBUG] [2026-10-07 23:10:57] [SIGNAL] PROCESS SIGNAL!
[DEBUG] 

[DEBUG] [2026-10-07 23:10:57] [SIGNAL] SEND SIGNAL!
[DEBUG] 

[DEBUG] [2026-10-07 23:10:58] [SIGNAL] GOT SIGNAL!
[DEBUG] 

[DEBUG] [2026-10-07 23:10:58] [SIGNAL] Signal User: 13610!
[DEBUG] 

[DEBUG] [2026-10-07 23:10:58] [SIGNAL] Signal Payload Size: 686!
[DEBUG] 

[DEBUG] [2026-10-07 23:10:58] [SIGNAL] PROCESS SIGNAL!
[DEBUG] 

[DEBUG] [2026-10-07 23:10:58] [SIGNAL] SEND SIGNAL!
[DEBUG] 

[DEBUG] [2026-10-07 23:10:58] [NGMP] Refreshing network room roster
[DEBUG] 

[DEBUG] [2026-10-07 23:10:58] [0x1708bda40|https://api.playgenerals.online/env/prod/contract/1/Lobby/67791|Verb 0] Transfer is complete: 2203 bytes total! Curl result is 0
[DEBUG] 

[DEBUG] [2026-10-07 23:10:58] [0x1708bda40|https://api.playgenerals.online/env/prod/contract/1/Lobby/67791|Verb 0] Response was 200 - {"lobby":{"LobbyID":67791,"Owner":128707,"Name":"[EU][⛊] Yalla habibi","State":0,"MapName":"Death Valley (8)","MapPath":"death valley\\death valley.map","IsMapOfficial":true,"MatchID":0,"TimeCreated":"2026-10-07T18:06:29.1742229Z","NumCurrentPlayers":7,"MaxPlayers":8,"IsVanillaTeamsOnly":false,"StartingCash":10000,"IsLimitSuperweapons":true,"IsTrackingStats":true,"IsPassworded":false,"AllowObservers":true,"ExeCRC":560676586,"IniCRC":2180732466,"NetworkRoomID":1,"RNGSeed":<redacted>,"LobbyType":0,"MatchedUserIDs":[],"Region":"Europe","EstimatedLatency":999999,"MaximumCameraHeight":410,"Members":[{"UserID":128707,"DisplayName":"OCB2026","IsReady":true,"Port":0,"Side":-1,"Team":0,"Color":2,"StartingPosition":0,"HasMap":true,"SlotState":5,"SlotIndex":0,"Region":"Europe","MiddlewareUserID":""},{"UserID":122041,"DisplayName":"G@Li","IsReady":false,"Port":0,"Side":-1,"Team":0,"Color":5,"StartingPosition":3,"HasMap":true,"SlotState":5,"SlotIndex":1,"Region":"Asia","MiddlewareUserID":""},{"UserID":-1,"DisplayName":"","IsReady":false,"Port":0,"Side":-1,"Team":-1,"Color":-1,"StartingPosition":-1,"HasMap":true,"SlotState":0,"SlotIndex":2,"Region":"Unknown","MiddlewareUserID":""},{"UserID":129336,"DisplayName":"weyva","IsReady":false,"Port":0,"Side":-1,"Team":1,"Color":-1,"StartingPosition":5,"HasMap":true,"SlotState":5,"SlotIndex":3,"Region":"Asia","MiddlewareUserID":""},{"UserID":122368,"DisplayName":"zer0$","IsReady":false,"Port":0,"Side":-1,"Team":0,"Color":6,"StartingPosition":-1,"HasMap":true,"SlotState":5,"SlotIndex":4,"Region":"Europe","MiddlewareUserID":""},{"UserID":95502,"DisplayName":"haithamhtoo","IsReady":false,"Port":0,"Side":-1,"Team":1,"Color":-1,"StartingPosition":7,"HasMap":true,"SlotState":5,"SlotIndex":5,"Region":"Europe","MiddlewareUserID":""},{"UserID":13610,"DisplayName":"belal mirai","IsReady":false,"Port":0,"Side":-1,"Team":0,"Color":4,"StartingPosition":2,"HasMap":true,"SlotState":5,"SlotIndex":6,"Region":"Asia","MiddlewareUserID":""},{"UserID":42684,"DisplayName":"shadelolo","IsReady":false,"Port":0,"Side":-1,"Team":0,"Color":-1,"StartingPosition":1,"HasMap":true,"SlotState":5,"SlotIndex":7,"Region":"Europe","MiddlewareUserID":""}],"AnticheatID":0}}!
[DEBUG] 

[DEBUG] [2026-10-07 23:10:58] [SIGNAL] GOT SIGNAL!
[DEBUG] 

[DEBUG] [2026-10-07 23:10:58] [SIGNAL] Signal User: 13610!
[DEBUG] 

[DEBUG] [2026-10-07 23:10:58] [SIGNAL] Signal Payload Size: 686!
[DEBUG] 

[DEBUG] [2026-10-07 23:10:58] [SIGNAL] PROCESS SIGNAL!
[DEBUG] 

[DEBUG] [2026-10-07 23:10:58] [SIGNAL] SEND SIGNAL!
[DEBUG] 

[DEBUG] [2026-10-07 23:10:59] [0x170951dc0|https://api.playgenerals.online/env/prod/contract/1/Lobby/67791|Verb 0] Transfer is complete: 17 bytes total! Curl result is 0
[DEBUG] 

[DEBUG] [2026-10-07 23:10:59] [0x170951dc0|https://api.playgenerals.online/env/prod/contract/1/Lobby/67791|Verb 0] Response was 200 - {"success":false}!
[DEBUG] 

[DEBUG] [2026-10-07 23:10:59] [SIGNAL] GOT SIGNAL!
[DEBUG] 

[DEBUG] [2026-10-07 23:10:59] [SIGNAL] Signal User: 13610!
[DEBUG] 

[DEBUG] [2026-10-07 23:10:59] [SIGNAL] Signal Payload Size: 686!
[DEBUG] 

[DEBUG] [2026-10-07 23:10:59] [SIGNAL] PROCESS SIGNAL!
[DEBUG] 

[DEBUG] [2026-10-07 23:10:59] [SIGNAL] SEND SIGNAL!
[DEBUG] 

[DEBUG] [2026-10-07 23:10:59] [SIGNAL] GOT SIGNAL!
[DEBUG] 

[DEBUG] [2026-10-07 23:10:59] [SIGNAL] Signal User: 13610!
[DEBUG] 

[DEBUG] [2026-10-07 23:10:59] [SIGNAL] Signal Payload Size: 37!
[DEBUG] 

[DEBUG] [2026-10-07 23:10:59] [SIGNAL] PROCESS SIGNAL!
[DEBUG] 

[DEBUG] [2026-10-07 23:10:59] [0x1708376a0|https://api.playgenerals.online/env/prod/contract/1/Lobby/67791|Verb 0] Transfer is complete: 2203 bytes total! Curl result is 0
[DEBUG] 

[DEBUG] [2026-10-07 23:10:59] [0x1708376a0|https://api.playgenerals.online/env/prod/contract/1/Lobby/67791|Verb 0] Response was 200 - {"lobby":{"LobbyID":67791,"Owner":128707,"Name":"[EU][⛊] Yalla habibi","State":0,"MapName":"Death Valley (8)","MapPath":"death valley\\death valley.map","IsMapOfficial":true,"MatchID":0,"TimeCreated":"2026-10-07T18:06:29.1742229Z","NumCurrentPlayers":7,"MaxPlayers":8,"IsVanillaTeamsOnly":false,"StartingCash":10000,"IsLimitSuperweapons":true,"IsTrackingStats":true,"IsPassworded":false,"AllowObservers":true,"ExeCRC":560676586,"IniCRC":2180732466,"NetworkRoomID":1,"RNGSeed":<redacted>,"LobbyType":0,"MatchedUserIDs":[],"Region":"Europe","EstimatedLatency":999999,"MaximumCameraHeight":410,"Members":[{"UserID":128707,"DisplayName":"OCB2026","IsReady":true,"Port":0,"Side":-1,"Team":0,"Color":2,"StartingPosition":0,"HasMap":true,"SlotState":5,"SlotIndex":0,"Region":"Europe","MiddlewareUserID":""},{"UserID":122041,"DisplayName":"G@Li","IsReady":false,"Port":0,"Side":-1,"Team":0,"Color":5,"StartingPosition":3,"HasMap":true,"SlotState":5,"SlotIndex":1,"Region":"Asia","MiddlewareUserID":""},{"UserID":-1,"DisplayName":"","IsReady":false,"Port":0,"Side":-1,"Team":-1,"Color":-1,"StartingPosition":-1,"HasMap":true,"SlotState":0,"SlotIndex":2,"Region":"Unknown","MiddlewareUserID":""},{"UserID":129336,"DisplayName":"weyva","IsReady":false,"Port":0,"Side":-1,"Team":1,"Color":-1,"StartingPosition":6,"HasMap":true,"SlotState":5,"SlotIndex":3,"Region":"Asia","MiddlewareUserID":""},{"UserID":122368,"DisplayName":"zer0$","IsReady":false,"Port":0,"Side":-1,"Team":0,"Color":6,"StartingPosition":-1,"HasMap":true,"SlotState":5,"SlotIndex":4,"Region":"Europe","MiddlewareUserID":""},{"UserID":95502,"DisplayName":"haithamhtoo","IsReady":false,"Port":0,"Side":-1,"Team":1,"Color":-1,"StartingPosition":7,"HasMap":true,"SlotState":5,"SlotIndex":5,"Region":"Europe","MiddlewareUserID":""},{"UserID":13610,"DisplayName":"belal mirai","IsReady":false,"Port":0,"Side":-1,"Team":0,"Color":4,"StartingPosition":2,"HasMap":true,"SlotState":5,"SlotIndex":6,"Region":"Asia","MiddlewareUserID":""},{"UserID":42684,"DisplayName":"shadelolo","IsReady":false,"Port":0,"Side":-1,"Team":0,"Color":-1,"StartingPosition":1,"HasMap":true,"SlotState":5,"SlotIndex":7,"Region":"Europe","MiddlewareUserID":""}],"AnticheatID":0}}!
[DEBUG] 

[DEBUG] [2026-10-07 23:11:00] [SIGNAL] GOT SIGNAL!
[DEBUG] 

[DEBUG] [2026-10-07 23:11:00] [SIGNAL] Signal User: 13610!
[DEBUG] 

[DEBUG] [2026-10-07 23:11:00] [SIGNAL] Signal Payload Size: 200!
[DEBUG] 

[DEBUG] [2026-10-07 23:11:00] [SIGNAL] PROCESS SIGNAL!
[DEBUG] 

[DEBUG] [2026-10-07 23:11:00] [SIGNAL] SEND SIGNAL!
[DEBUG] 

[DEBUG] [2026-10-07 23:11:00] [SIGNAL] SEND SIGNAL!
[DEBUG] 

[DEBUG] [2026-10-07 23:11:00] [SIGNAL] GOT SIGNAL!
[DEBUG] 

[DEBUG] [2026-10-07 23:11:00] [SIGNAL] Signal User: 13610!
[DEBUG] 

[DEBUG] [2026-10-07 23:11:00] [SIGNAL] Signal Payload Size: 37!
[DEBUG] 

[DEBUG] [2026-10-07 23:11:00] [SIGNAL] PROCESS SIGNAL!
[DEBUG] 

[DEBUG] [2026-10-07 23:11:00] [SIGNAL] GOT SIGNAL!
[DEBUG] 

[DEBUG] [2026-10-07 23:11:00] [SIGNAL] Signal User: 13610!
[DEBUG] 

[DEBUG] [2026-10-07 23:11:00] [SIGNAL] Signal Payload Size: 37!
[DEBUG] 

[DEBUG] [2026-10-07 23:11:00] [SIGNAL] PROCESS SIGNAL!
[DEBUG] 

[DEBUG] [2026-10-07 23:11:00] [SIGNAL] GOT SIGNAL!
[DEBUG] 

[DEBUG] [2026-10-07 23:11:00] [SIGNAL] Signal User: 13610!
[DEBUG] 

[DEBUG] [2026-10-07 23:11:00] [SIGNAL] Signal Payload Size: 37!
[DEBUG] 

[DEBUG] [2026-10-07 23:11:00] [SIGNAL] PROCESS SIGNAL!
[DEBUG] 

[DEBUG] [2026-10-07 23:11:01] [SIGNAL] GOT SIGNAL!
[DEBUG] 

[DEBUG] [2026-10-07 23:11:01] [SIGNAL] Signal User: 13610!
[DEBUG] 

[DEBUG] [2026-10-07 23:11:01] [SIGNAL] Signal Payload Size: 37!
[DEBUG] 

[DEBUG] [2026-10-07 23:11:01] [SIGNAL] PROCESS SIGNAL!
[DEBUG] 

[DEBUG] [2026-10-07 23:11:01] [SIGNAL] GOT SIGNAL!
[DEBUG] 

[DEBUG] [2026-10-07 23:11:01] [SIGNAL] Signal User: 13610!
[DEBUG] 

[DEBUG] [2026-10-07 23:11:01] [SIGNAL] Signal Payload Size: 37!
[DEBUG] 

[DEBUG] [2026-10-07 23:11:01] [SIGNAL] PROCESS SIGNAL!
[DEBUG] 

[DEBUG] [2026-10-07 23:11:02] [NGMP] Refreshing network room roster
[DEBUG] 

[DEBUG] [2026-10-07 23:11:03] [0x170946420|https://api.playgenerals.online/env/prod/contract/1/Lobby/67791|Verb 0] Transfer is complete: 2203 bytes total! Curl result is 0
[DEBUG] 

[DEBUG] [2026-10-07 23:11:03] [0x170946420|https://api.playgenerals.online/env/prod/contract/1/Lobby/67791|Verb 0] Response was 200 - {"lobby":{"LobbyID":67791,"Owner":128707,"Name":"[EU][⛊] Yalla habibi","State":0,"MapName":"Death Valley (8)","MapPath":"death valley\\death valley.map","IsMapOfficial":true,"MatchID":0,"TimeCreated":"2026-10-07T18:06:29.1742229Z","NumCurrentPlayers":7,"MaxPlayers":8,"IsVanillaTeamsOnly":false,"StartingCash":10000,"IsLimitSuperweapons":true,"IsTrackingStats":true,"IsPassworded":false,"AllowObservers":true,"ExeCRC":560676586,"IniCRC":2180732466,"NetworkRoomID":1,"RNGSeed":<redacted>,"LobbyType":0,"MatchedUserIDs":[],"Region":"Europe","EstimatedLatency":999999,"MaximumCameraHeight":410,"Members":[{"UserID":128707,"DisplayName":"OCB2026","IsReady":true,"Port":0,"Side":-1,"Team":0,"Color":2,"StartingPosition":0,"HasMap":true,"SlotState":5,"SlotIndex":0,"Region":"Europe","MiddlewareUserID":""},{"UserID":122041,"DisplayName":"G@Li","IsReady":false,"Port":0,"Side":-1,"Team":0,"Color":5,"StartingPosition":3,"HasMap":true,"SlotState":5,"SlotIndex":1,"Region":"Asia","MiddlewareUserID":""},{"UserID":-1,"DisplayName":"","IsReady":false,"Port":0,"Side":-1,"Team":-1,"Color":-1,"StartingPosition":-1,"HasMap":true,"SlotState":0,"SlotIndex":2,"Region":"Unknown","MiddlewareUserID":""},{"UserID":129336,"DisplayName":"weyva","IsReady":false,"Port":0,"Side":-1,"Team":1,"Color":-1,"StartingPosition":6,"HasMap":true,"SlotState":5,"SlotIndex":3,"Region":"Asia","MiddlewareUserID":""},{"UserID":122368,"DisplayName":"zer0$","IsReady":false,"Port":0,"Side":-1,"Team":0,"Color":6,"StartingPosition":-1,"HasMap":true,"SlotState":5,"SlotIndex":4,"Region":"Europe","MiddlewareUserID":""},{"UserID":95502,"DisplayName":"haithamhtoo","IsReady":false,"Port":0,"Side":-1,"Team":1,"Color":-1,"StartingPosition":7,"HasMap":true,"SlotState":5,"SlotIndex":5,"Region":"Europe","MiddlewareUserID":""},{"UserID":13610,"DisplayName":"belal mirai","IsReady":false,"Port":0,"Side":-1,"Team":1,"Color":4,"StartingPosition":2,"HasMap":true,"SlotState":5,"SlotIndex":6,"Region":"Asia","MiddlewareUserID":""},{"UserID":42684,"DisplayName":"shadelolo","IsReady":false,"Port":0,"Side":-1,"Team":0,"Color":-1,"StartingPosition":1,"HasMap":true,"SlotState":5,"SlotIndex":7,"Region":"Europe","MiddlewareUserID":""}],"AnticheatID":0}}!
[DEBUG] 

[DEBUG] [2026-10-07 23:11:04] [0x1708b61e0|https://api.playgenerals.online/env/prod/contract/1/Lobby/67791|Verb 0] Transfer is complete: 2203 bytes total! Curl result is 0
[DEBUG] 

[DEBUG] [2026-10-07 23:11:04] [0x1708b61e0|https://api.playgenerals.online/env/prod/contract/1/Lobby/67791|Verb 0] Response was 200 - {"lobby":{"LobbyID":67791,"Owner":128707,"Name":"[EU][⛊] Yalla habibi","State":0,"MapName":"Death Valley (8)","MapPath":"death valley\\death valley.map","IsMapOfficial":true,"MatchID":0,"TimeCreated":"2026-10-07T18:06:29.1742229Z","NumCurrentPlayers":7,"MaxPlayers":8,"IsVanillaTeamsOnly":false,"StartingCash":10000,"IsLimitSuperweapons":true,"IsTrackingStats":true,"IsPassworded":false,"AllowObservers":true,"ExeCRC":560676586,"IniCRC":2180732466,"NetworkRoomID":1,"RNGSeed":<redacted>,"LobbyType":0,"MatchedUserIDs":[],"Region":"Europe","EstimatedLatency":999999,"MaximumCameraHeight":410,"Members":[{"UserID":128707,"DisplayName":"OCB2026","IsReady":true,"Port":0,"Side":-1,"Team":0,"Color":2,"StartingPosition":0,"HasMap":true,"SlotState":5,"SlotIndex":0,"Region":"Europe","MiddlewareUserID":""},{"UserID":122041,"DisplayName":"G@Li","IsReady":false,"Port":0,"Side":-1,"Team":0,"Color":5,"StartingPosition":3,"HasMap":true,"SlotState":5,"SlotIndex":1,"Region":"Asia","MiddlewareUserID":""},{"UserID":-1,"DisplayName":"","IsReady":false,"Port":0,"Side":-1,"Team":-1,"Color":-1,"StartingPosition":-1,"HasMap":true,"SlotState":0,"SlotIndex":2,"Region":"Unknown","MiddlewareUserID":""},{"UserID":129336,"DisplayName":"weyva","IsReady":false,"Port":0,"Side":-1,"Team":1,"Color":-1,"StartingPosition":6,"HasMap":true,"SlotState":5,"SlotIndex":3,"Region":"Asia","MiddlewareUserID":""},{"UserID":122368,"DisplayName":"zer0$","IsReady":false,"Port":0,"Side":-1,"Team":0,"Color":6,"StartingPosition":-1,"HasMap":true,"SlotState":5,"SlotIndex":4,"Region":"Europe","MiddlewareUserID":""},{"UserID":95502,"DisplayName":"haithamhtoo","IsReady":false,"Port":0,"Side":-1,"Team":1,"Color":-1,"StartingPosition":7,"HasMap":true,"SlotState":5,"SlotIndex":5,"Region":"Europe","MiddlewareUserID":""},{"UserID":13610,"DisplayName":"belal mirai","IsReady":false,"Port":0,"Side":-1,"Team":1,"Color":4,"StartingPosition":5,"HasMap":true,"SlotState":5,"SlotIndex":6,"Region":"Asia","MiddlewareUserID":""},{"UserID":42684,"DisplayName":"shadelolo","IsReady":false,"Port":0,"Side":-1,"Team":0,"Color":-1,"StartingPosition":1,"HasMap":true,"SlotState":5,"SlotIndex":7,"Region":"Europe","MiddlewareUserID":""}],"AnticheatID":0}}!
[DEBUG] 

[DEBUG] [2026-10-07 23:11:04] [STEAM CONNECTION] Attaching connection 2979153155 to user 110275
[DEBUG] 

[DEBUG] [2026-10-07 23:11:04] [STEAM NETWORKING LOGFUNC] [#2979153155 P2P str:110275 rem vport 0] Sending P2P ConnectRequest
[DEBUG] 

[DEBUG] [2026-10-07 23:11:04] [NETWORK_CONNECTION_START_SIGNALLING] Starting signalling with 110275 (MWID: )
[DEBUG] 

[DEBUG] [2026-10-07 23:11:04] [SIGNAL] SEND SIGNAL!
[DEBUG] 

[DEBUG] [2026-10-07 23:11:04] [STEAM NETWORKING][#2979153155 P2P str:110275 rem vport 0] Entered connecting state

[DEBUG] 

[DEBUG] [2026-10-07 23:11:05] [AC] Websocket AC_REGISTER_PLAYER for 110275 and 
[DEBUG] 

[DEBUG] [2026-10-07 23:11:05] [0x17093acc0|https://api.playgenerals.online/env/prod/contract/1/PlayerStats/110275|Verb 0] Transfer is complete: 1966 bytes total! Curl result is 0
[DEBUG] 

[DEBUG] [2026-10-07 23:11:05] [0x17093acc0|https://api.playgenerals.online/env/prod/contract/1/PlayerStats/110275|Verb 0] Response was 200 - {"stats":{"userID":110275,"EloRating":753,"EloMatches":44,"MonthlyEloRating":1023,"wins":[1,1,4,3,2,3,7,5,3,3,3,1,0,0,0],"losses":[1,1,12,12,8,17,8,8,11,11,12,5,14,4,0],"games":[1,1,16,16,11,19,15,13,13,16,17,6,16,5,0],"duration":[22,10,183,182,123,234,219,159,134,183,211,88,159,87,0],"unitsKilled":[36,30,566,479,336,617,792,377,357,661,622,198,463,189,0],"unitsLost":[34,36,812,472,449,1039,1180,569,440,1069,593,522,1069,524,0],"unitsBuilt":[28,110,1030,850,1007,1131,1485,791,932,1125,1009,693,1509,696,0],"buildingsKilled":[10,10,30,29,10,55,57,57,24,50,70,14,5,11,0],"buildingsLost":[8,8,61,43,32,139,56,87,51,56,54,51,51,76,0],"buildingsBuilt":[9,20,297,295,278,444,373,389,325,319,297,189,362,235,0],"earnings":[17250,8912,883261,991142,446958,1231127,1188380,880520,589480,601024529,1149344,488164,846565,502867,0],"techCaptured":[51,3,88,44,76,43,133,49,81,88,122,32,91,13,0],"discons":[0,0,0,0,0,0,0,0,0,0,0,0,0,0,0],"desyncs":[1,1,2,1,0,0,0,0,0,0,0,0,0,0,0],"surrenders":[1,1,6,6,5,10,3,5,5,3,4,4,7,1,0],"gamesOf2p":[1,1,5,5,4,7,3,2,2,3,4,1,3,1,0],"gamesOf3p":[1,0,0,0,0,0,0,0,0,0,0,0,0,0,0],"gamesOf4p":[1,1,2,2,1,3,1,2,3,1,1,0,0,0,0],"gamesOf5p":[1,0,0,0,0,0,0,0,0,0,0,0,0,0,0],"gamesOf6p":[1,1,9,9,4,10,11,6,9,8,6,3,6,2,0],"gamesOf7p":[0,0,0,0,0,0,0,0,0,0,0,0,0,0,0],"gamesOf8p":[1,1,2,2,3,2,1,2,1,1,1,0,0,0,0],"customGames":[0,0,0,0,0,0,0,0,0,0,0,0,0,0,0],"QMGames":[0,0,0,0,0,0,0,0,0,0,0,0,0,0,0],"customGamesPerGeneral":[1,0,0,0,0,0,0,0,0,0,0,0,0,0,0],"quickMatchesPerGeneral":[1,0,0,0,0,0,0,0,0,0,0,0,0,0,0],"locale":0,"gamesAsRandom":123,"options":"","systemSpec":"","lastFPS":0,"lastGeneral":9,"gamesInRowWithLastGeneral":1,"challengeMedals":0,"battleHonors":180610,"QMwinsInARow":0,"maxQMwinsInARow":0,"winsInARow":0,"maxWinsInARow":5,"lossesInARow":7,"maxLossesInARow":11,"disconsInARow":0,"maxDisconsInARow":0,"desyncsInARow":0,"maxDesyncsInARow":1,"builtParticleCannon":3,"builtNuke":3,"builtSCUD":4,"lastLadderPort":0,"lastLadderHost":""}}!
[DEBUG] 

[DEBUG] [2026-10-07 23:11:05] [0x170926200|https://api.playgenerals.online/env/prod/contract/1/ConnectionOutcome|Verb 0] Transfer is complete: 17 bytes total! Curl result is 0
[DEBUG] 

[DEBUG] [2026-10-07 23:11:05] [0x170926200|https://api.playgenerals.online/env/prod/contract/1/ConnectionOutcome|Verb 0] Response was 200 - {"success":false}!
[DEBUG] 

[DEBUG] [2026-10-07 23:11:05] [STEAM NETWORKING LOGFUNC] [#2979153155 P2P str:110275 vport 0 'Steam Connection User110275'] Sending P2P ConnectRequest
[DEBUG] 

[DEBUG] [2026-10-07 23:11:05] [SIGNAL] SEND SIGNAL!
[DEBUG] 

[DEBUG] [2026-10-07 23:11:05] [STEAM NETWORKING LOGFUNC] [#2979153155 P2P str:110275 vport 0 'Steam Connection User110275'] Sending P2P ConnectRequest
[DEBUG] 

[DEBUG] [2026-10-07 23:11:05] [0x17093a960|https://api.playgenerals.online/env/prod/contract/1/ConnectionOutcome|Verb 0] Transfer is complete: 17 bytes total! Curl result is 0
[DEBUG] 

[DEBUG] [2026-10-07 23:11:05] [0x17093a960|https://api.playgenerals.online/env/prod/contract/1/ConnectionOutcome|Verb 0] Response was 200 - {"success":false}!
[DEBUG] 

[DEBUG] [2026-10-07 23:11:05] [SIGNAL] SEND SIGNAL!
[DEBUG] 

[DEBUG] [2026-10-07 23:11:05] [SIGNAL] GOT SIGNAL!
[DEBUG] 

[DEBUG] [2026-10-07 23:11:05] [SIGNAL] Signal User: 110275!
[DEBUG] 

[DEBUG] [2026-10-07 23:11:05] [SIGNAL] Signal Payload Size: 497!
[DEBUG] 

[DEBUG] [2026-10-07 23:11:05] [0x1708d9e80|https://api.playgenerals.online/env/prod/contract/1/Lobby/67791|Verb 0] Transfer is complete: 2211 bytes total! Curl result is 0
[DEBUG] 

[DEBUG] [2026-10-07 23:11:05] [0x1708d9e80|https://api.playgenerals.online/env/prod/contract/1/Lobby/67791|Verb 0] Response was 200 - {"lobby":{"LobbyID":67791,"Owner":128707,"Name":"[EU][⛊] Yalla habibi","State":0,"MapName":"Death Valley (8)","MapPath":"death valley\\death valley.map","IsMapOfficial":true,"MatchID":0,"TimeCreated":"2026-10-07T18:06:29.1742229Z","NumCurrentPlayers":8,"MaxPlayers":8,"IsVanillaTeamsOnly":false,"StartingCash":10000,"IsLimitSuperweapons":true,"IsTrackingStats":true,"IsPassworded":false,"AllowObservers":true,"ExeCRC":560676586,"IniCRC":2180732466,"NetworkRoomID":1,"RNGSeed":<redacted>,"LobbyType":0,"MatchedUserIDs":[],"Region":"Europe","EstimatedLatency":999999,"MaximumCameraHeight":410,"Members":[{"UserID":128707,"DisplayName":"OCB2026","IsReady":true,"Port":0,"Side":-1,"Team":0,"Color":2,"StartingPosition":0,"HasMap":true,"SlotState":5,"SlotIndex":0,"Region":"Europe","MiddlewareUserID":""},{"UserID":122041,"DisplayName":"G@Li","IsReady":false,"Port":0,"Side":-1,"Team":0,"Color":5,"StartingPosition":3,"HasMap":true,"SlotState":5,"SlotIndex":1,"Region":"Asia","MiddlewareUserID":""},{"UserID":110275,"DisplayName":"حسين","IsReady":false,"Port":0,"Side":-1,"Team":-1,"Color":1,"StartingPosition":-1,"HasMap":true,"SlotState":5,"SlotIndex":2,"Region":"Asia","MiddlewareUserID":""},{"UserID":129336,"DisplayName":"weyva","IsReady":false,"Port":0,"Side":-1,"Team":1,"Color":-1,"StartingPosition":6,"HasMap":true,"SlotState":5,"SlotIndex":3,"Region":"Asia","MiddlewareUserID":""},{"UserID":122368,"DisplayName":"zer0$","IsReady":false,"Port":0,"Side":-1,"Team":0,"Color":6,"StartingPosition":-1,"HasMap":true,"SlotState":5,"SlotIndex":4,"Region":"Europe","MiddlewareUserID":""},{"UserID":95502,"DisplayName":"haithamhtoo","IsReady":false,"Port":0,"Side":-1,"Team":1,"Color":-1,"StartingPosition":7,"HasMap":true,"SlotState":5,"SlotIndex":5,"Region":"Europe","MiddlewareUserID":""},{"UserID":13610,"DisplayName":"belal mirai","IsReady":false,"Port":0,"Side":-1,"Team":1,"Color":4,"StartingPosition":5,"HasMap":true,"SlotState":5,"SlotIndex":6,"Region":"Asia","MiddlewareUserID":""},{"UserID":42684,"DisplayName":"shadelolo","IsReady":false,"Port":0,"Side":-1,"Team":0,"Color":-1,"StartingPosition":1,"HasMap":true,"SlotState":5,"SlotIndex":7,"Region":"Europe","MiddlewareUserID":""}],"AnticheatID":0}}!
[DEBUG] 

[DEBUG] [2026-10-07 23:11:05] [SIGNAL] PROCESS SIGNAL!
[DEBUG] 

[DEBUG] [2026-10-07 23:11:05] [STEAM NETWORKING][#2979153155 P2P str:110275 vport 0 'Steam Connection User110275'] finding route

[DEBUG] 

[DEBUG] [2026-10-07 23:11:05] [SIGNAL] GOT SIGNAL!
[DEBUG] 

[DEBUG] [2026-10-07 23:11:05] [SIGNAL] Signal User: 110275!
[DEBUG] 

[DEBUG] [2026-10-07 23:11:05] [SIGNAL] Signal Payload Size: 645!
[DEBUG] 

[DEBUG] [2026-10-07 23:11:05] [SIGNAL] SEND SIGNAL!
[DEBUG] 

[DEBUG] [2026-10-07 23:11:05] [SIGNAL] PROCESS SIGNAL!
[DEBUG] 

[DEBUG] [2026-10-07 23:11:05] [STEAM NETWORKING LOGFUNC] [#2979153155 P2P str:110275 vport 0 'Steam Connection User110275'] Got remote candidate 'candidate:692988236 0 udp 2122260224 192.168.22.9 55613 typ host generation 0 ufrag BWeY9 network-id 1'
[DEBUG] 

[DEBUG] [2026-10-07 23:11:05] [STEAM NETWORKING LOGFUNC] [#2979153155 P2P str:110275 vport 0 'Steam Connection User110275'] Got remote candidate 'candidate:3747500184 0 udp 1686052608 194.127.109.200 4372 typ srflx raddr 192.168.22.9 rport 55613 generation 0 ufrag BWeY9 network-id 1'
[DEBUG] 

[DEBUG] [2026-10-07 23:11:05] [STEAM NETWORKING LOGFUNC] [#2979153155 P2P str:110275 vport 0 'Steam Connection User110275'] Got remote candidate 'candidate:3195081774 0 udp 41885440 104.30.146.70 23801 typ relay raddr 194.127.109.200 rport 4372 generation 0 ufrag BWeY9 network-id 1'
[DEBUG] 

[DEBUG] [2026-10-07 23:11:05] [SIGNAL] GOT SIGNAL!
[DEBUG] 

[DEBUG] [2026-10-07 23:11:05] [SIGNAL] Signal User: 110275!
[DEBUG] 

[DEBUG] [2026-10-07 23:11:05] [SIGNAL] Signal Payload Size: 795!
[DEBUG] 

[DEBUG] [2026-10-07 23:11:05] [SIGNAL] PROCESS SIGNAL!
[DEBUG] 

[DEBUG] [2026-10-07 23:11:05] [STEAM NETWORKING LOGFUNC] [#2979153155 P2P str:110275 vport 0 'Steam Connection User110275'] Got remote candidate 'candidate:3747500184 0 udp 1686052608 194.127.109.195 17439 typ srflx raddr 192.168.22.9 rport 55613 generation 0 ufrag BWeY9 network-id 1'
[DEBUG] 

[DEBUG] [2026-10-07 23:11:05] [SIGNAL] SEND SIGNAL!
[DEBUG] 

[DEBUG] [2026-10-07 23:11:05] [0x1708d9e80|https://api.playgenerals.online/env/prod/contract/1/ConnectionOutcome|Verb 0] Transfer is complete: 17 bytes total! Curl result is 0
[DEBUG] 

[DEBUG] [2026-10-07 23:11:05] [0x1708d9e80|https://api.playgenerals.online/env/prod/contract/1/ConnectionOutcome|Verb 0] Response was 200 - {"success":false}!
[DEBUG] 

[DEBUG] [2026-10-07 23:11:05] [SIGNAL] SEND SIGNAL!
[DEBUG] 

[DEBUG] [2026-10-07 23:11:05] [SIGNAL] GOT SIGNAL!
[DEBUG] 

[DEBUG] [2026-10-07 23:11:05] [SIGNAL] Signal User: 110275!
[DEBUG] 

[DEBUG] [2026-10-07 23:11:05] [SIGNAL] Signal Payload Size: 38!
[DEBUG] 

[DEBUG] [2026-10-07 23:11:05] [SIGNAL] PROCESS SIGNAL!
[DEBUG] 

[DEBUG] [2026-10-07 23:11:05] [SIGNAL] GOT SIGNAL!
[DEBUG] 

[DEBUG] [2026-10-07 23:11:05] [SIGNAL] Signal User: 110275!
[DEBUG] 

[DEBUG] [2026-10-07 23:11:05] [SIGNAL] Signal Payload Size: 38!
[DEBUG] 

[DEBUG] [2026-10-07 23:11:05] [SIGNAL] PROCESS SIGNAL!
[DEBUG] 

[DEBUG] [2026-10-07 23:11:05] [0x1708f8480|https://api.playgenerals.online/env/prod/contract/1/Lobby/67791|Verb 0] Transfer is complete: 2210 bytes total! Curl result is 0
[DEBUG] 

[DEBUG] [2026-10-07 23:11:05] [0x1708f8480|https://api.playgenerals.online/env/prod/contract/1/Lobby/67791|Verb 0] Response was 200 - {"lobby":{"LobbyID":67791,"Owner":128707,"Name":"[EU][⛊] Yalla habibi","State":0,"MapName":"Death Valley (8)","MapPath":"death valley\\death valley.map","IsMapOfficial":true,"MatchID":0,"TimeCreated":"2026-10-07T18:06:29.1742229Z","NumCurrentPlayers":8,"MaxPlayers":8,"IsVanillaTeamsOnly":false,"StartingCash":10000,"IsLimitSuperweapons":true,"IsTrackingStats":true,"IsPassworded":false,"AllowObservers":true,"ExeCRC":560676586,"IniCRC":2180732466,"NetworkRoomID":1,"RNGSeed":<redacted>,"LobbyType":0,"MatchedUserIDs":[],"Region":"Europe","EstimatedLatency":999999,"MaximumCameraHeight":410,"Members":[{"UserID":128707,"DisplayName":"OCB2026","IsReady":true,"Port":0,"Side":-1,"Team":0,"Color":2,"StartingPosition":0,"HasMap":true,"SlotState":5,"SlotIndex":0,"Region":"Europe","MiddlewareUserID":""},{"UserID":122041,"DisplayName":"G@Li","IsReady":false,"Port":0,"Side":-1,"Team":0,"Color":5,"StartingPosition":3,"HasMap":true,"SlotState":5,"SlotIndex":1,"Region":"Asia","MiddlewareUserID":""},{"UserID":110275,"DisplayName":"حسين","IsReady":false,"Port":0,"Side":-1,"Team":-1,"Color":1,"StartingPosition":-1,"HasMap":true,"SlotState":5,"SlotIndex":2,"Region":"Asia","MiddlewareUserID":""},{"UserID":129336,"DisplayName":"weyva","IsReady":false,"Port":0,"Side":-1,"Team":1,"Color":-1,"StartingPosition":6,"HasMap":true,"SlotState":5,"SlotIndex":3,"Region":"Asia","MiddlewareUserID":""},{"UserID":122368,"DisplayName":"zer0$","IsReady":false,"Port":0,"Side":-1,"Team":0,"Color":6,"StartingPosition":-1,"HasMap":true,"SlotState":5,"SlotIndex":4,"Region":"Europe","MiddlewareUserID":""},{"UserID":95502,"DisplayName":"haithamhtoo","IsReady":false,"Port":0,"Side":-1,"Team":1,"Color":-1,"StartingPosition":7,"HasMap":true,"SlotState":5,"SlotIndex":5,"Region":"Europe","MiddlewareUserID":""},{"UserID":13610,"DisplayName":"belal mirai","IsReady":true,"Port":0,"Side":-1,"Team":1,"Color":4,"StartingPosition":5,"HasMap":true,"SlotState":5,"SlotIndex":6,"Region":"Asia","MiddlewareUserID":""},{"UserID":42684,"DisplayName":"shadelolo","IsReady":false,"Port":0,"Side":-1,"Team":0,"Color":-1,"StartingPosition":1,"HasMap":true,"SlotState":5,"SlotIndex":7,"Region":"Europe","MiddlewareUserID":""}],"AnticheatID":0}}!
[DEBUG] 

[DEBUG] [2026-10-07 23:11:06] [STEAM NETWORKING LOGFUNC] [#1823838361 P2P str:13610 vport 0 'Steam Connection User13610'] problem detected locally (5008): Timed out attempting to negotiate rendezvous
[DEBUG] 

[DEBUG] [2026-10-07 23:11:06] [STEAM NETWORKING LOGFUNC] [#1823838361 P2P str:13610 vport 0 'Steam Connection User13610'] Guessed ICE failure to be 5009: NAT traversal failed
[DEBUG] 

[DEBUG] [2026-10-07 23:11:06] [SIGNAL] GOT SIGNAL!
[DEBUG] 

[DEBUG] [2026-10-07 23:11:06] [SIGNAL] Signal User: 110275!
[DEBUG] 

[DEBUG] [2026-10-07 23:11:06] [SIGNAL] Signal Payload Size: 38!
[DEBUG] 

[DEBUG] [2026-10-07 23:11:06] [SIGNAL] SEND SIGNAL!
[DEBUG] 

[DEBUG] [2026-10-07 23:11:06] [SIGNAL] PROCESS SIGNAL!
[DEBUG] 

[DEBUG] [2026-10-07 23:11:06] [STEAM NETWORKING LOGFUNC] Invalid lane count 1; Connection only has 0 lanes configured
[DEBUG] 

[DEBUG] [2026-10-07 23:11:06] [STEAM NETWORKING][#1823838361 P2P str:13610 vport 0 'Steam Connection User13610'] problem detected locally, reason 5008: Timed out attempting to negotiate rendezvous

[DEBUG] 

[DEBUG] [2026-10-07 23:11:06] [DC] Closing in callback
[DEBUG] 

[DEBUG] [2026-10-07 23:11:06] [DC] Closing connection 13610
[DEBUG] 

[DEBUG] [2026-10-07 23:11:06] [STEAM CONNECTION] Setting connection 1823838361 to disconnected/invalid on user 13610
[DEBUG] 

[DEBUG] [2026-10-07 23:11:06] [STEAM NETWORKING][DISCONNECT HANDLER] Determined we didn't connect due to an error, Retrying: 1 (currently at 1/2 attempts)
[DEBUG] 

[DEBUG] [2026-10-07 23:11:06] [STEAM NETWORKING][DISCONNECT HANDLER] Retrying...
[DEBUG] 

[DEBUG] [2026-10-07 23:11:06] [STEAM NETWORKING][DISCONNECT HANDLER] Send signal start request...
[DEBUG] 

[DEBUG] [2026-10-07 23:11:06] [SIGNAL] SEND REQUEST SIGNALING!
[DEBUG] 

[DEBUG] [2026-10-07 23:11:06] [STEAM NETWORKING]DISCONNECTED OR PROBLEM DETECTED 5008

[DEBUG] 

[DEBUG] [2026-10-07 23:11:06] [DISC] Recv Failed 1 from user 13610
[DEBUG] 

[DEBUG] [2026-10-07 23:11:06] [DISC] Recv Failed 1 from user 13610
[DEBUG] 

[DEBUG] [2026-10-07 23:11:06] [DISC] Recv Failed 1 from user 13610
[DEBUG] 

[DEBUG] [2026-10-07 23:11:06] [ERASE 3] Removing user 13610
[DEBUG] 

[DEBUG] [2026-10-07 23:11:06] [STEAM CONNECTION] Attaching connection 2329477229 to user 13610
[DEBUG] 

[DEBUG] [2026-10-07 23:11:06] [STEAM NETWORKING LOGFUNC] [#2329477229 P2P str:13610 rem vport 0] Sending P2P ConnectRequest
[DEBUG] 

[DEBUG] [2026-10-07 23:11:06] [NETWORK_CONNECTION_START_SIGNALLING] Starting signalling with 13610 (MWID: )
[DEBUG] 

[DEBUG] [2026-10-07 23:11:06] [SIGNAL] SEND SIGNAL!
[DEBUG] 

[DEBUG] [2026-10-07 23:11:06] [STEAM NETWORKING][#2329477229 P2P str:13610 rem vport 0] Entered connecting state

[DEBUG] 

[DEBUG] [2026-10-07 23:11:06] [STEAM NETWORKING LOGFUNC] [#2329477229 P2P str:13610 vport 0 'Steam Connection User13610'] Sending P2P ConnectRequest
[DEBUG] 

[DEBUG] [2026-10-07 23:11:06] [0x170836260|https://api.playgenerals.online/env/prod/contract/1/PlayerStats/13610|Verb 0] Transfer is complete: 2014 bytes total! Curl result is 0
[DEBUG] 

[DEBUG] [2026-10-07 23:11:06] [0x170836260|https://api.playgenerals.online/env/prod/contract/1/PlayerStats/13610|Verb 0] Response was 200 - {"stats":{"userID":13610,"EloRating":908,"EloMatches":155,"MonthlyEloRating":1000,"wins":[1,1,10,5,12,9,3,10,7,9,4,8,6,6,0],"losses":[1,1,15,15,19,18,12,15,13,19,17,15,13,8,0],"games":[1,1,28,22,30,28,20,28,29,35,26,27,22,19,0],"duration":[1,2,416,233,436,275,130,201,251,455,236,255,246,219,0],"unitsKilled":[11,7,1842,757,2686,1119,363,946,884,2377,735,939,872,697,0],"unitsLost":[6,24,2268,864,3302,959,547,992,753,3332,491,1416,1314,1123,0],"unitsBuilt":[8,26,2573,1450,4598,1459,847,1521,1485,3341,1345,2412,2005,1998,0],"buildingsKilled":[3,17,216,38,287,171,36,117,39,143,82,50,108,32,0],"buildingsLost":[2,2,101,77,254,66,28,42,84,119,44,141,126,121,0],"buildingsBuilt":[6,5,707,340,1032,405,285,348,460,612,332,697,552,452,0],"earnings":[300,5475,3444323,1328497,3853425,1683656,885457,1266580,1520690,3299322,1618796,2110688,1878426,1446913,0],"techCaptured":[4,2,120,92,145,105,53,66,95,121,162,163,97,71,0],"discons":[0,0,0,0,0,0,0,0,0,0,0,0,0,0,0],"desyncs":[1,1,1,2,1,1,2,0,0,0,0,0,0,0,0],"surrenders":[1,1,7,6,5,7,6,7,6,10,9,5,8,4,0],"gamesOf2p":[1,1,13,13,17,18,10,18,19,21,14,17,12,13,0],"gamesOf3p":[1,0,0,0,0,0,0,0,0,0,0,0,0,0,0],"gamesOf4p":[1,1,6,4,7,3,3,5,2,4,4,3,2,0,0],"gamesOf5p":[1,1,0,0,0,0,0,0,0,0,0,0,0,0,0],"gamesOf6p":[1,1,10,6,7,8,8,6,6,11,6,5,8,4,0],"gamesOf7p":[0,0,0,0,0,0,0,0,0,0,0,0,0,0,0],"gamesOf8p":[1,1,1,1,1,1,1,0,0,0,0,0,0,0,0],"customGames":[0,0,0,0,0,0,0,0,0,0,0,0,0,0,0],"QMGames":[0,0,0,0,0,0,0,0,0,0,0,0,0,0,0],"customGamesPerGeneral":[1,0,0,0,0,0,0,0,0,0,0,0,0,0,0],"quickMatchesPerGeneral":[1,0,0,0,0,0,0,0,0,0,0,0,0,0,0],"locale":0,"gamesAsRandom":126,"options":"","systemSpec":"","lastFPS":0,"lastGeneral":6,"gamesInRowWithLastGeneral":1,"challengeMedals":0,"battleHonors":4374914,"QMwinsInARow":0,"maxQMwinsInARow":0,"winsInARow":0,"maxWinsInARow":5,"lossesInARow":0,"maxLossesInARow":10,"disconsInARow":0,"maxDisconsInARow":2,"desyncsInARow":1,"maxDesyncsInARow":4,"builtParticleCannon":11,"builtNuke":29,"builtSCUD":23,"lastLadderPort":0,"lastLadderHost":""}}!
[DEBUG] 

[DEBUG] [2026-10-07 23:11:06] [0x17092f9e0|https://api.playgenerals.online/env/prod/contract/1/ConnectionOutcome|Verb 0] Transfer is complete: 17 bytes total! Curl result is 0
[DEBUG] 

[DEBUG] [2026-10-07 23:11:06] [0x17092f9e0|https://api.playgenerals.online/env/prod/contract/1/ConnectionOutcome|Verb 0] Response was 200 - {"success":false}!
[DEBUG] 

[DEBUG] [2026-10-07 23:11:06] [SIGNAL] SEND SIGNAL!
[DEBUG] 

[DEBUG] [2026-10-07 23:11:06] [STEAM NETWORKING LOGFUNC] [#2329477229 P2P str:13610 vport 0 'Steam Connection User13610'] Sending P2P ConnectRequest
[DEBUG] 

[DEBUG] [2026-10-07 23:11:06] [SIGNAL] GOT SIGNAL!
[DEBUG] 

[DEBUG] [2026-10-07 23:11:06] [SIGNAL] Signal User: 13610!
[DEBUG] 

[DEBUG] [2026-10-07 23:11:06] [SIGNAL] Signal Payload Size: 40!
[DEBUG] 

[DEBUG] [2026-10-07 23:11:06] [SIGNAL] SEND SIGNAL!
[DEBUG] 

[DEBUG] [2026-10-07 23:11:06] [SIGNAL] PROCESS SIGNAL!
[DEBUG] 

[DEBUG] [2026-10-07 23:11:06] [SIGNAL] GOT SIGNAL!
[DEBUG] 

[DEBUG] [2026-10-07 23:11:06] [SIGNAL] Signal User: 13610!
[DEBUG] 

[DEBUG] [2026-10-07 23:11:06] [SIGNAL] Signal Payload Size: 361!
[DEBUG] 

[DEBUG] [2026-10-07 23:11:06] [SIGNAL] PROCESS SIGNAL!
[DEBUG] 

[DEBUG] [2026-10-07 23:11:06] [SIGNAL] GOT SIGNAL!
[DEBUG] 

[DEBUG] [2026-10-07 23:11:06] [SIGNAL] Signal User: 13610!
[DEBUG] 

[DEBUG] [2026-10-07 23:11:06] [SIGNAL] Signal Payload Size: 525!
[DEBUG] 

[DEBUG] [2026-10-07 23:11:06] [SIGNAL] PROCESS SIGNAL!
[DEBUG] 

[DEBUG] [2026-10-07 23:11:06] [SIGNAL] GOT SIGNAL!
[DEBUG] 

[DEBUG] [2026-10-07 23:11:06] [SIGNAL] Signal User: 13610!
[DEBUG] 

[DEBUG] [2026-10-07 23:11:06] [SIGNAL] Signal Payload Size: 686!
[DEBUG] 

[DEBUG] [2026-10-07 23:11:06] [SIGNAL] PROCESS SIGNAL!
[DEBUG] 

[DEBUG] [2026-10-07 23:11:06] [STEAM NETWORKING LOGFUNC] [#2979153155 P2P ICE str:110275 vport 0 'Steam Connection User110275'] Peer appears to be using 'ICE' transport as primary
[DEBUG] 

[DEBUG] [2026-10-07 23:11:06] [STEAM NETWORKING LOGFUNC] [#2979153155 P2P ICE str:110275 vport 0 'Steam Connection User110275'] connected
[DEBUG] 

[DEBUG] [2026-10-07 23:11:06] [STEAM NETWORKING][#2979153155 P2P ICE str:110275 vport 0 'Steam Connection User110275'] connected

[DEBUG] 

[DEBUG] [2026-10-07 23:11:06] [CONNECTION FLAGS]: has k_nSteamNetworkConnectionInfoFlags_Unauthenticated
[DEBUG] 

[DEBUG] [2026-10-07 23:11:06] [MESH] Connected to user 110275 in 1792 ms (Relayed, signalling attempt 1)
[DEBUG] 

[DEBUG] [2026-10-07 23:11:06] [SIGNAL] GOT SIGNAL!
[DEBUG] 

[DEBUG] [2026-10-07 23:11:06] [SIGNAL] Signal User: 13610!
[DEBUG] 

[DEBUG] [2026-10-07 23:11:06] [SIGNAL] Signal Payload Size: 700!
[DEBUG] 

[DEBUG] [2026-10-07 23:11:06] [SIGNAL] PROCESS SIGNAL!
[DEBUG] 

[DEBUG] [2026-10-07 23:11:06] [STEAM NETWORKING LOGFUNC] [#2329477229 P2P str:13610 vport 0 'Steam Connection User13610'] Got remote candidate 'candidate:89174025 0 udp 2122260224 192.168.43.71 64355 typ host generation 0 ufrag mutoE network-id 1 network-cost 10'
[DEBUG] 

[DEBUG] [2026-10-07 23:11:06] [STEAM NETWORKING LOGFUNC] [#2329477229 P2P str:13610 vport 0 'Steam Connection User13610'] Got remote candidate 'candidate:2216212157 0 udp 1686052608 94.249.48.110 2228 typ srflx raddr 192.168.43.71 rport 64355 generation 0 ufrag mutoE network-id 1 network-cost 10'
[DEBUG] 

[DEBUG] [2026-10-07 23:11:06] [STEAM NETWORKING LOGFUNC] [#2329477229 P2P str:13610 vport 0 'Steam Connection User13610'] Got remote candidate 'candidate:382863347 0 udp 41885440 104.30.148.54 52730 typ relay raddr 94.249.48.110 rport 2228 generation 0 ufrag mutoE network-id 1 network-cost 10'
[DEBUG] 

[DEBUG] [2026-10-07 23:11:06] [STEAM NETWORKING LOGFUNC] [#2329477229 P2P str:13610 vport 0 'Steam Connection User13610'] Received ConnectOK in P2P Rendezvous.
[DEBUG] 

[DEBUG] [2026-10-07 23:11:06] [STEAM NETWORKING LOGFUNC] [#2329477229 P2P str:13610 vport 0 'Steam Connection User13610'] finding route
[DEBUG] 

[DEBUG] [2026-10-07 23:11:06] [STEAM NETWORKING][#2329477229 P2P str:13610 vport 0 'Steam Connection User13610'] finding route

[DEBUG] 

[DEBUG] [2026-10-07 23:11:06] [SIGNAL] SEND SIGNAL!
[DEBUG] 

[DEBUG] [2026-10-07 23:11:06] [SIGNAL] GOT SIGNAL!
[DEBUG] 

[DEBUG] [2026-10-07 23:11:06] [SIGNAL] Signal User: 13610!
[DEBUG] 

[DEBUG] [2026-10-07 23:11:06] [SIGNAL] Signal Payload Size: 826!
[DEBUG] 

[DEBUG] [2026-10-07 23:11:06] [SIGNAL] PROCESS SIGNAL!
[DEBUG] 

[DEBUG] [2026-10-07 23:11:06] [STEAM NETWORKING LOGFUNC] [#2329477229 P2P str:13610 vport 0 'Steam Connection User13610'] Got remote candidate 'candidate:89174025 0 udp 2122260224 192.168.43.71 64358 typ host generation 0 ufrag mutoE network-id 1 network-cost 10'
[DEBUG] 

[DEBUG] [2026-10-07 23:11:06] [SIGNAL] SEND SIGNAL!
[DEBUG] 

[DEBUG] [2026-10-07 23:11:07] [SIGNAL] GOT SIGNAL!
[DEBUG] 

[DEBUG] [2026-10-07 23:11:07] [SIGNAL] Signal User: 13610!
[DEBUG] 

[DEBUG] [2026-10-07 23:11:07] [SIGNAL] Signal Payload Size: 364!
[DEBUG] 

[DEBUG] [2026-10-07 23:11:07] [SIGNAL] PROCESS SIGNAL!
[DEBUG] 

[DEBUG] [2026-10-07 23:11:07] [STEAM NETWORKING LOGFUNC] [#2329477229 P2P str:13610 vport 0 'Steam Connection User13610'] Got remote candidate 'candidate:2216212157 0 udp 1686052608 94.249.48.110 2152 typ srflx raddr 192.168.43.71 rport 64358 generation 0 ufrag mutoE network-id 1 network-cost 10'
[DEBUG] 

[DEBUG] [2026-10-07 23:11:07] [STEAM NETWORKING LOGFUNC] [#2329477229 P2P str:13610 vport 0 'Steam Connection User13610'] Got remote candidate 'candidate:382863347 0 udp 41885440 104.30.148.54 62046 typ relay raddr 94.249.48.110 rport 2152 generation 0 ufrag mutoE network-id 1 network-cost 10'
[DEBUG] 

[DEBUG] [2026-10-07 23:11:07] [SIGNAL] SEND SIGNAL!
[DEBUG] 

[DEBUG] [2026-10-07 23:11:07] [STEAM NETWORKING LOGFUNC] [#2329477229 P2P str:13610 vport 0 'Steam Connection User13610'] Peer appears to be using 'ICE' transport as primary
[DEBUG] 

[DEBUG] [2026-10-07 23:11:07] [AC] Websocket AC_DEREGISTER_PLAYER for 110275 and 
[DEBUG] 

[DEBUG] [2026-10-07 23:11:07] [DC] Dumping all Steam connections
[DEBUG] 

[DEBUG] [2026-10-07 23:11:07] [DC] Dumped steam connection, Handle 2329477229 User 13610 (13610)
[DEBUG] 

[DEBUG] [2026-10-07 23:11:07] [DC] Dumped steam connection, Handle 392121347 User 42684 (42684)
[DEBUG] 

[DEBUG] [2026-10-07 23:11:07] [DC] Dumped steam connection, Handle 3493104832 User 95502 (95502)
[DEBUG] 

[DEBUG] [2026-10-07 23:11:07] [DC] Dumped steam connection, Handle 2979153155 User 110275 (110275)
[DEBUG] 

[DEBUG] [2026-10-07 23:11:07] [DC] Dumped steam connection, Handle 1275375511 User 122041 (122041)
[DEBUG] 

[DEBUG] [2026-10-07 23:11:07] [DC] Dumped steam connection, Handle 1950828335 User 122368 (122368)
[DEBUG] 

[DEBUG] [2026-10-07 23:11:07] [DC] Dumped steam connection, Handle 1907272017 User 128707 (128707)
[DEBUG] 

[DEBUG] [2026-10-07 23:11:07] [DC] Closing connection 110275
[DEBUG] 

[DEBUG] [2026-10-07 23:11:07] [DC] Steam connection handle is 2979153155
[DEBUG] 

[DEBUG] [2026-10-07 23:11:07] [STEAM NETWORKING LOGFUNC] [#2979153155 P2P ICE str:110275 vport 0 'Steam Connection User110275'] closed by app (1000) Client Disconnecting Gracefully (Got EWebSocketMessageID::NETWORK_CONNECTION_DISCONNECT_PLAYER from service)
[DEBUG] 

[DEBUG] [2026-10-07 23:11:07] [ERASE] Removing user 110275
[DEBUG] 

[DEBUG] [2026-10-07 23:11:07] [0x1708dc5e0|https://api.playgenerals.online/env/prod/contract/1/ConnectionOutcome|Verb 0] Transfer is complete: 17 bytes total! Curl result is 0
[DEBUG] 

[DEBUG] [2026-10-07 23:11:07] [0x1708dc5e0|https://api.playgenerals.online/env/prod/contract/1/ConnectionOutcome|Verb 0] Response was 200 - {"success":false}!
[DEBUG] 

[DEBUG] [2026-10-07 23:11:07] [0x170939880|https://api.playgenerals.online/env/prod/contract/1/ConnectionOutcome|Verb 0] Transfer is complete: 17 bytes total! Curl result is 0
[DEBUG] 

[DEBUG] [2026-10-07 23:11:07] [0x170939880|https://api.playgenerals.online/env/prod/contract/1/ConnectionOutcome|Verb 0] Response was 200 - {"success":false}!
[DEBUG] 

[DEBUG] [2026-10-07 23:11:08] [STEAM NETWORKING LOGFUNC] [#2329477229 P2P ICE str:13610 vport 0 'Steam Connection User13610'] connected
[DEBUG] 

[DEBUG] [2026-10-07 23:11:08] [STEAM NETWORKING][#2329477229 P2P ICE str:13610 vport 0 'Steam Connection User13610'] connected

[DEBUG] 

[DEBUG] [2026-10-07 23:11:08] [CONNECTION FLAGS]: has k_nSteamNetworkConnectionInfoFlags_Unauthenticated
[DEBUG] 

[DEBUG] [2026-10-07 23:11:08] [MESH] Connected to user 13610 in 1850 ms (Relayed, signalling attempt 2)
[DEBUG] 

[DEBUG] [2026-10-07 23:11:08] [0x17090e140|https://api.playgenerals.online/env/prod/contract/1/Lobby/67791|Verb 0] Transfer is complete: 2202 bytes total! Curl result is 0
[DEBUG] 

[DEBUG] [2026-10-07 23:11:08] [0x17090e140|https://api.playgenerals.online/env/prod/contract/1/Lobby/67791|Verb 0] Response was 200 - {"lobby":{"LobbyID":67791,"Owner":128707,"Name":"[EU][⛊] Yalla habibi","State":0,"MapName":"Death Valley (8)","MapPath":"death valley\\death valley.map","IsMapOfficial":true,"MatchID":0,"TimeCreated":"2026-10-07T18:06:29.1742229Z","NumCurrentPlayers":7,"MaxPlayers":8,"IsVanillaTeamsOnly":false,"StartingCash":10000,"IsLimitSuperweapons":true,"IsTrackingStats":true,"IsPassworded":false,"AllowObservers":true,"ExeCRC":560676586,"IniCRC":2180732466,"NetworkRoomID":1,"RNGSeed":<redacted>,"LobbyType":0,"MatchedUserIDs":[],"Region":"Europe","EstimatedLatency":999999,"MaximumCameraHeight":410,"Members":[{"UserID":128707,"DisplayName":"OCB2026","IsReady":true,"Port":0,"Side":-1,"Team":0,"Color":2,"StartingPosition":0,"HasMap":true,"SlotState":5,"SlotIndex":0,"Region":"Europe","MiddlewareUserID":""},{"UserID":122041,"DisplayName":"G@Li","IsReady":false,"Port":0,"Side":-1,"Team":0,"Color":5,"StartingPosition":3,"HasMap":true,"SlotState":5,"SlotIndex":1,"Region":"Asia","MiddlewareUserID":""},{"UserID":-1,"DisplayName":"","IsReady":false,"Port":0,"Side":-1,"Team":-1,"Color":-1,"StartingPosition":-1,"HasMap":true,"SlotState":0,"SlotIndex":2,"Region":"Unknown","MiddlewareUserID":""},{"UserID":129336,"DisplayName":"weyva","IsReady":false,"Port":0,"Side":-1,"Team":1,"Color":-1,"StartingPosition":6,"HasMap":true,"SlotState":5,"SlotIndex":3,"Region":"Asia","MiddlewareUserID":""},{"UserID":122368,"DisplayName":"zer0$","IsReady":false,"Port":0,"Side":-1,"Team":0,"Color":6,"StartingPosition":-1,"HasMap":true,"SlotState":5,"SlotIndex":4,"Region":"Europe","MiddlewareUserID":""},{"UserID":95502,"DisplayName":"haithamhtoo","IsReady":false,"Port":0,"Side":-1,"Team":1,"Color":-1,"StartingPosition":7,"HasMap":true,"SlotState":5,"SlotIndex":5,"Region":"Europe","MiddlewareUserID":""},{"UserID":13610,"DisplayName":"belal mirai","IsReady":true,"Port":0,"Side":-1,"Team":1,"Color":4,"StartingPosition":5,"HasMap":true,"SlotState":5,"SlotIndex":6,"Region":"Asia","MiddlewareUserID":""},{"UserID":42684,"DisplayName":"shadelolo","IsReady":false,"Port":0,"Side":-1,"Team":0,"Color":-1,"StartingPosition":1,"HasMap":true,"SlotState":5,"SlotIndex":7,"Region":"Europe","MiddlewareUserID":""}],"AnticheatID":0}}!
[DEBUG] 

[DEBUG] [2026-10-07 23:11:09] [NGMP] Refreshing network room roster
[DEBUG] 

[DEBUG] [2026-10-07 23:11:10] [0x17094ae60|https://api.playgenerals.online/env/prod/contract/1/ConnectionOutcome|Verb 0] Transfer is complete: 17 bytes total! Curl result is 0
[DEBUG] 

[DEBUG] [2026-10-07 23:11:10] [0x17094ae60|https://api.playgenerals.online/env/prod/contract/1/ConnectionOutcome|Verb 0] Response was 200 - {"success":false}!
[DEBUG] 

[DEBUG] [2026-10-07 23:11:10] [0x17090df00|https://api.playgenerals.online/env/prod/contract/1/ConnectionOutcome|Verb 0] Transfer is complete: 17 bytes total! Curl result is 0
[DEBUG] 

[DEBUG] [2026-10-07 23:11:10] [0x17090df00|https://api.playgenerals.online/env/prod/contract/1/ConnectionOutcome|Verb 0] Response was 200 - {"success":false}!
[DEBUG] 

[DEBUG] [2026-10-07 23:11:13] [0x1708ecd20|https://api.playgenerals.online/env/prod/contract/1/Lobby/67791|Verb 0] Transfer is complete: 2202 bytes total! Curl result is 0
[DEBUG] 

[DEBUG] [2026-10-07 23:11:13] [0x1708ecd20|https://api.playgenerals.online/env/prod/contract/1/Lobby/67791|Verb 0] Response was 200 - {"lobby":{"LobbyID":67791,"Owner":128707,"Name":"[EU][⛊] Yalla habibi","State":0,"MapName":"Death Valley (8)","MapPath":"death valley\\death valley.map","IsMapOfficial":true,"MatchID":0,"TimeCreated":"2026-10-07T18:06:29.1742229Z","NumCurrentPlayers":7,"MaxPlayers":8,"IsVanillaTeamsOnly":false,"StartingCash":10000,"IsLimitSuperweapons":true,"IsTrackingStats":true,"IsPassworded":false,"AllowObservers":true,"ExeCRC":560676586,"IniCRC":2180732466,"NetworkRoomID":1,"RNGSeed":<redacted>,"LobbyType":0,"MatchedUserIDs":[],"Region":"Europe","EstimatedLatency":999999,"MaximumCameraHeight":410,"Members":[{"UserID":128707,"DisplayName":"OCB2026","IsReady":true,"Port":0,"Side":-1,"Team":0,"Color":2,"StartingPosition":0,"HasMap":true,"SlotState":5,"SlotIndex":0,"Region":"Europe","MiddlewareUserID":""},{"UserID":122041,"DisplayName":"G@Li","IsReady":false,"Port":0,"Side":-1,"Team":0,"Color":5,"StartingPosition":3,"HasMap":true,"SlotState":5,"SlotIndex":1,"Region":"Asia","MiddlewareUserID":""},{"UserID":-1,"DisplayName":"","IsReady":false,"Port":0,"Side":-1,"Team":-1,"Color":-1,"StartingPosition":-1,"HasMap":true,"SlotState":0,"SlotIndex":2,"Region":"Unknown","MiddlewareUserID":""},{"UserID":129336,"DisplayName":"weyva","IsReady":false,"Port":0,"Side":-1,"Team":1,"Color":-1,"StartingPosition":6,"HasMap":true,"SlotState":5,"SlotIndex":3,"Region":"Asia","MiddlewareUserID":""},{"UserID":122368,"DisplayName":"zer0$","IsReady":false,"Port":0,"Side":-1,"Team":0,"Color":6,"StartingPosition":2,"HasMap":true,"SlotState":5,"SlotIndex":4,"Region":"Europe","MiddlewareUserID":""},{"UserID":95502,"DisplayName":"haithamhtoo","IsReady":false,"Port":0,"Side":-1,"Team":1,"Color":-1,"StartingPosition":7,"HasMap":true,"SlotState":5,"SlotIndex":5,"Region":"Europe","MiddlewareUserID":""},{"UserID":13610,"DisplayName":"belal mirai","IsReady":false,"Port":0,"Side":-1,"Team":1,"Color":4,"StartingPosition":5,"HasMap":true,"SlotState":5,"SlotIndex":6,"Region":"Asia","MiddlewareUserID":""},{"UserID":42684,"DisplayName":"shadelolo","IsReady":false,"Port":0,"Side":-1,"Team":0,"Color":-1,"StartingPosition":1,"HasMap":true,"SlotState":5,"SlotIndex":7,"Region":"Europe","MiddlewareUserID":""}],"AnticheatID":0}}!
[DEBUG] 

[DEBUG] [2026-10-07 23:11:13] [STEAM CONNECTION] Attaching connection 2427831015 to user 128554
[DEBUG] 

[DEBUG] [2026-10-07 23:11:13] [STEAM NETWORKING LOGFUNC] [#2427831015 P2P str:128554 rem vport 0] Sending P2P ConnectRequest
[DEBUG] 

[DEBUG] [2026-10-07 23:11:13] [NETWORK_CONNECTION_START_SIGNALLING] Starting signalling with 128554 (MWID: )
[DEBUG] 

[DEBUG] [2026-10-07 23:11:13] [SIGNAL] SEND SIGNAL!
[DEBUG] 

[DEBUG] [2026-10-07 23:11:13] [STEAM NETWORKING][#2427831015 P2P str:128554 rem vport 0] Entered connecting state

[DEBUG] 

[DEBUG] [2026-10-07 23:11:13] [NGMP-START] Start button selected
[DEBUG] 

[DEBUG] [2026-10-07 23:11:13] [AC] Websocket AC_REGISTER_PLAYER for 128554 and 
[DEBUG] 

[DEBUG] [2026-10-07 23:11:13] [0x17094b0a0|https://api.playgenerals.online/env/prod/contract/1/PlayerStats/128554|Verb 0] Transfer is complete: 1765 bytes total! Curl result is 0
[DEBUG] 

[DEBUG] [2026-10-07 23:11:13] [0x17094b0a0|https://api.playgenerals.online/env/prod/contract/1/PlayerStats/128554|Verb 0] Response was 200 - {"stats":{"userID":128554,"EloRating":1000,"EloMatches":0,"MonthlyEloRating":1000,"wins":[0,0,0,0,0,0,0,0,0,0,0,0,0,0,0],"losses":[1,1,3,1,2,1,1,1,1,0,0,0,0,0,0],"games":[1,1,3,1,3,1,1,1,1,0,0,0,0,0,0],"duration":[6,6,59,3,38,25,3,12,9,0,0,0,0,0,0],"unitsKilled":[9,1,95,2,88,50,2,34,11,0,0,0,0,0,0],"unitsLost":[39,12,209,12,213,142,9,58,33,0,0,0,0,0,0],"unitsBuilt":[26,42,186,19,212,138,13,65,68,0,0,0,0,0,0],"buildingsKilled":[1,2,6,0,0,0,0,0,0,0,0,0,0,0,0],"buildingsLost":[10,7,22,3,20,1,13,8,0,0,0,0,0,0,0],"buildingsBuilt":[7,12,43,8,29,17,7,16,15,0,0,0,0,0,0],"earnings":[14044,17600,206675,300,147675,139180,2400,13725,35320,0,0,0,0,0,0],"techCaptured":[9,1,7,9,5,1,0,0,0,0,0,0,0,0,0],"discons":[0,0,0,0,0,0,0,0,0,0,0,0,0,0,0],"desyncs":[1,0,0,0,0,0,0,0,0,0,0,0,0,0,0],"surrenders":[1,1,2,1,3,1,0,0,0,0,0,0,0,0,0],"gamesOf2p":[0,0,0,0,0,0,0,0,0,0,0,0,0,0,0],"gamesOf3p":[0,0,0,0,0,0,0,0,0,0,0,0,0,0,0],"gamesOf4p":[1,1,1,0,0,0,0,0,0,0,0,0,0,0,0],"gamesOf5p":[0,0,0,0,0,0,0,0,0,0,0,0,0,0,0],"gamesOf6p":[1,1,2,1,2,1,0,0,0,0,0,0,0,0,0],"gamesOf7p":[0,0,0,0,0,0,0,0,0,0,0,0,0,0,0],"gamesOf8p":[1,1,0,0,0,0,0,0,0,0,0,0,0,0,0],"customGames":[0,0,0,0,0,0,0,0,0,0,0,0,0,0,0],"QMGames":[0,0,0,0,0,0,0,0,0,0,0,0,0,0,0],"customGamesPerGeneral":[1,0,0,0,0,0,0,0,0,0,0,0,0,0,0],"quickMatchesPerGeneral":[0,0,0,0,0,0,0,0,0,0,0,0,0,0,0],"locale":0,"gamesAsRandom":13,"options":"","systemSpec":"","lastFPS":0,"lastGeneral":2,"gamesInRowWithLastGeneral":1,"challengeMedals":0,"battleHonors":0,"QMwinsInARow":0,"maxQMwinsInARow":0,"winsInARow":0,"maxWinsInARow":0,"lossesInARow":1,"maxLossesInARow":11,"disconsInARow":0,"maxDisconsInARow":0,"desyncsInARow":0,"maxDesyncsInARow":1,"builtParticleCannon":1,"builtNuke":0,"builtSCUD":2,"lastLadderPort":0,"lastLadderHost":""}}!
[DEBUG] 

[DEBUG] [2026-10-07 23:11:13] [STEAM NETWORKING LOGFUNC] [#2427831015 P2P str:128554 vport 0 'Steam Connection User128554'] Sending P2P ConnectRequest
[DEBUG] 

[DEBUG] [2026-10-07 23:11:13] [SIGNAL] GOT SIGNAL!
[DEBUG] 

[DEBUG] [2026-10-07 23:11:13] [SIGNAL] Signal User: 128554!
[DEBUG] 

[DEBUG] [2026-10-07 23:11:13] [SIGNAL] Signal Payload Size: 1054!
[DEBUG] 

[DEBUG] [2026-10-07 23:11:13] [0x170939520|https://api.playgenerals.online/env/prod/contract/1/ConnectionOutcome|Verb 0] Transfer is complete: 17 bytes total! Curl result is 0
[DEBUG] 

[DEBUG] [2026-10-07 23:11:13] [0x170939520|https://api.playgenerals.online/env/prod/contract/1/ConnectionOutcome|Verb 0] Response was 200 - {"success":false}!
[DEBUG] 

[DEBUG] [2026-10-07 23:11:13] [SIGNAL] SEND SIGNAL!
[DEBUG] 

[DEBUG] [2026-10-07 23:11:13] [SIGNAL] PROCESS SIGNAL!
[DEBUG] 

[DEBUG] [2026-10-07 23:11:13] [STEAM NETWORKING LOGFUNC] [#2427831015 P2P str:128554 vport 0 'Steam Connection User128554'] Sending P2P ConnectRequest
[DEBUG] 

[DEBUG] [2026-10-07 23:11:13] [SIGNAL] GOT SIGNAL!
[DEBUG] 

[DEBUG] [2026-10-07 23:11:13] [SIGNAL] Signal User: 128554!
[DEBUG] 

[DEBUG] [2026-10-07 23:11:13] [SIGNAL] Signal Payload Size: 1200!
[DEBUG] 

[DEBUG] [2026-10-07 23:11:13] [0x1708c0f20|https://api.playgenerals.online/env/prod/contract/1/ConnectionOutcome|Verb 0] Transfer is complete: 17 bytes total! Curl result is 0
[DEBUG] 

[DEBUG] [2026-10-07 23:11:13] [0x1708c0f20|https://api.playgenerals.online/env/prod/contract/1/ConnectionOutcome|Verb 0] Response was 200 - {"success":false}!
[DEBUG] 

[DEBUG] [2026-10-07 23:11:13] [0x170945e80|https://api.playgenerals.online/env/prod/contract/1/Lobby/67791|Verb 0] Transfer is complete: 2221 bytes total! Curl result is 0
[DEBUG] 

[DEBUG] [2026-10-07 23:11:13] [0x170945e80|https://api.playgenerals.online/env/prod/contract/1/Lobby/67791|Verb 0] Response was 200 - {"lobby":{"LobbyID":67791,"Owner":128707,"Name":"[EU][⛊] Yalla habibi","State":0,"MapName":"Death Valley (8)","MapPath":"death valley\\death valley.map","IsMapOfficial":true,"MatchID":0,"TimeCreated":"2026-10-07T18:06:29.1742229Z","NumCurrentPlayers":8,"MaxPlayers":8,"IsVanillaTeamsOnly":false,"StartingCash":10000,"IsLimitSuperweapons":true,"IsTrackingStats":true,"IsPassworded":false,"AllowObservers":true,"ExeCRC":560676586,"IniCRC":2180732466,"NetworkRoomID":1,"RNGSeed":<redacted>,"LobbyType":0,"MatchedUserIDs":[],"Region":"Europe","EstimatedLatency":999999,"MaximumCameraHeight":410,"Members":[{"UserID":128707,"DisplayName":"OCB2026","IsReady":true,"Port":0,"Side":-1,"Team":0,"Color":2,"StartingPosition":0,"HasMap":true,"SlotState":5,"SlotIndex":0,"Region":"Europe","MiddlewareUserID":""},{"UserID":122041,"DisplayName":"G@Li","IsReady":false,"Port":0,"Side":-1,"Team":0,"Color":5,"StartingPosition":3,"HasMap":true,"SlotState":5,"SlotIndex":1,"Region":"Asia","MiddlewareUserID":""},{"UserID":128554,"DisplayName":"76561199816169943","IsReady":false,"Port":0,"Side":-1,"Team":-1,"Color":-1,"StartingPosition":-1,"HasMap":true,"SlotState":5,"SlotIndex":2,"Region":"Europe","MiddlewareUserID":""},{"UserID":129336,"DisplayName":"weyva","IsReady":true,"Port":0,"Side":-1,"Team":1,"Color":-1,"StartingPosition":6,"HasMap":true,"SlotState":5,"SlotIndex":3,"Region":"Asia","MiddlewareUserID":""},{"UserID":122368,"DisplayName":"zer0$","IsReady":false,"Port":0,"Side":-1,"Team":0,"Color":6,"StartingPosition":2,"HasMap":true,"SlotState":5,"SlotIndex":4,"Region":"Europe","MiddlewareUserID":""},{"UserID":95502,"DisplayName":"haithamhtoo","IsReady":false,"Port":0,"Side":-1,"Team":1,"Color":-1,"StartingPosition":7,"HasMap":true,"SlotState":5,"SlotIndex":5,"Region":"Europe","MiddlewareUserID":""},{"UserID":13610,"DisplayName":"belal mirai","IsReady":false,"Port":0,"Side":-1,"Team":1,"Color":4,"StartingPosition":5,"HasMap":true,"SlotState":5,"SlotIndex":6,"Region":"Asia","MiddlewareUserID":""},{"UserID":42684,"DisplayName":"shadelolo","IsReady":false,"Port":0,"Side":-1,"Team":0,"Color":-1,"StartingPosition":1,"HasMap":true,"SlotState":5,"SlotIndex":7,"Region":"Europe","MiddlewareUserID":""}],"AnticheatID":0}}!
[DEBUG] 

[DEBUG] [2026-10-07 23:11:13] [SIGNAL] SEND SIGNAL!
[DEBUG] 

[DEBUG] [2026-10-07 23:11:13] [SIGNAL] PROCESS SIGNAL!
[DEBUG] 

[DEBUG] [2026-10-07 23:11:13] [SIGNAL] GOT SIGNAL!
[DEBUG] 

[DEBUG] [2026-10-07 23:11:13] [SIGNAL] Signal User: 128554!
[DEBUG] 

[DEBUG] [2026-10-07 23:11:13] [SIGNAL] Signal Payload Size: 1214!
[DEBUG] 

[DEBUG] [2026-10-07 23:11:13] [SIGNAL] PROCESS SIGNAL!
[DEBUG] 

[DEBUG] [2026-10-07 23:11:13] [STEAM NETWORKING LOGFUNC] [#2427831015 P2P str:128554 vport 0 'Steam Connection User128554'] Got remote candidate 'candidate:377596162 0 udp 2122265344 fd53:b635:27eb::55e4:9d7d:3842:6871 64121 typ host generation 0 ufrag zhwYg network-id 4'
[DEBUG] 

[DEBUG] [2026-10-07 23:11:13] [STEAM NETWORKING LOGFUNC] [#2427831015 P2P str:128554 vport 0 'Steam Connection User128554'] Got remote candidate 'candidate:1553126488 0 udp 2122199808 fd53:b635:27eb::5e61:fb1e:88a2:a270 64122 typ host generation 0 ufrag zhwYg network-id 5'
[DEBUG] 

[DEBUG] [2026-10-07 23:11:13] [STEAM NETWORKING LOGFUNC] [#2427831015 P2P str:128554 vport 0 'Steam Connection User128554'] Got remote candidate 'candidate:3438696644 0 udp 2122131712 2001:16b8:dd8:aa00:55e4:9d7d:3842:6871 64123 typ host generation 0 ufrag zhwYg network-id 2'
[DEBUG] 

[DEBUG] [2026-10-07 23:11:13] [STEAM NETWORKING LOGFUNC] [#2427831015 P2P str:128554 vport 0 'Steam Connection User128554'] Got remote candidate 'candidate:1996761380 0 udp 2122066176 2001:16b8:dd8:aa00:9fda:aa4f:f207:4c30 64124 typ host generation 0 ufrag zhwYg network-id 3'
[DEBUG] 

[DEBUG] [2026-10-07 23:11:13] [STEAM NETWORKING LOGFUNC] [#2427831015 P2P str:128554 vport 0 'Steam Connection User128554'] Got remote candidate 'candidate:1069330768 0 udp 2121998080 192.168.178.49 64125 typ host generation 0 ufrag zhwYg network-id 1'
[DEBUG] 

[DEBUG] [2026-10-07 23:11:13] [STEAM NETWORKING LOGFUNC] [#2427831015 P2P str:128554 vport 0 'Steam Connection User128554'] Got remote candidate 'candidate:4080111299 0 udp 1685790464 94.134.95.78 31565 typ srflx raddr 192.168.178.49 rport 64125 generation 0 ufrag zhwYg network-id 1'
[DEBUG] 

[DEBUG] [2026-10-07 23:11:13] [STEAM NETWORKING LOGFUNC] [#2427831015 P2P str:128554 vport 0 'Steam Connection User128554'] Got remote candidate 'candidate:302711119 0 udp 41623296 104.30.144.249 62598 typ relay raddr 94.134.95.78 rport 31565 generation 0 ufrag zhwYg network-id 1'
[DEBUG] 

[DEBUG] [2026-10-07 23:11:13] [STEAM NETWORKING LOGFUNC] [#2427831015 P2P str:128554 vport 0 'Steam Connection User128554'] Received ConnectOK in P2P Rendezvous.
[DEBUG] 

[DEBUG] [2026-10-07 23:11:13] [STEAM NETWORKING LOGFUNC] [#2427831015 P2P str:128554 vport 0 'Steam Connection User128554'] finding route
[DEBUG] 

[DEBUG] [2026-10-07 23:11:13] [STEAM NETWORKING LOGFUNC] Waited 2.2ms for SteamNetworkingSockets lock [ServiceThread]
[DEBUG] 

[DEBUG] [2026-10-07 23:11:13] [STEAM NETWORKING][#2427831015 P2P str:128554 vport 0 'Steam Connection User128554'] finding route

[DEBUG] 

[DEBUG] [2026-10-07 23:11:13] [SIGNAL] SEND SIGNAL!
[DEBUG] 

[DEBUG] [2026-10-07 23:11:13] [SIGNAL] GOT SIGNAL!
[DEBUG] 

[DEBUG] [2026-10-07 23:11:13] [SIGNAL] Signal User: 128554!
[DEBUG] 

[DEBUG] [2026-10-07 23:11:13] [SIGNAL] Signal Payload Size: 1003!
[DEBUG] 

[DEBUG] [2026-10-07 23:11:13] [SIGNAL] PROCESS SIGNAL!
[DEBUG] 

[DEBUG] [2026-10-07 23:11:13] [STEAM NETWORKING LOGFUNC] [#2427831015 P2P str:128554 vport 0 'Steam Connection User128554'] Got remote candidate 'candidate:377596162 0 udp 2122265344 fd53:b635:27eb::55e4:9d7d:3842:6871 64163 typ host generation 0 ufrag zhwYg network-id 4'
[DEBUG] 

[DEBUG] [2026-10-07 23:11:13] [STEAM NETWORKING LOGFUNC] [#2427831015 P2P str:128554 vport 0 'Steam Connection User128554'] Got remote candidate 'candidate:1553126488 0 udp 2122199808 fd53:b635:27eb::5e61:fb1e:88a2:a270 64164 typ host generation 0 ufrag zhwYg network-id 5'
[DEBUG] 

[DEBUG] [2026-10-07 23:11:13] [STEAM NETWORKING LOGFUNC] [#2427831015 P2P str:128554 vport 0 'Steam Connection User128554'] Got remote candidate 'candidate:3438696644 0 udp 2122131712 2001:16b8:dd8:aa00:55e4:9d7d:3842:6871 64165 typ host generation 0 ufrag zhwYg network-id 2'
[DEBUG] 

[DEBUG] [2026-10-07 23:11:13] [STEAM NETWORKING LOGFUNC] [#2427831015 P2P str:128554 vport 0 'Steam Connection User128554'] Got remote candidate 'candidate:1996761380 0 udp 2122066176 2001:16b8:dd8:aa00:9fda:aa4f:f207:4c30 64166 typ host generation 0 ufrag zhwYg network-id 3'
[DEBUG] 

[DEBUG] [2026-10-07 23:11:13] [STEAM NETWORKING LOGFUNC] [#2427831015 P2P str:128554 vport 0 'Steam Connection User128554'] Got remote candidate 'candidate:1069330768 0 udp 2121998080 192.168.178.49 64167 typ host generation 0 ufrag zhwYg network-id 1'
[DEBUG] 

[DEBUG] [2026-10-07 23:11:13] [STEAM NETWORKING LOGFUNC] [#2427831015 P2P str:128554 vport 0 'Steam Connection User128554'] Got remote candidate 'candidate:4080111299 0 udp 1685790464 94.134.95.78 31578 typ srflx raddr 192.168.178.49 rport 64167 generation 0 ufrag zhwYg network-id 1'
[DEBUG] 

[DEBUG] [2026-10-07 23:11:13] [STEAM NETWORKING LOGFUNC] [#2427831015 P2P str:128554 vport 0 'Steam Connection User128554'] Got remote candidate 'candidate:1840736095 0 udp 41623296 104.30.150.196 39695 typ relay raddr 94.134.95.78 rport 31578 generation 0 ufrag zhwYg network-id 1'
[DEBUG] 

[DEBUG] [2026-10-07 23:11:13] [SIGNAL] SEND SIGNAL!
[DEBUG] 

[DEBUG] [2026-10-07 23:11:14] [SIGNAL] GOT SIGNAL!
[DEBUG] 

[DEBUG] [2026-10-07 23:11:14] [SIGNAL] Signal User: 128554!
[DEBUG] 

[DEBUG] [2026-10-07 23:11:14] [SIGNAL] Signal Payload Size: 2177!
[DEBUG] 

[DEBUG] [2026-10-07 23:11:14] [SIGNAL] PROCESS SIGNAL!
[DEBUG] 

[DEBUG] [2026-10-07 23:11:14] [SIGNAL] SEND SIGNAL!
[DEBUG] 

[DEBUG] [2026-10-07 23:11:14] [STEAM NETWORKING LOGFUNC] [#2427831015 P2P ICE str:128554 vport 0 'Steam Connection User128554'] Peer appears to be using 'ICE' transport as primary
[DEBUG] 

[DEBUG] [2026-10-07 23:11:14] [STEAM NETWORKING LOGFUNC] [#2427831015 P2P ICE str:128554 vport 0 'Steam Connection User128554'] connected
[DEBUG] 

[DEBUG] [2026-10-07 23:11:14] [STEAM NETWORKING][#2427831015 P2P ICE str:128554 vport 0 'Steam Connection User128554'] connected

[DEBUG] 

[DEBUG] [2026-10-07 23:11:14] [CONNECTION FLAGS]: has k_nSteamNetworkConnectionInfoFlags_Unauthenticated
[DEBUG] 

[DEBUG] [2026-10-07 23:11:14] [MESH] Connected to user 128554 in 1174 ms (Relayed, signalling attempt 1)
[DEBUG] 

[DEBUG] [2026-10-07 23:11:14] [SIGNAL] SEND SIGNAL!
[DEBUG] 

[DEBUG] [2026-10-07 23:11:14] [SIGNAL] GOT SIGNAL!
[DEBUG] 

[DEBUG] [2026-10-07 23:11:14] [SIGNAL] Signal User: 128554!
[DEBUG] 

[DEBUG] [2026-10-07 23:11:14] [SIGNAL] Signal Payload Size: 2177!
[DEBUG] 

[DEBUG] [2026-10-07 23:11:14] [SIGNAL] PROCESS SIGNAL!
[DEBUG] 

[DEBUG] [2026-10-07 23:11:14] [SIGNAL] SEND SIGNAL!
[DEBUG] 

[DEBUG] [2026-10-07 23:11:15] [SIGNAL] GOT SIGNAL!
[DEBUG] 

[DEBUG] [2026-10-07 23:11:15] [SIGNAL] Signal User: 128554!
[DEBUG] 

[DEBUG] [2026-10-07 23:11:15] [SIGNAL] Signal Payload Size: 38!
[DEBUG] 

[DEBUG] [2026-10-07 23:11:15] [SIGNAL] PROCESS SIGNAL!
[DEBUG] 

[DEBUG] [2026-10-07 23:11:15] [0x17092d5e0|https://api.playgenerals.online/env/prod/contract/1/Lobby/67791|Verb 0] Transfer is complete: 2219 bytes total! Curl result is 0
[DEBUG] 

[DEBUG] [2026-10-07 23:11:15] [0x17092d5e0|https://api.playgenerals.online/env/prod/contract/1/Lobby/67791|Verb 0] Response was 200 - {"lobby":{"LobbyID":67791,"Owner":128707,"Name":"[EU][⛊] Yalla habibi","State":0,"MapName":"Death Valley (8)","MapPath":"death valley\\death valley.map","IsMapOfficial":true,"MatchID":0,"TimeCreated":"2026-10-07T18:06:29.1742229Z","NumCurrentPlayers":8,"MaxPlayers":8,"IsVanillaTeamsOnly":false,"StartingCash":10000,"IsLimitSuperweapons":true,"IsTrackingStats":true,"IsPassworded":false,"AllowObservers":true,"ExeCRC":560676586,"IniCRC":2180732466,"NetworkRoomID":1,"RNGSeed":<redacted>,"LobbyType":0,"MatchedUserIDs":[],"Region":"Europe","EstimatedLatency":999999,"MaximumCameraHeight":410,"Members":[{"UserID":128707,"DisplayName":"OCB2026","IsReady":true,"Port":0,"Side":-1,"Team":0,"Color":2,"StartingPosition":0,"HasMap":true,"SlotState":5,"SlotIndex":0,"Region":"Europe","MiddlewareUserID":""},{"UserID":122041,"DisplayName":"G@Li","IsReady":false,"Port":0,"Side":-1,"Team":0,"Color":5,"StartingPosition":3,"HasMap":true,"SlotState":5,"SlotIndex":1,"Region":"Asia","MiddlewareUserID":""},{"UserID":128554,"DisplayName":"76561199816169943","IsReady":false,"Port":0,"Side":-1,"Team":-1,"Color":-1,"StartingPosition":-1,"HasMap":true,"SlotState":5,"SlotIndex":2,"Region":"Europe","MiddlewareUserID":""},{"UserID":129336,"DisplayName":"weyva","IsReady":true,"Port":0,"Side":-1,"Team":1,"Color":-1,"StartingPosition":6,"HasMap":true,"SlotState":5,"SlotIndex":3,"Region":"Asia","MiddlewareUserID":""},{"UserID":122368,"DisplayName":"zer0$","IsReady":false,"Port":0,"Side":-1,"Team":0,"Color":6,"StartingPosition":2,"HasMap":true,"SlotState":5,"SlotIndex":4,"Region":"Europe","MiddlewareUserID":""},{"UserID":95502,"DisplayName":"haithamhtoo","IsReady":false,"Port":0,"Side":-1,"Team":1,"Color":-1,"StartingPosition":7,"HasMap":true,"SlotState":5,"SlotIndex":5,"Region":"Europe","MiddlewareUserID":""},{"UserID":13610,"DisplayName":"belal mirai","IsReady":true,"Port":0,"Side":-1,"Team":1,"Color":4,"StartingPosition":5,"HasMap":true,"SlotState":5,"SlotIndex":6,"Region":"Asia","MiddlewareUserID":""},{"UserID":42684,"DisplayName":"shadelolo","IsReady":true,"Port":0,"Side":-1,"Team":0,"Color":-1,"StartingPosition":1,"HasMap":true,"SlotState":5,"SlotIndex":7,"Region":"Europe","MiddlewareUserID":""}],"AnticheatID":0}}!
[DEBUG] 

[DEBUG] [2026-10-07 23:11:17] [0x17093df60|https://api.playgenerals.online/env/prod/contract/1/ConnectionOutcome|Verb 0] Transfer is complete: 17 bytes total! Curl result is 0
[DEBUG] 

[DEBUG] [2026-10-07 23:11:17] [0x17093df60|https://api.playgenerals.online/env/prod/contract/1/ConnectionOutcome|Verb 0] Response was 200 - {"success":false}!
[DEBUG] 

[DEBUG] [2026-10-07 23:11:17] [0x1708d8b60|https://api.playgenerals.online/env/prod/contract/1/Lobby/67791|Verb 0] Transfer is complete: 2219 bytes total! Curl result is 0
[DEBUG] 

[DEBUG] [2026-10-07 23:11:17] [0x1708d8b60|https://api.playgenerals.online/env/prod/contract/1/Lobby/67791|Verb 0] Response was 200 - {"lobby":{"LobbyID":67791,"Owner":128707,"Name":"[EU][⛊] Yalla habibi","State":0,"MapName":"Death Valley (8)","MapPath":"death valley\\death valley.map","IsMapOfficial":true,"MatchID":0,"TimeCreated":"2026-10-07T18:06:29.1742229Z","NumCurrentPlayers":8,"MaxPlayers":8,"IsVanillaTeamsOnly":false,"StartingCash":10000,"IsLimitSuperweapons":true,"IsTrackingStats":true,"IsPassworded":false,"AllowObservers":true,"ExeCRC":560676586,"IniCRC":2180732466,"NetworkRoomID":1,"RNGSeed":<redacted>,"LobbyType":0,"MatchedUserIDs":[],"Region":"Europe","EstimatedLatency":999999,"MaximumCameraHeight":410,"Members":[{"UserID":128707,"DisplayName":"OCB2026","IsReady":true,"Port":0,"Side":-1,"Team":0,"Color":2,"StartingPosition":0,"HasMap":true,"SlotState":5,"SlotIndex":0,"Region":"Europe","MiddlewareUserID":""},{"UserID":122041,"DisplayName":"G@Li","IsReady":false,"Port":0,"Side":-1,"Team":0,"Color":5,"StartingPosition":3,"HasMap":true,"SlotState":5,"SlotIndex":1,"Region":"Asia","MiddlewareUserID":""},{"UserID":128554,"DisplayName":"76561199816169943","IsReady":false,"Port":0,"Side":-1,"Team":-1,"Color":-1,"StartingPosition":-1,"HasMap":true,"SlotState":5,"SlotIndex":2,"Region":"Europe","MiddlewareUserID":""},{"UserID":129336,"DisplayName":"weyva","IsReady":true,"Port":0,"Side":-1,"Team":1,"Color":-1,"StartingPosition":6,"HasMap":true,"SlotState":5,"SlotIndex":3,"Region":"Asia","MiddlewareUserID":""},{"UserID":122368,"DisplayName":"zer0$","IsReady":false,"Port":0,"Side":-1,"Team":0,"Color":6,"StartingPosition":2,"HasMap":true,"SlotState":5,"SlotIndex":4,"Region":"Europe","MiddlewareUserID":""},{"UserID":95502,"DisplayName":"haithamhtoo","IsReady":false,"Port":0,"Side":-1,"Team":1,"Color":-1,"StartingPosition":7,"HasMap":true,"SlotState":5,"SlotIndex":5,"Region":"Europe","MiddlewareUserID":""},{"UserID":13610,"DisplayName":"belal mirai","IsReady":true,"Port":0,"Side":-1,"Team":1,"Color":4,"StartingPosition":5,"HasMap":true,"SlotState":5,"SlotIndex":6,"Region":"Asia","MiddlewareUserID":""},{"UserID":42684,"DisplayName":"shadelolo","IsReady":true,"Port":0,"Side":-1,"Team":0,"Color":-1,"StartingPosition":1,"HasMap":true,"SlotState":5,"SlotIndex":7,"Region":"Europe","MiddlewareUserID":""}],"AnticheatID":0}}!
[DEBUG] 

[DEBUG] [2026-10-07 23:11:18] [0x170955960|https://api.playgenerals.online/env/prod/contract/1/Lobby/67791|Verb 0] Transfer is complete: 0 bytes total! Curl result is 28
[DEBUG] 

[DEBUG] [2026-10-07 23:11:18] [0x170955960|https://api.playgenerals.online/env/prod/contract/1/Lobby/67791|Verb 0] Response was 0 - !
[DEBUG] 

[DEBUG] [2026-10-07 23:11:19] [0x170876460|https://api.playgenerals.online/env/prod/contract/1/ConnectionOutcome|Verb 0] Transfer is complete: 0 bytes total! Curl result is 28
[DEBUG] 

[DEBUG] [2026-10-07 23:11:19] [0x170876460|https://api.playgenerals.online/env/prod/contract/1/ConnectionOutcome|Verb 0] Response was 0 - !
[DEBUG] 

[DEBUG] [2026-10-07 23:11:19] [STEAM NETWORKING LOGFUNC] [#2329477229 P2P ICE str:13610 vport 0 'Steam Connection User13610'] 2 reply timeouts, last recv 2256.8ms ago.  Sending keepalive.
[DEBUG] 

[DEBUG] [2026-10-07 23:11:20] [STEAM NETWORKING LOGFUNC] [#2329477229 P2P ICE str:13610 vport 0 'Steam Connection User13610'] 2 reply timeouts, last recv 2457.5ms ago.  Sending keepalive.
[DEBUG] 

[DEBUG] [2026-10-07 23:11:20] [STEAM NETWORKING LOGFUNC] [#2329477229 P2P ICE str:13610 vport 0 'Steam Connection User13610'] ICE: 3 consecutive end-to-end timeouts
[DEBUG] 

[DEBUG] [2026-10-07 23:11:20] [STEAM NETWORKING LOGFUNC] [#2329477229 P2P ICE str:13610 vport 0 'Steam Connection User13610'] 2 reply timeouts, last recv 2684.2ms ago.  Sending keepalive.
[DEBUG] 

[DEBUG] [2026-10-07 23:11:20] [STEAM NETWORKING LOGFUNC] [#2329477229 P2P ICE str:13610 vport 0 'Steam Connection User13610'] 2 reply timeouts, last recv 2885.1ms ago.  Sending keepalive.
[DEBUG] 

[DEBUG] [2026-10-07 23:11:20] [STEAM NETWORKING LOGFUNC] [#2329477229 P2P ICE str:13610 vport 0 'Steam Connection User13610'] 3 reply timeouts, last recv 3086.7ms ago.  Sending keepalive.
[DEBUG] 

[DEBUG] [2026-10-07 23:11:20] [STEAM NETWORKING LOGFUNC] [#2329477229 P2P ICE str:13610 vport 0 'Steam Connection User13610'] ICE: 4 consecutive end-to-end timeouts
[DEBUG] 

[DEBUG] [2026-10-07 23:11:21] [STEAM NETWORKING LOGFUNC] [#2329477229 P2P ICE str:13610 vport 0 'Steam Connection User13610'] 3 reply timeouts, last recv 3310.6ms ago.  Sending keepalive.
[DEBUG] 

[DEBUG] [2026-10-07 23:11:21] [STEAM NETWORKING LOGFUNC] [#2329477229 P2P ICE str:13610 vport 0 'Steam Connection User13610'] 3 reply timeouts, last recv 3511.5ms ago.  Sending keepalive.
[DEBUG] 

[DEBUG] [2026-10-07 23:11:21] [STEAM NETWORKING LOGFUNC] [#2329477229 P2P ICE str:13610 vport 0 'Steam Connection User13610'] 3 reply timeouts, last recv 3711.8ms ago.  Sending keepalive.
[DEBUG] 

[DEBUG] [2026-10-07 23:11:21] [STEAM NETWORKING LOGFUNC] [#2329477229 P2P ICE str:13610 vport 0 'Steam Connection User13610'] ICE: 5 consecutive end-to-end timeouts
[DEBUG] 

[DEBUG] [2026-10-07 23:11:21] [STEAM NETWORKING LOGFUNC] [#2329477229 P2P ICE str:13610 vport 0 'Steam Connection User13610'] 4 reply timeouts, last recv 3937.4ms ago.  Sending keepalive.
[DEBUG] 

[DEBUG] [2026-10-07 23:11:21] [STEAM NETWORKING LOGFUNC] [#2329477229 P2P ICE str:13610 vport 0 'Steam Connection User13610'] 4 reply timeouts, last recv 4138.3ms ago.  Sending keepalive.
[DEBUG] 

[DEBUG] [2026-10-07 23:11:22] [STEAM NETWORKING LOGFUNC] [#2329477229 P2P ICE str:13610 vport 0 'Steam Connection User13610'] 4 reply timeouts, last recv 4339.8ms ago.  Sending keepalive.
[DEBUG] 

[DEBUG] [2026-10-07 23:11:22] [STEAM NETWORKING LOGFUNC] [#2329477229 P2P ICE str:13610 vport 0 'Steam Connection User13610'] ICE: 6 consecutive end-to-end timeouts
[DEBUG] 

[DEBUG] [2026-10-07 23:11:22] [STEAM NETWORKING LOGFUNC] [#2329477229 P2P ICE str:13610 vport 0 'Steam Connection User13610'] 4 reply timeouts, last recv 4564.3ms ago.  Sending keepalive.
[DEBUG] 

[DEBUG] [2026-10-07 23:11:22] [STEAM NETWORKING LOGFUNC] [#2329477229 P2P ICE str:13610 vport 0 'Steam Connection User13610'] 5 reply timeouts, last recv 4764.9ms ago.  Sending keepalive.
[DEBUG] 

[DEBUG] [2026-10-07 23:11:22] [STEAM NETWORKING LOGFUNC] [#2329477229 P2P ICE str:13610 vport 0 'Steam Connection User13610'] 5 reply timeouts, last recv 4966.2ms ago.  Sending keepalive.
[DEBUG] 

[DEBUG] [2026-10-07 23:11:22] [STEAM NETWORKING LOGFUNC] [#2329477229 P2P ICE str:13610 vport 0 'Steam Connection User13610'] ICE: 7 consecutive end-to-end timeouts
[DEBUG] 

[DEBUG] [2026-10-07 23:11:22] [STEAM NETWORKING LOGFUNC] [#2329477229 P2P ICE str:13610 vport 0 'Steam Connection User13610'] 5 reply timeouts, last recv 5190.7ms ago.  Sending keepalive.
[DEBUG] 

[DEBUG] [2026-10-07 23:11:23] [STEAM NETWORKING LOGFUNC] [#2329477229 P2P ICE str:13610 vport 0 'Steam Connection User13610'] 5 reply timeouts, last recv 5391.1ms ago.  Sending keepalive.
[DEBUG] 

[DEBUG] [2026-10-07 23:11:23] [STEAM NETWORKING LOGFUNC] [#2329477229 P2P ICE str:13610 vport 0 'Steam Connection User13610'] 6 reply timeouts, last recv 5592.2ms ago.  Sending keepalive.
[DEBUG] 

[DEBUG] [2026-10-07 23:11:23] [STEAM NETWORKING LOGFUNC] [#2329477229 P2P ICE str:13610 vport 0 'Steam Connection User13610'] ICE: 8 consecutive end-to-end timeouts
[DEBUG] 

[DEBUG] [2026-10-07 23:11:23] [STEAM NETWORKING LOGFUNC] [#2329477229 P2P ICE str:13610 vport 0 'Steam Connection User13610'] 6 reply timeouts, last recv 5817.6ms ago.  Sending keepalive.
[DEBUG] 

[DEBUG] [2026-10-07 23:11:23] [STEAM NETWORKING LOGFUNC] [#2329477229 P2P ICE str:13610 vport 0 'Steam Connection User13610'] 6 reply timeouts, last recv 6018.2ms ago.  Sending keepalive.
[DEBUG] 

[DEBUG] [2026-10-07 23:11:23] [STEAM NETWORKING LOGFUNC] [#2329477229 P2P ICE str:13610 vport 0 'Steam Connection User13610'] 6 reply timeouts, last recv 6219.9ms ago.  Sending keepalive.
[DEBUG] 

[DEBUG] [2026-10-07 23:11:23] [STEAM NETWORKING LOGFUNC] [#2329477229 P2P ICE str:13610 vport 0 'Steam Connection User13610'] ICE: 9 consecutive end-to-end timeouts
[DEBUG] 

[DEBUG] [2026-10-07 23:11:24] [STEAM NETWORKING LOGFUNC] [#2329477229 P2P ICE str:13610 vport 0 'Steam Connection User13610'] 7 reply timeouts, last recv 6444.7ms ago.  Sending keepalive.
[DEBUG] 

[DEBUG] [2026-10-07 23:11:24] [STEAM NETWORKING LOGFUNC] [#2329477229 P2P ICE str:13610 vport 0 'Steam Connection User13610'] 7 reply timeouts, last recv 6644.8ms ago.  Sending keepalive.
[DEBUG] 

[DEBUG] [2026-10-07 23:11:24] [STEAM NETWORKING LOGFUNC] [#2329477229 P2P ICE str:13610 vport 0 'Steam Connection User13610'] 7 reply timeouts, last recv 6845.2ms ago.  Sending keepalive.
[DEBUG] 

[DEBUG] [2026-10-07 23:11:24] [STEAM NETWORKING LOGFUNC] [#2329477229 P2P ICE str:13610 vport 0 'Steam Connection User13610'] ICE: 10 consecutive end-to-end timeouts
[DEBUG] 

[DEBUG] [2026-10-07 23:11:24] [STEAM NETWORKING LOGFUNC] [#2329477229 P2P ICE str:13610 vport 0 'Steam Connection User13610'] 7 reply timeouts, last recv 7071.6ms ago.  Sending keepalive.
[DEBUG] 

[DEBUG] [2026-10-07 23:11:24] [STEAM NETWORKING LOGFUNC] [#2329477229 P2P ICE str:13610 vport 0 'Steam Connection User13610'] 8 reply timeouts, last recv 7272.6ms ago.  Sending keepalive.
[DEBUG] 

[DEBUG] [2026-10-07 23:11:25] [STEAM NETWORKING LOGFUNC] [#2329477229 P2P ICE str:13610 vport 0 'Steam Connection User13610'] 8 reply timeouts, last recv 7472.7ms ago.  Sending keepalive.
[DEBUG] 

[DEBUG] [2026-10-07 23:11:25] [STEAM NETWORKING LOGFUNC] [#2329477229 P2P ICE str:13610 vport 0 'Steam Connection User13610'] ICE: 11 consecutive end-to-end timeouts
[DEBUG] 

[DEBUG] [2026-10-07 23:11:25] [STEAM NETWORKING LOGFUNC] [#2329477229 P2P ICE str:13610 vport 0 'Steam Connection User13610'] 8 reply timeouts, last recv 7699.8ms ago.  Sending keepalive.
[DEBUG] 

[DEBUG] [2026-10-07 23:11:25] [STEAM NETWORKING LOGFUNC] [#2329477229 P2P ICE str:13610 vport 0 'Steam Connection User13610'] 8 reply timeouts, last recv 7900.7ms ago.  Sending keepalive.
[DEBUG] 

[DEBUG] [2026-10-07 23:11:25] [STEAM NETWORKING LOGFUNC] [#2329477229 P2P ICE str:13610 vport 0 'Steam Connection User13610'] 9 reply timeouts, last recv 8102.0ms ago.  Sending keepalive.
[DEBUG] 

[DEBUG] [2026-10-07 23:11:25] [STEAM NETWORKING LOGFUNC] [#2329477229 P2P ICE str:13610 vport 0 'Steam Connection User13610'] ICE: 12 consecutive end-to-end timeouts
[DEBUG] 

[DEBUG] [2026-10-07 23:11:26] [STEAM NETWORKING LOGFUNC] [#2329477229 P2P ICE str:13610 vport 0 'Steam Connection User13610'] 9 reply timeouts, last recv 8326.5ms ago.  Sending keepalive.
[DEBUG] 

[DEBUG] [2026-10-07 23:11:26] [STEAM NETWORKING LOGFUNC] [#2329477229 P2P ICE str:13610 vport 0 'Steam Connection User13610'] 9 reply timeouts, last recv 8527.4ms ago.  Sending keepalive.
[DEBUG] 

[DEBUG] [2026-10-07 23:11:26] [STEAM NETWORKING LOGFUNC] [#2329477229 P2P ICE str:13610 vport 0 'Steam Connection User13610'] 9 reply timeouts, last recv 8728.6ms ago.  Sending keepalive.
[DEBUG] 

[DEBUG] [2026-10-07 23:11:26] [STEAM NETWORKING LOGFUNC] [#2329477229 P2P ICE str:13610 vport 0 'Steam Connection User13610'] ICE: 13 consecutive end-to-end timeouts
[DEBUG] 

[DEBUG] [2026-10-07 23:11:26] [STEAM NETWORKING LOGFUNC] [#2329477229 P2P ICE str:13610 vport 0 'Steam Connection User13610'] 10 reply timeouts, last recv 8952.7ms ago.  Sending keepalive.
[DEBUG] 

[DEBUG] [2026-10-07 23:11:26] [STEAM NETWORKING LOGFUNC] [#2329477229 P2P ICE str:13610 vport 0 'Steam Connection User13610'] 10 reply timeouts, last recv 9153.0ms ago.  Sending keepalive.
[DEBUG] 

[DEBUG] [2026-10-07 23:11:27] [STEAM NETWORKING LOGFUNC] [#2329477229 P2P ICE str:13610 vport 0 'Steam Connection User13610'] 10 reply timeouts, last recv 9353.5ms ago.  Sending keepalive.
[DEBUG] 

[DEBUG] [2026-10-07 23:11:27] [STEAM NETWORKING LOGFUNC] [#2329477229 P2P ICE str:13610 vport 0 'Steam Connection User13610'] ICE: 14 consecutive end-to-end timeouts
[DEBUG] 

[DEBUG] [2026-10-07 23:11:27] [STEAM NETWORKING LOGFUNC] [#2329477229 P2P ICE str:13610 vport 0 'Steam Connection User13610'] 10 reply timeouts, last recv 9580.5ms ago.  Sending keepalive.
[DEBUG] 

[DEBUG] [2026-10-07 23:11:27] [STEAM NETWORKING LOGFUNC] [#2329477229 P2P ICE str:13610 vport 0 'Steam Connection User13610'] 11 reply timeouts, last recv 9781.3ms ago.  Sending keepalive.
[DEBUG] 

[DEBUG] [2026-10-07 23:11:27] [STEAM NETWORKING LOGFUNC] [#2329477229 P2P ICE str:13610 vport 0 'Steam Connection User13610'] 11 reply timeouts, last recv 9982.7ms ago.  Sending keepalive.
[DEBUG] 

[DEBUG] [2026-10-07 23:11:27] [STEAM NETWORKING LOGFUNC] [#2329477229 P2P ICE str:13610 vport 0 'Steam Connection User13610'] ICE: 15 consecutive end-to-end timeouts
[DEBUG] 

[DEBUG] [2026-10-07 23:11:27] [STEAM NETWORKING LOGFUNC] [#2329477229 P2P ICE str:13610 vport 0 'Steam Connection User13610'] 11 reply timeouts, last recv 10206.3ms ago.  Sending keepalive.
[DEBUG] 

[DEBUG] [2026-10-07 23:11:28] [STEAM NETWORKING LOGFUNC] [#2329477229 P2P ICE str:13610 vport 0 'Steam Connection User13610'] 11 reply timeouts, last recv 10407.6ms ago.  Sending keepalive.
[DEBUG] 

[DEBUG] [2026-10-07 23:11:28] [STEAM NETWORKING LOGFUNC] [#2329477229 P2P ICE str:13610 vport 0 'Steam Connection User13610'] 12 reply timeouts, last recv 10560.2ms ago.  Sending keepalive.
[DEBUG] 

[DEBUG] [2026-10-07 23:11:28] [STEAM NETWORKING LOGFUNC] [#2329477229 P2P ICE str:13610 vport 0 'Steam Connection User13610'] 12 reply timeouts, last recv 10608.7ms ago.  Sending keepalive.
[DEBUG] 

[DEBUG] [2026-10-07 23:11:28] [STEAM NETWORKING LOGFUNC] [#2329477229 P2P ICE str:13610 vport 0 'Steam Connection User13610'] ICE: 16 consecutive end-to-end timeouts
[DEBUG] 

[DEBUG] [2026-10-07 23:11:28] [STEAM NETWORKING LOGFUNC] [#2329477229 P2P ICE str:13610 vport 0 'Steam Connection User13610'] 12 reply timeouts, last recv 10833.1ms ago.  Sending keepalive.
[DEBUG] 

[DEBUG] [2026-10-07 23:11:28] [STEAM NETWORKING LOGFUNC] [#2329477229 P2P ICE str:13610 vport 0 'Steam Connection User13610'] 12 reply timeouts, last recv 11033.2ms ago.  Sending keepalive.
[DEBUG] 

[DEBUG] [2026-10-07 23:11:28] [STEAM NETWORKING LOGFUNC] [#2329477229 P2P ICE str:13610 vport 0 'Steam Connection User13610'] 12 reply timeouts, last recv 11233.5ms ago.  Sending keepalive.
[DEBUG] 

[DEBUG] [2026-10-07 23:11:28] [STEAM NETWORKING LOGFUNC] [#2329477229 P2P ICE str:13610 vport 0 'Steam Connection User13610'] ICE: 17 consecutive end-to-end timeouts
[DEBUG] 

[DEBUG] [2026-10-07 23:11:29] [STEAM NETWORKING LOGFUNC] [#2329477229 P2P ICE str:13610 vport 0 'Steam Connection User13610'] Timed out.  11388.4ms since last recv, 10006.6ms since timeout started, 12 consecutive failures
[DEBUG] 

[DEBUG] [2026-10-07 23:11:29] [STEAM NETWORKING LOGFUNC] [#2329477229 P2P ICE str:13610 vport 0 'Steam Connection User13610'] problem detected locally (5003): Connection dropped
[DEBUG] 

[DEBUG] [2026-10-07 23:11:29] [STEAM NETWORKING LOGFUNC] Invalid lane count 1; Connection only has 0 lanes configured
[DEBUG] 

[DEBUG] [2026-10-07 23:11:29] [STEAM NETWORKING LOGFUNC] Invalid lane count 1; Connection only has 0 lanes configured
[DEBUG] 

[DEBUG] [2026-10-07 23:11:29] [STEAM NETWORKING][#2329477229 P2P ICE str:13610 vport 0 'Steam Connection User13610'] problem detected locally, reason 5003: Connection dropped

[DEBUG] 

[DEBUG] [2026-10-07 23:11:29] [DC] Closing in callback
[DEBUG] 

[DEBUG] [2026-10-07 23:11:29] [DC] Closing connection 13610
[DEBUG] 

[DEBUG] [2026-10-07 23:11:29] [STEAM CONNECTION] Setting connection 2329477229 to disconnected/invalid on user 13610
[DEBUG] 

[DEBUG] [2026-10-07 23:11:29] [STEAM NETWORKING][DISCONNECT HANDLER] Determined we didn't connect due to an error, Retrying: 1 (currently at 0/2 attempts)
[DEBUG] 

[DEBUG] [2026-10-07 23:11:29] [STEAM NETWORKING][DISCONNECT HANDLER] Retrying...
[DEBUG] 

[DEBUG] [2026-10-07 23:11:29] [STEAM NETWORKING][DISCONNECT HANDLER] Send signal start request...
[DEBUG] 

[DEBUG] [2026-10-07 23:11:29] [SIGNAL] SEND REQUEST SIGNALING!
[DEBUG] 

[DEBUG] [2026-10-07 23:11:29] [STEAM NETWORKING]DISCONNECTED OR PROBLEM DETECTED 5003

[DEBUG] 

[DEBUG] [2026-10-07 23:11:29] [DISC] Recv Failed 1 from user 13610
[DEBUG] 

[DEBUG] [2026-10-07 23:11:29] [DISC] Recv Failed 1 from user 13610
[DEBUG] 

[DEBUG] [2026-10-07 23:11:29] [DISC] Recv Failed 1 from user 13610
[DEBUG] 

[DEBUG] [2026-10-07 23:11:29] [DISC] Recv Failed 1 from user 13610
[DEBUG] 

[DEBUG] [2026-10-07 23:11:29] [DISC] Recv Failed 1 from user 13610
[DEBUG] 

[DEBUG] [2026-10-07 23:11:29] [DISC] Recv Failed 1 from user 13610
[DEBUG] 

[DEBUG] [2026-10-07 23:11:29] [DISC] Recv Failed 1 from user 13610
[DEBUG] 

[DEBUG] [2026-10-07 23:11:29] [DISC] Recv Failed 1 from user 13610
[DEBUG] 

[DEBUG] [2026-10-07 23:11:29] [DISC] Recv Failed 1 from user 13610
[DEBUG] 

[DEBUG] [2026-10-07 23:11:29] [DISC] Recv Failed 1 from user 13610
[DEBUG] 

[DEBUG] [2026-10-07 23:11:29] [DISC] Recv Failed 1 from user 13610
[DEBUG] 

[DEBUG] [2026-10-07 23:11:29] [DISC] Recv Failed 1 from user 13610
[DEBUG] 

[DEBUG] [2026-10-07 23:11:29] [DISC] Recv Failed 1 from user 13610
[DEBUG] 

[DEBUG] [2026-10-07 23:11:29] [DISC] Recv Failed 1 from user 13610
[DEBUG] 

[DEBUG] [2026-10-07 23:11:29] [DISC] Recv Failed 1 from user 13610
[DEBUG] 

[DEBUG] [2026-10-07 23:11:29] [DISC] Recv Failed 1 from user 13610
[DEBUG] 

[DEBUG] [2026-10-07 23:11:29] [DISC] Recv Failed 1 from user 13610
[DEBUG] 

[DEBUG] [2026-10-07 23:11:29] [DISC] Recv Failed 1 from user 13610
[DEBUG] 

[DEBUG] [2026-10-07 23:11:29] [DISC] Recv Failed 1 from user 13610
[DEBUG] 

[DEBUG] [2026-10-07 23:11:29] [DISC] Recv Failed 1 from user 13610
[DEBUG] 

[DEBUG] [2026-10-07 23:11:29] [DISC] Recv Failed 1 from user 13610
[DEBUG] 

[DEBUG] [2026-10-07 23:11:29] [DISC] Recv Failed 1 from user 13610
[DEBUG] 

[DEBUG] [2026-10-07 23:11:29] [DISC] Recv Failed 1 from user 13610
[DEBUG] 

[DEBUG] [2026-10-07 23:11:29] [DISC] Recv Failed 1 from user 13610
[DEBUG] 

[DEBUG] [2026-10-07 23:11:30] [DISC] Recv Failed 1 from user 13610
[DEBUG] 

[DEBUG] [2026-10-07 23:11:30] [DISC] Recv Failed 1 from user 13610
[DEBUG] 

[DEBUG] [2026-10-07 23:11:30] [DISC] Recv Failed 1 from user 13610
[DEBUG] 

[DEBUG] [2026-10-07 23:11:30] [DISC] Recv Failed 1 from user 13610
[DEBUG] 

[DEBUG] [2026-10-07 23:11:30] [DISC] Recv Failed 1 from user 13610
[DEBUG] 

[DEBUG] [2026-10-07 23:11:30] [DISC] Recv Failed 1 from user 13610
[DEBUG] 

[DEBUG] [2026-10-07 23:11:30] [DISC] Recv Failed 1 from user 13610
[DEBUG] 

[DEBUG] [2026-10-07 23:11:30] [DISC] Recv Failed 1 from user 13610
[DEBUG] 

[DEBUG] [2026-10-07 23:11:30] [DISC] Recv Failed 1 from user 13610
[DEBUG] 

[DEBUG] [2026-10-07 23:11:30] [DISC] Recv Failed 1 from user 13610
[DEBUG] 

[DEBUG] [2026-10-07 23:11:30] [DISC] Recv Failed 1 from user 13610
[DEBUG] 

[DEBUG] [2026-10-07 23:11:30] [DISC] Recv Failed 1 from user 13610
[DEBUG] 

[DEBUG] [2026-10-07 23:11:30] [DISC] Recv Failed 1 from user 13610
[DEBUG] 

[DEBUG] [2026-10-07 23:11:30] [DISC] Recv Failed 1 from user 13610
[DEBUG] 

[DEBUG] [2026-10-07 23:11:30] [DISC] Recv Failed 1 from user 13610
[DEBUG] 

[DEBUG] [2026-10-07 23:11:30] [DISC] Recv Failed 1 from user 13610
[DEBUG] 

[DEBUG] [2026-10-07 23:11:30] [DISC] Recv Failed 1 from user 13610
[DEBUG] 

[DEBUG] [2026-10-07 23:11:30] [DISC] Recv Failed 1 from user 13610
[DEBUG] 

[DEBUG] [2026-10-07 23:11:30] [DISC] Recv Failed 1 from user 13610
[DEBUG] 

[DEBUG] [2026-10-07 23:11:30] [DISC] Recv Failed 1 from user 13610
[DEBUG] 

[DEBUG] [2026-10-07 23:11:30] [DISC] Recv Failed 1 from user 13610
[DEBUG] 

[DEBUG] [2026-10-07 23:11:30] [DISC] Recv Failed 1 from user 13610
[DEBUG] 

[DEBUG] [2026-10-07 23:11:30] [DISC] Recv Failed 1 from user 13610
[DEBUG] 

[DEBUG] [2026-10-07 23:11:30] [DISC] Recv Failed 1 from user 13610
[DEBUG] 

[DEBUG] [2026-10-07 23:11:30] [DISC] Recv Failed 1 from user 13610
[DEBUG] 

[DEBUG] [2026-10-07 23:11:31] [DISC] Recv Failed 1 from user 13610
[DEBUG] 

[DEBUG] [2026-10-07 23:11:31] [DISC] Recv Failed 1 from user 13610
[DEBUG] 

[DEBUG] [2026-10-07 23:11:31] [DISC] Recv Failed 1 from user 13610
[DEBUG] 

[DEBUG] [2026-10-07 23:11:31] [DISC] Recv Failed 1 from user 13610
[DEBUG] 

[DEBUG] [2026-10-07 23:11:31] [DISC] Recv Failed 1 from user 13610
[DEBUG] 

[DEBUG] [2026-10-07 23:11:31] [DISC] Recv Failed 1 from user 13610
[DEBUG] 

[DEBUG] [2026-10-07 23:11:31] [DISC] Recv Failed 1 from user 13610
[DEBUG] 

[DEBUG] [2026-10-07 23:11:31] [DISC] Recv Failed 1 from user 13610
[DEBUG] 

[DEBUG] [2026-10-07 23:11:31] [DISC] Recv Failed 1 from user 13610
[DEBUG] 

[DEBUG] [2026-10-07 23:11:31] [DISC] Recv Failed 1 from user 13610
[DEBUG] 

[DEBUG] [2026-10-07 23:11:31] [DISC] Recv Failed 1 from user 13610
[DEBUG] 

[DEBUG] [2026-10-07 23:11:31] [DISC] Recv Failed 1 from user 13610
[DEBUG] 

[DEBUG] [2026-10-07 23:11:31] [DISC] Recv Failed 1 from user 13610
[DEBUG] 

[DEBUG] [2026-10-07 23:11:31] [DISC] Recv Failed 1 from user 13610
[DEBUG] 

[DEBUG] [2026-10-07 23:11:31] [DISC] Recv Failed 1 from user 13610
[DEBUG] 

[DEBUG] [2026-10-07 23:11:31] [DISC] Recv Failed 1 from user 13610
[DEBUG] 

[DEBUG] [2026-10-07 23:11:31] [DISC] Recv Failed 1 from user 13610
[DEBUG] 

[DEBUG] [2026-10-07 23:11:31] [DISC] Recv Failed 1 from user 13610
[DEBUG] 

[DEBUG] [2026-10-07 23:11:31] [DISC] Recv Failed 1 from user 13610
[DEBUG] 

[DEBUG] [2026-10-07 23:11:31] [DISC] Recv Failed 1 from user 13610
[DEBUG] 

[DEBUG] [2026-10-07 23:11:31] [DISC] Recv Failed 1 from user 13610
[DEBUG] 

[DEBUG] [2026-10-07 23:11:31] [DISC] Recv Failed 1 from user 13610
[DEBUG] 

[DEBUG] [2026-10-07 23:11:32] [DISC] Recv Failed 1 from user 13610
[DEBUG] 

[DEBUG] [2026-10-07 23:11:32] [DISC] Recv Failed 1 from user 13610
[DEBUG] 

[DEBUG] [2026-10-07 23:11:32] [DISC] Recv Failed 1 from user 13610
[DEBUG] 

[DEBUG] [2026-10-07 23:11:32] [DISC] Recv Failed 1 from user 13610
[DEBUG] 

[DEBUG] [2026-10-07 23:11:32] [DISC] Recv Failed 1 from user 13610
[DEBUG] 

[DEBUG] [2026-10-07 23:11:32] [DISC] Recv Failed 1 from user 13610
[DEBUG] 

[DEBUG] [2026-10-07 23:11:32] [DISC] Recv Failed 1 from user 13610
[DEBUG] 

[DEBUG] [2026-10-07 23:11:32] [DISC] Recv Failed 1 from user 13610
[DEBUG] 

[DEBUG] [2026-10-07 23:11:32] [DISC] Recv Failed 1 from user 13610
[DEBUG] 

[DEBUG] [2026-10-07 23:11:32] [DISC] Recv Failed 1 from user 13610
[DEBUG] 

[DEBUG] [2026-10-07 23:11:32] [DISC] Recv Failed 1 from user 13610
[DEBUG] 

[DEBUG] [2026-10-07 23:11:32] [DISC] Recv Failed 1 from user 13610
[DEBUG] 

[DEBUG] [2026-10-07 23:11:32] [DISC] Recv Failed 1 from user 13610
[DEBUG] 

[DEBUG] [2026-10-07 23:11:32] [DISC] Recv Failed 1 from user 13610
[DEBUG] 

[DEBUG] [2026-10-07 23:11:32] [DISC] Recv Failed 1 from user 13610
[DEBUG] 

[DEBUG] [2026-10-07 23:11:32] [DISC] Recv Failed 1 from user 13610
[DEBUG] 

[DEBUG] [2026-10-07 23:11:32] [DISC] Recv Failed 1 from user 13610
[DEBUG] 

[DEBUG] [2026-10-07 23:11:32] [DISC] Recv Failed 1 from user 13610
[DEBUG] 

[DEBUG] [2026-10-07 23:11:32] [DISC] Recv Failed 1 from user 13610
[DEBUG] 

[DEBUG] [2026-10-07 23:11:32] [DISC] Recv Failed 1 from user 13610
[DEBUG] 

[DEBUG] [2026-10-07 23:11:32] [DISC] Recv Failed 1 from user 13610
[DEBUG] 

[DEBUG] [2026-10-07 23:11:32] [DISC] Recv Failed 1 from user 13610
[DEBUG] 

[DEBUG] [2026-10-07 23:11:32] [DISC] Recv Failed 1 from user 13610
[DEBUG] 

[DEBUG] [2026-10-07 23:11:32] [DISC] Recv Failed 1 from user 13610
[DEBUG] 

[DEBUG] [2026-10-07 23:11:32] [DISC] Recv Failed 1 from user 13610
[DEBUG] 

[DEBUG] [2026-10-07 23:11:32] [DISC] Recv Failed 1 from user 13610
[DEBUG] 

[DEBUG] [2026-10-07 23:11:32] [DISC] Recv Failed 1 from user 13610
[DEBUG] 

[DEBUG] [2026-10-07 23:11:32] [DISC] Recv Failed 1 from user 13610
[DEBUG] 

[DEBUG] [2026-10-07 23:11:33] [DISC] Recv Failed 1 from user 13610
[DEBUG] 

[DEBUG] [2026-10-07 23:11:33] [DISC] Recv Failed 1 from user 13610
[DEBUG] 

[DEBUG] [2026-10-07 23:11:33] [DISC] Recv Failed 1 from user 13610
[DEBUG] 

[DEBUG] [2026-10-07 23:11:33] [DISC] Recv Failed 1 from user 13610
[DEBUG] 

[DEBUG] [2026-10-07 23:11:33] [DISC] Recv Failed 1 from user 13610
[DEBUG] 

[DEBUG] [2026-10-07 23:11:33] [DISC] Recv Failed 1 from user 13610
[DEBUG] 

[DEBUG] [2026-10-07 23:11:33] [DISC] Recv Failed 1 from user 13610
[DEBUG] 

[DEBUG] [2026-10-07 23:11:33] [DISC] Recv Failed 1 from user 13610
[DEBUG] 

[DEBUG] [2026-10-07 23:11:33] [DISC] Recv Failed 1 from user 13610
[DEBUG] 

[DEBUG] [2026-10-07 23:11:33] [DISC] Recv Failed 1 from user 13610
[DEBUG] 

[DEBUG] [2026-10-07 23:11:33] [DISC] Recv Failed 1 from user 13610
[DEBUG] 

[DEBUG] [2026-10-07 23:11:33] [DISC] Recv Failed 1 from user 13610
[DEBUG] 

[DEBUG] [2026-10-07 23:11:33] [DISC] Recv Failed 1 from user 13610
[DEBUG] 

[DEBUG] [2026-10-07 23:11:33] [DISC] Recv Failed 1 from user 13610
[DEBUG] 

[DEBUG] [2026-10-07 23:11:33] [DISC] Recv Failed 1 from user 13610
[DEBUG] 

[DEBUG] [2026-10-07 23:11:33] [DISC] Recv Failed 1 from user 13610
[DEBUG] 

[DEBUG] [2026-10-07 23:11:33] [DISC] Recv Failed 1 from user 13610
[DEBUG] 

[DEBUG] [2026-10-07 23:11:33] [DISC] Recv Failed 1 from user 13610
[DEBUG] 

[DEBUG] [2026-10-07 23:11:33] [DISC] Recv Failed 1 from user 13610
[DEBUG] 

[DEBUG] [2026-10-07 23:11:33] [DISC] Recv Failed 1 from user 13610
[DEBUG] 

[DEBUG] [2026-10-07 23:11:33] [DISC] Recv Failed 1 from user 13610
[DEBUG] 

[DEBUG] [2026-10-07 23:11:33] [DISC] Recv Failed 1 from user 13610
[DEBUG] 

[DEBUG] [2026-10-07 23:11:33] [DISC] Recv Failed 1 from user 13610
[DEBUG] 

[DEBUG] [2026-10-07 23:11:33] [DISC] Recv Failed 1 from user 13610
[DEBUG] 

[DEBUG] [2026-10-07 23:11:33] [DISC] Recv Failed 1 from user 13610
[DEBUG] 

[DEBUG] [2026-10-07 23:11:33] [DISC] Recv Failed 1 from user 13610
[DEBUG] 

[DEBUG] [2026-10-07 23:11:33] [DISC] Recv Failed 1 from user 13610
[DEBUG] 

[DEBUG] [2026-10-07 23:11:34] [DISC] Recv Failed 1 from user 13610
[DEBUG] 

[DEBUG] [2026-10-07 23:11:34] [DISC] Recv Failed 1 from user 13610
[DEBUG] 

[DEBUG] [2026-10-07 23:11:34] [DISC] Recv Failed 1 from user 13610
[DEBUG] 

[DEBUG] [2026-10-07 23:11:34] [DISC] Recv Failed 1 from user 13610
[DEBUG] 

[DEBUG] [2026-10-07 23:11:34] [DISC] Recv Failed 1 from user 13610
[DEBUG] 

[DEBUG] [2026-10-07 23:11:34] [DISC] Recv Failed 1 from user 13610
[DEBUG] 

[DEBUG] [2026-10-07 23:11:34] [DISC] Recv Failed 1 from user 13610
[DEBUG] 

[DEBUG] [2026-10-07 23:11:34] [DISC] Recv Failed 1 from user 13610
[DEBUG] 

[DEBUG] [2026-10-07 23:11:34] [DISC] Recv Failed 1 from user 13610
[DEBUG] 

[DEBUG] [2026-10-07 23:11:34] [DISC] Recv Failed 1 from user 13610
[DEBUG] 

[DEBUG] [2026-10-07 23:11:34] [DISC] Recv Failed 1 from user 13610
[DEBUG] 

[DEBUG] [2026-10-07 23:11:34] [DISC] Recv Failed 1 from user 13610
[DEBUG] 

[DEBUG] [2026-10-07 23:11:34] [DISC] Recv Failed 1 from user 13610
[DEBUG] 

[DEBUG] [2026-10-07 23:11:34] [DISC] Recv Failed 1 from user 13610
[DEBUG] 

[DEBUG] [2026-10-07 23:11:34] [DISC] Recv Failed 1 from user 13610
[DEBUG] 

[DEBUG] [2026-10-07 23:11:34] [DISC] Recv Failed 1 from user 13610
[DEBUG] 

[DEBUG] [2026-10-07 23:11:34] [DISC] Recv Failed 1 from user 13610
[DEBUG] 

[DEBUG] [2026-10-07 23:11:34] [DISC] Recv Failed 1 from user 13610
[DEBUG] 

[DEBUG] [2026-10-07 23:11:34] [DISC] Recv Failed 1 from user 13610
[DEBUG] 

[DEBUG] [2026-10-07 23:11:34] [DISC] Recv Failed 1 from user 13610
[DEBUG] 

[DEBUG] [2026-10-07 23:11:34] [DISC] Recv Failed 1 from user 13610
[DEBUG] 

[DEBUG] [2026-10-07 23:11:34] [DISC] Recv Failed 1 from user 13610
[DEBUG] 

[DEBUG] [2026-10-07 23:11:34] [DISC] Recv Failed 1 from user 13610
[DEBUG] 

[DEBUG] [2026-10-07 23:11:34] [DISC] Recv Failed 1 from user 13610
[DEBUG] 

[DEBUG] [2026-10-07 23:11:34] [DISC] Recv Failed 1 from user 13610
[DEBUG] 

[DEBUG] [2026-10-07 23:11:34] [DISC] Recv Failed 1 from user 13610
[DEBUG] 

[DEBUG] [2026-10-07 23:11:34] [DISC] Recv Failed 1 from user 13610
[DEBUG] 

[DEBUG] [2026-10-07 23:11:34] [DISC] Recv Failed 1 from user 13610
[DEBUG] 

[DEBUG] [2026-10-07 23:11:34] [DISC] Recv Failed 1 from user 13610
[DEBUG] 

[DEBUG] [2026-10-07 23:11:34] [DISC] Recv Failed 1 from user 13610
[DEBUG] 

[DEBUG] [2026-10-07 23:11:34] [DISC] Recv Failed 1 from user 13610
[DEBUG] 

[DEBUG] [2026-10-07 23:11:34] [DISC] Recv Failed 1 from user 13610
[DEBUG] 

[DEBUG] [2026-10-07 23:11:35] [DISC] Recv Failed 1 from user 13610
[DEBUG] 

[DEBUG] [2026-10-07 23:11:35] [DISC] Recv Failed 1 from user 13610
[DEBUG] 

[DEBUG] [2026-10-07 23:11:35] [DISC] Recv Failed 1 from user 13610
[DEBUG] 

[DEBUG] [2026-10-07 23:11:35] [DISC] Recv Failed 1 from user 13610
[DEBUG] 

[DEBUG] [2026-10-07 23:11:35] [DISC] Recv Failed 1 from user 13610
[DEBUG] 

[DEBUG] [2026-10-07 23:11:35] [DISC] Recv Failed 1 from user 13610
[DEBUG] 

[DEBUG] [2026-10-07 23:11:35] [DISC] Recv Failed 1 from user 13610
[DEBUG] 

[DEBUG] [2026-10-07 23:11:35] [DISC] Recv Failed 1 from user 13610
[DEBUG] 

[DEBUG] [2026-10-07 23:11:35] [DISC] Recv Failed 1 from user 13610
[DEBUG] 

[DEBUG] [2026-10-07 23:11:35] [DISC] Recv Failed 1 from user 13610
[DEBUG] 

[DEBUG] [2026-10-07 23:11:35] [DISC] Recv Failed 1 from user 13610
[DEBUG] 

[DEBUG] [2026-10-07 23:11:35] [DISC] Recv Failed 1 from user 13610
[DEBUG] 

[DEBUG] [2026-10-07 23:11:35] [DISC] Recv Failed 1 from user 13610
[DEBUG] 

[DEBUG] [2026-10-07 23:11:35] [DISC] Recv Failed 1 from user 13610
[DEBUG] 

[DEBUG] [2026-10-07 23:11:35] [DISC] Recv Failed 1 from user 13610
[DEBUG] 

[DEBUG] [2026-10-07 23:11:35] [DISC] Recv Failed 1 from user 13610
[DEBUG] 

[DEBUG] [2026-10-07 23:11:35] [DISC] Recv Failed 1 from user 13610
[DEBUG] 

[DEBUG] [2026-10-07 23:11:35] [DISC] Recv Failed 1 from user 13610
[DEBUG] 

[DEBUG] [2026-10-07 23:11:35] [DISC] Recv Failed 1 from user 13610
[DEBUG] 

[DEBUG] [2026-10-07 23:11:35] [DISC] Recv Failed 1 from user 13610
[DEBUG] 

[DEBUG] [2026-10-07 23:11:35] [DISC] Recv Failed 1 from user 13610
[DEBUG] 

[DEBUG] [2026-10-07 23:11:35] [DISC] Recv Failed 1 from user 13610
[DEBUG] 

[DEBUG] [2026-10-07 23:11:35] [DISC] Recv Failed 1 from user 13610
[DEBUG] 

[DEBUG] [2026-10-07 23:11:35] [DISC] Recv Failed 1 from user 13610
[DEBUG] 

[DEBUG] [2026-10-07 23:11:35] [DISC] Recv Failed 1 from user 13610
[DEBUG] 

[DEBUG] [2026-10-07 23:11:35] [DISC] Recv Failed 1 from user 13610
[DEBUG] 

[DEBUG] [2026-10-07 23:11:35] [DISC] Recv Failed 1 from user 13610
[DEBUG] 

[DEBUG] [2026-10-07 23:11:35] [DISC] Recv Failed 1 from user 13610
[DEBUG] 

[DEBUG] [2026-10-07 23:11:36] [DISC] Recv Failed 1 from user 13610
[DEBUG] 

[DEBUG] [2026-10-07 23:11:36] [DISC] Recv Failed 1 from user 13610
[DEBUG] 

[DEBUG] [2026-10-07 23:11:36] [DISC] Recv Failed 1 from user 13610
[DEBUG] 

[DEBUG] [2026-10-07 23:11:36] [DISC] Recv Failed 1 from user 13610
[DEBUG] 

[DEBUG] [2026-10-07 23:11:36] [DISC] Recv Failed 1 from user 13610
[DEBUG] 

[DEBUG] [2026-10-07 23:11:36] [DISC] Recv Failed 1 from user 13610
[DEBUG] 

[DEBUG] [2026-10-07 23:11:36] [DISC] Recv Failed 1 from user 13610
[DEBUG] 

[DEBUG] [2026-10-07 23:11:36] [DISC] Recv Failed 1 from user 13610
[DEBUG] 

[DEBUG] [2026-10-07 23:11:36] [DISC] Recv Failed 1 from user 13610
[DEBUG] 

[DEBUG] [2026-10-07 23:11:36] [DISC] Recv Failed 1 from user 13610
[DEBUG] 

[DEBUG] [2026-10-07 23:11:36] [DISC] Recv Failed 1 from user 13610
[DEBUG] 

[DEBUG] [2026-10-07 23:11:36] [DISC] Recv Failed 1 from user 13610
[DEBUG] 

[DEBUG] [2026-10-07 23:11:36] [DISC] Recv Failed 1 from user 13610
[DEBUG] 

[DEBUG] [2026-10-07 23:11:36] [DISC] Recv Failed 1 from user 13610
[DEBUG] 

[DEBUG] [2026-10-07 23:11:36] [DISC] Recv Failed 1 from user 13610
[DEBUG] 

[DEBUG] [2026-10-07 23:11:36] [DISC] Recv Failed 1 from user 13610
[DEBUG] 

[DEBUG] [2026-10-07 23:11:36] [DISC] Recv Failed 1 from user 13610
[DEBUG] 

[DEBUG] [2026-10-07 23:11:36] [DISC] Recv Failed 1 from user 13610
[DEBUG] 

[DEBUG] [2026-10-07 23:11:36] [DISC] Recv Failed 1 from user 13610
[DEBUG] 

[DEBUG] [2026-10-07 23:11:36] [DISC] Recv Failed 1 from user 13610
[DEBUG] 

[DEBUG] [2026-10-07 23:11:36] [DISC] Recv Failed 1 from user 13610
[DEBUG] 

[DEBUG] [2026-10-07 23:11:36] [DISC] Recv Failed 1 from user 13610
[DEBUG] 

[DEBUG] [2026-10-07 23:11:36] [DISC] Recv Failed 1 from user 13610
[DEBUG] 

[DEBUG] [2026-10-07 23:11:36] [DISC] Recv Failed 1 from user 13610
[DEBUG] 

[DEBUG] [2026-10-07 23:11:36] [DISC] Recv Failed 1 from user 13610
[DEBUG] 

[DEBUG] [2026-10-07 23:11:36] [DISC] Recv Failed 1 from user 13610
[DEBUG] 

[DEBUG] [2026-10-07 23:11:36] [DISC] Recv Failed 1 from user 13610
[DEBUG] 

[DEBUG] [2026-10-07 23:11:36] [DISC] Recv Failed 1 from user 13610
[DEBUG] 

[DEBUG] [2026-10-07 23:11:36] [DISC] Recv Failed 1 from user 13610
[DEBUG] 

[DEBUG] [2026-10-07 23:11:36] [DISC] Recv Failed 1 from user 13610
[DEBUG] 

[DEBUG] [2026-10-07 23:11:36] [DISC] Recv Failed 1 from user 13610
[DEBUG] 

[DEBUG] [2026-10-07 23:11:36] [DISC] Recv Failed 1 from user 13610
[DEBUG] 

[DEBUG] [2026-10-07 23:11:36] [DISC] Recv Failed 1 from user 13610
[DEBUG] 

[DEBUG] [2026-10-07 23:11:36] [DISC] Recv Failed 1 from user 13610
[DEBUG] 

[DEBUG] [2026-10-07 23:11:37] [DISC] Recv Failed 1 from user 13610
[DEBUG] 

[DEBUG] [2026-10-07 23:11:37] [DISC] Recv Failed 1 from user 13610
[DEBUG] 

[DEBUG] [2026-10-07 23:11:37] [DISC] Recv Failed 1 from user 13610
[DEBUG] 

[DEBUG] [2026-10-07 23:11:37] [DISC] Recv Failed 1 from user 13610
[DEBUG] 

[DEBUG] [2026-10-07 23:11:37] [DISC] Recv Failed 1 from user 13610
[DEBUG] 

[DEBUG] [2026-10-07 23:11:37] [DISC] Recv Failed 1 from user 13610
[DEBUG] 

[DEBUG] [2026-10-07 23:11:37] [DISC] Recv Failed 1 from user 13610
[DEBUG] 

[DEBUG] [2026-10-07 23:11:37] [DISC] Recv Failed 1 from user 13610
[DEBUG] 

[DEBUG] [2026-10-07 23:11:37] [DISC] Recv Failed 1 from user 13610
[DEBUG] 

[DEBUG] [2026-10-07 23:11:37] Got websocket disconnect (Timeout: Socket not ready for send/recv), timeout is 20004, last pong was at 1791396677374, current time is 1791396697378, attempting reconnect
[DEBUG] 

[DEBUG] [2026-10-07 23:11:37] [DISC] Recv Failed 1 from user 13610
[DEBUG] 

[DEBUG] [2026-10-07 23:11:37] [DISC] Recv Failed 1 from user 13610
[DEBUG] 

[DEBUG] [2026-10-07 23:11:37] [DISC] Recv Failed 1 from user 13610
[DEBUG] 

[DEBUG] [2026-10-07 23:11:37] [DISC] Recv Failed 1 from user 13610
[DEBUG] 

[DEBUG] [2026-10-07 23:11:37] [DISC] Recv Failed 1 from user 13610
[DEBUG] 

[DEBUG] [2026-10-07 23:11:37] [DISC] Recv Failed 1 from user 13610
[DEBUG] 

[DEBUG] [2026-10-07 23:11:37] [DISC] Recv Failed 1 from user 13610
[DEBUG] 

[DEBUG] [2026-10-07 23:11:37] [DISC] Recv Failed 1 from user 13610
[DEBUG] 

[DEBUG] [2026-10-07 23:11:37] [DISC] Recv Failed 1 from user 13610
[DEBUG] 

[DEBUG] [2026-10-07 23:11:37] [DISC] Recv Failed 1 from user 13610
[DEBUG] 

[DEBUG] [2026-10-07 23:11:37] [DISC] Recv Failed 1 from user 13610
[DEBUG] 

[DEBUG] [2026-10-07 23:11:37] [DISC] Recv Failed 1 from user 13610
[DEBUG] 

[DEBUG] [2026-10-07 23:11:37] [DISC] Recv Failed 1 from user 13610
[DEBUG] 

[DEBUG] [2026-10-07 23:11:37] [DISC] Recv Failed 1 from user 13610
[DEBUG] 

[DEBUG] [2026-10-07 23:11:37] [DISC] Recv Failed 1 from user 13610
[DEBUG] 

[DEBUG] [2026-10-07 23:11:37] [DISC] Recv Failed 1 from user 13610
[DEBUG] 

[DEBUG] [2026-10-07 23:11:37] [DISC] Recv Failed 1 from user 13610
[DEBUG] 

[DEBUG] [2026-10-07 23:11:37] [DISC] Recv Failed 1 from user 13610
[DEBUG] 

[DEBUG] [2026-10-07 23:11:37] [DISC] Recv Failed 1 from user 13610
[DEBUG] 

[DEBUG] [2026-10-07 23:11:37] [DISC] Recv Failed 1 from user 13610
[DEBUG] 

[DEBUG] [2026-10-07 23:11:38] [DISC] Recv Failed 1 from user 13610
[DEBUG] 

[DEBUG] [2026-10-07 23:11:38] [DISC] Recv Failed 1 from user 13610
[DEBUG] 

[DEBUG] [2026-10-07 23:11:38] [DISC] Recv Failed 1 from user 13610
[DEBUG] 

[DEBUG] [2026-10-07 23:11:38] [DISC] Recv Failed 1 from user 13610
[DEBUG] 

[DEBUG] [2026-10-07 23:11:38] [DISC] Recv Failed 1 from user 13610
[DEBUG] 

[DEBUG] [2026-10-07 23:11:38] [DISC] Recv Failed 1 from user 13610
[DEBUG] 

[DEBUG] [2026-10-07 23:11:38] [DISC] Recv Failed 1 from user 13610
[DEBUG] 

[DEBUG] [2026-10-07 23:11:38] [DISC] Recv Failed 1 from user 13610
[DEBUG] 

[DEBUG] [2026-10-07 23:11:38] [DISC] Recv Failed 1 from user 13610
[DEBUG] 

[DEBUG] [2026-10-07 23:11:38] [DISC] Recv Failed 1 from user 13610
[DEBUG] 

[DEBUG] [2026-10-07 23:11:38] [DISC] Recv Failed 1 from user 13610
[DEBUG] 

[DEBUG] [2026-10-07 23:11:38] [DISC] Recv Failed 1 from user 13610
[DEBUG] 

[DEBUG] [2026-10-07 23:11:38] [DISC] Recv Failed 1 from user 13610
[DEBUG] 

[DEBUG] [2026-10-07 23:11:38] [DISC] Recv Failed 1 from user 13610
[DEBUG] 

[DEBUG] [2026-10-07 23:11:38] [DISC] Recv Failed 1 from user 13610
[DEBUG] 

[DEBUG] [2026-10-07 23:11:38] [DISC] Recv Failed 1 from user 13610
[DEBUG] 

[DEBUG] [2026-10-07 23:11:38] [DISC] Recv Failed 1 from user 13610
[DEBUG] 

[DEBUG] [2026-10-07 23:11:38] [DISC] Recv Failed 1 from user 13610
[DEBUG] 

[DEBUG] [2026-10-07 23:11:38] [DISC] Recv Failed 1 from user 13610
[DEBUG] 

[DEBUG] [2026-10-07 23:11:38] [DISC] Recv Failed 1 from user 13610
[DEBUG] 

[DEBUG] [2026-10-07 23:11:38] [DISC] Recv Failed 1 from user 13610
[DEBUG] 

[DEBUG] [2026-10-07 23:11:38] [DISC] Recv Failed 1 from user 13610
[DEBUG] 

[DEBUG] [2026-10-07 23:11:38] [DISC] Recv Failed 1 from user 13610
[DEBUG] 

[DEBUG] [2026-10-07 23:11:38] [DISC] Recv Failed 1 from user 13610
[DEBUG] 

[DEBUG] [2026-10-07 23:11:38] [DISC] Recv Failed 1 from user 13610
[DEBUG] 

[DEBUG] [2026-10-07 23:11:38] [DISC] Recv Failed 1 from user 13610
[DEBUG] 

[DEBUG] [2026-10-07 23:11:38] [DISC] Recv Failed 1 from user 13610
[DEBUG] 

[DEBUG] [2026-10-07 23:11:38] [DISC] Recv Failed 1 from user 13610
[DEBUG] 

[DEBUG] [2026-10-07 23:11:38] [DISC] Recv Failed 1 from user 13610
[DEBUG] 

[DEBUG] [2026-10-07 23:11:38] [DISC] Recv Failed 1 from user 13610
[DEBUG] 

[DEBUG] [2026-10-07 23:11:38] [DISC] Recv Failed 1 from user 13610
[DEBUG] 

[DEBUG] [2026-10-07 23:11:38] [DISC] Recv Failed 1 from user 13610
[DEBUG] 

[DEBUG] [2026-10-07 23:11:38] [DISC] Recv Failed 1 from user 13610
[DEBUG] 

[DEBUG] [2026-10-07 23:11:38] [DISC] Recv Failed 1 from user 13610
[DEBUG] 

[DEBUG] [2026-10-07 23:11:38] [DISC] Recv Failed 1 from user 13610
[DEBUG] 

[DEBUG] [2026-10-07 23:11:39] [DISC] Recv Failed 1 from user 13610
[DEBUG] 

[DEBUG] [2026-10-07 23:11:39] [DISC] Recv Failed 1 from user 13610
[DEBUG] 

[DEBUG] [2026-10-07 23:11:39] [DISC] Recv Failed 1 from user 13610
[DEBUG] 

[DEBUG] [2026-10-07 23:11:39] [DISC] Recv Failed 1 from user 13610
[DEBUG] 

[DEBUG] [2026-10-07 23:11:39] [DISC] Recv Failed 1 from user 13610
[DEBUG] 

[DEBUG] [2026-10-07 23:11:39] [DISC] Recv Failed 1 from user 13610
[DEBUG] 

[DEBUG] [2026-10-07 23:11:39] [DISC] Recv Failed 1 from user 13610
[DEBUG] 

[DEBUG] [2026-10-07 23:11:39] [DISC] Recv Failed 1 from user 13610
[DEBUG] 

[DEBUG] [2026-10-07 23:11:39] [DISC] Recv Failed 1 from user 13610
[DEBUG] 

[DEBUG] [2026-10-07 23:11:39] [DISC] Recv Failed 1 from user 13610
[DEBUG] 

[DEBUG] [2026-10-07 23:11:39] [DISC] Recv Failed 1 from user 13610
[DEBUG] 

[DEBUG] [2026-10-07 23:11:39] [DISC] Recv Failed 1 from user 13610
[DEBUG] 

[DEBUG] [2026-10-07 23:11:39] [DISC] Recv Failed 1 from user 13610
[DEBUG] 

[DEBUG] [2026-10-07 23:11:39] [DISC] Recv Failed 1 from user 13610
[DEBUG] 

[DEBUG] [2026-10-07 23:11:39] [DISC] Recv Failed 1 from user 13610
[DEBUG] 

[DEBUG] [2026-10-07 23:11:39] [DISC] Recv Failed 1 from user 13610
[DEBUG] 

[DEBUG] [2026-10-07 23:11:39] [DISC] Recv Failed 1 from user 13610
[DEBUG] 

[DEBUG] [2026-10-07 23:11:39] [DISC] Recv Failed 1 from user 13610
[DEBUG] 

[DEBUG] [2026-10-07 23:11:39] [DISC] Recv Failed 1 from user 13610
[DEBUG] 

[DEBUG] [2026-10-07 23:11:39] [DISC] Recv Failed 1 from user 13610
[DEBUG] 

[DEBUG] [2026-10-07 23:11:39] [DISC] Recv Failed 1 from user 13610
[DEBUG] 

[DEBUG] [2026-10-07 23:11:39] [DISC] Recv Failed 1 from user 13610
[DEBUG] 

[DEBUG] [2026-10-07 23:11:39] [DISC] Recv Failed 1 from user 13610
[DEBUG] 

[DEBUG] [2026-10-07 23:11:39] [DISC] Recv Failed 1 from user 13610
[DEBUG] 

[DEBUG] [2026-10-07 23:11:39] [DISC] Recv Failed 1 from user 13610
[DEBUG] 

[DEBUG] [2026-10-07 23:11:39] [DISC] Recv Failed 1 from user 13610
[DEBUG] 

[DEBUG] [2026-10-07 23:11:39] [DISC] Recv Failed 1 from user 13610
[DEBUG] 

[DEBUG] [2026-10-07 23:11:39] [DISC] Recv Failed 1 from user 13610
[DEBUG] 

[DEBUG] [2026-10-07 23:11:39] [DISC] Recv Failed 1 from user 13610
[DEBUG] 

[DEBUG] [2026-10-07 23:11:39] [DISC] Recv Failed 1 from user 13610
[DEBUG] 

[DEBUG] [2026-10-07 23:11:40] [DISC] Recv Failed 1 from user 13610
[DEBUG] 

[DEBUG] [2026-10-07 23:11:40] [DISC] Recv Failed 1 from user 13610
[DEBUG] 

[DEBUG] [2026-10-07 23:11:40] [DISC] Recv Failed 1 from user 13610
[DEBUG] 

[DEBUG] [2026-10-07 23:11:40] [DISC] Recv Failed 1 from user 13610
[DEBUG] 

[DEBUG] [2026-10-07 23:11:40] [DISC] Recv Failed 1 from user 13610
[DEBUG] 

[DEBUG] [2026-10-07 23:11:40] [DISC] Recv Failed 1 from user 13610
[DEBUG] 

[DEBUG] [2026-10-07 23:11:40] [DISC] Recv Failed 1 from user 13610
[DEBUG] 

[DEBUG] [2026-10-07 23:11:40] [DISC] Recv Failed 1 from user 13610
[DEBUG] 

[DEBUG] [2026-10-07 23:11:40] [DISC] Recv Failed 1 from user 13610
[DEBUG] 

[DEBUG] [2026-10-07 23:11:40] [DISC] Recv Failed 1 from user 13610
[DEBUG] 

[DEBUG] [2026-10-07 23:11:40] [DISC] Recv Failed 1 from user 13610
[DEBUG] 

[DEBUG] [2026-10-07 23:11:40] [DISC] Recv Failed 1 from user 13610
[DEBUG] 

[DEBUG] [2026-10-07 23:11:40] [DISC] Recv Failed 1 from user 13610
[DEBUG] 

[DEBUG] [2026-10-07 23:11:40] [DISC] Recv Failed 1 from user 13610
[DEBUG] 

[DEBUG] [2026-10-07 23:11:40] [DISC] Recv Failed 1 from user 13610
[DEBUG] 

[DEBUG] [2026-10-07 23:11:40] [DISC] Recv Failed 1 from user 13610
[DEBUG] 

[DEBUG] [2026-10-07 23:11:40] [DISC] Recv Failed 1 from user 13610
[DEBUG] 

[DEBUG] [2026-10-07 23:11:40] [DISC] Recv Failed 1 from user 13610
[DEBUG] 

[DEBUG] [2026-10-07 23:11:40] [DISC] Recv Failed 1 from user 13610
[DEBUG] 

[DEBUG] [2026-10-07 23:11:40] [DISC] Recv Failed 1 from user 13610
[DEBUG] 

[DEBUG] [2026-10-07 23:11:40] [DISC] Recv Failed 1 from user 13610
[DEBUG] 

[DEBUG] [2026-10-07 23:11:40] [DISC] Recv Failed 1 from user 13610
[DEBUG] 

[DEBUG] [2026-10-07 23:11:40] [DISC] Recv Failed 1 from user 13610
[DEBUG] 

[DEBUG] [2026-10-07 23:11:40] [DISC] Recv Failed 1 from user 13610
[DEBUG] 

[DEBUG] [2026-10-07 23:11:40] [DISC] Recv Failed 1 from user 13610
[DEBUG] 

[DEBUG] [2026-10-07 23:11:40] [DISC] Recv Failed 1 from user 13610
[DEBUG] 

[DEBUG] [2026-10-07 23:11:40] [DISC] Recv Failed 1 from user 13610
[DEBUG] 

[DEBUG] [2026-10-07 23:11:40] [DISC] Recv Failed 1 from user 13610
[DEBUG] 

[DEBUG] [2026-10-07 23:11:40] [DISC] Recv Failed 1 from user 13610
[DEBUG] 

[DEBUG] [2026-10-07 23:11:40] [DISC] Recv Failed 1 from user 13610
[DEBUG] 

[DEBUG] [2026-10-07 23:11:40] [DISC] Recv Failed 1 from user 13610
[DEBUG] 

[DEBUG] [2026-10-07 23:11:41] [DISC] Recv Failed 1 from user 13610
[DEBUG] 

[DEBUG] [2026-10-07 23:11:41] [DISC] Recv Failed 1 from user 13610
[DEBUG] 

[DEBUG] [2026-10-07 23:11:41] [DISC] Recv Failed 1 from user 13610
[DEBUG] 

[DEBUG] [2026-10-07 23:11:41] [DISC] Recv Failed 1 from user 13610
[DEBUG] 

[DEBUG] [2026-10-07 23:11:41] [DISC] Recv Failed 1 from user 13610
[DEBUG] 

[DEBUG] [2026-10-07 23:11:41] [DISC] Recv Failed 1 from user 13610
[DEBUG] 

[DEBUG] [2026-10-07 23:11:41] [DISC] Recv Failed 1 from user 13610
[DEBUG] 

[DEBUG] [2026-10-07 23:11:41] [DISC] Recv Failed 1 from user 13610
[DEBUG] 

[DEBUG] [2026-10-07 23:11:41] [DISC] Recv Failed 1 from user 13610
[DEBUG] 

[DEBUG] [2026-10-07 23:11:41] [DISC] Recv Failed 1 from user 13610
[DEBUG] 

[DEBUG] [2026-10-07 23:11:41] [DISC] Recv Failed 1 from user 13610
[DEBUG] 

[DEBUG] [2026-10-07 23:11:41] [DISC] Recv Failed 1 from user 13610
[DEBUG] 

[DEBUG] [2026-10-07 23:11:41] [DISC] Recv Failed 1 from user 13610
[DEBUG] 

[DEBUG] [2026-10-07 23:11:41] [DISC] Recv Failed 1 from user 13610
[DEBUG] 

[DEBUG] [2026-10-07 23:11:41] [DISC] Recv Failed 1 from user 13610
[DEBUG] 

[DEBUG] [2026-10-07 23:11:41] [DISC] Recv Failed 1 from user 13610
[DEBUG] 

[DEBUG] [2026-10-07 23:11:41] [DISC] Recv Failed 1 from user 13610
[DEBUG] 

[DEBUG] [2026-10-07 23:11:41] [DISC] Recv Failed 1 from user 13610
[DEBUG] 

[DEBUG] [2026-10-07 23:11:41] [DISC] Recv Failed 1 from user 13610
[DEBUG] 

[DEBUG] [2026-10-07 23:11:41] [DISC] Recv Failed 1 from user 13610
[DEBUG] 

[DEBUG] [2026-10-07 23:11:41] [DISC] Recv Failed 1 from user 13610
[DEBUG] 

[DEBUG] [2026-10-07 23:11:41] [DISC] Recv Failed 1 from user 13610
[DEBUG] 

[DEBUG] [2026-10-07 23:11:41] [DISC] Recv Failed 1 from user 13610
[DEBUG] 

[DEBUG] [2026-10-07 23:11:41] [DISC] Recv Failed 1 from user 13610
[DEBUG] 

[DEBUG] [2026-10-07 23:11:41] [DISC] Recv Failed 1 from user 13610
[DEBUG] 

[DEBUG] [2026-10-07 23:11:41] [DISC] Recv Failed 1 from user 13610
[DEBUG] 

[DEBUG] [2026-10-07 23:11:41] [DISC] Recv Failed 1 from user 13610
[DEBUG] 

[DEBUG] [2026-10-07 23:11:41] [DISC] Recv Failed 1 from user 13610
[DEBUG] 

[DEBUG] [2026-10-07 23:11:41] [DISC] Recv Failed 1 from user 13610
[DEBUG] 

[DEBUG] [2026-10-07 23:11:41] [DISC] Recv Failed 1 from user 13610
[DEBUG] 

[DEBUG] [2026-10-07 23:11:41] [DISC] Recv Failed 1 from user 13610
[DEBUG] 

[DEBUG] [2026-10-07 23:11:41] [DISC] Recv Failed 1 from user 13610
[DEBUG] 

[DEBUG] [2026-10-07 23:11:42] [DISC] Recv Failed 1 from user 13610
[DEBUG] 

[DEBUG] [2026-10-07 23:11:42] [DISC] Recv Failed 1 from user 13610
[DEBUG] 

[DEBUG] [2026-10-07 23:11:42] [DISC] Recv Failed 1 from user 13610
[DEBUG] 

[DEBUG] [2026-10-07 23:11:42] [DISC] Recv Failed 1 from user 13610
[DEBUG] 

[DEBUG] [2026-10-07 23:11:42] [DISC] Recv Failed 1 from user 13610
[DEBUG] 

[DEBUG] [2026-10-07 23:11:42] [DISC] Recv Failed 1 from user 13610
[DEBUG] 

[DEBUG] [2026-10-07 23:11:42] [DISC] Recv Failed 1 from user 13610
[DEBUG] 

[DEBUG] [2026-10-07 23:11:42] [DISC] Recv Failed 1 from user 13610
[DEBUG] 

[DEBUG] [2026-10-07 23:11:42] [DISC] Recv Failed 1 from user 13610
[DEBUG] 

[DEBUG] [2026-10-07 23:11:42] [DISC] Recv Failed 1 from user 13610
[DEBUG] 

[DEBUG] [2026-10-07 23:11:42] [DISC] Recv Failed 1 from user 13610
[DEBUG] 

[DEBUG] [2026-10-07 23:11:42] [DISC] Recv Failed 1 from user 13610
[DEBUG] 

[DEBUG] [2026-10-07 23:11:42] [DISC] Recv Failed 1 from user 13610
[DEBUG] 

[DEBUG] [2026-10-07 23:11:42] [DISC] Recv Failed 1 from user 13610
[DEBUG] 

[DEBUG] [2026-10-07 23:11:42] [DISC] Recv Failed 1 from user 13610
[DEBUG] 

[DEBUG] [2026-10-07 23:11:42] [DISC] Recv Failed 1 from user 13610
[DEBUG] 

[DEBUG] [2026-10-07 23:11:42] [DISC] Recv Failed 1 from user 13610
[DEBUG] 

[DEBUG] [2026-10-07 23:11:42] [DISC] Recv Failed 1 from user 13610
[DEBUG] 

[DEBUG] [2026-10-07 23:11:42] [DISC] Recv Failed 1 from user 13610
[DEBUG] 

[DEBUG] [2026-10-07 23:11:42] [DISC] Recv Failed 1 from user 13610
[DEBUG] 

[DEBUG] [2026-10-07 23:11:42] [DISC] Recv Failed 1 from user 13610
[DEBUG] 

[DEBUG] [2026-10-07 23:11:42] [DISC] Recv Failed 1 from user 13610
[DEBUG] 

[DEBUG] [2026-10-07 23:11:42] [DISC] Recv Failed 1 from user 13610
[DEBUG] 

[DEBUG] [2026-10-07 23:11:42] [DISC] Recv Failed 1 from user 13610
[DEBUG] 

[DEBUG] [2026-10-07 23:11:42] [DISC] Recv Failed 1 from user 13610
[DEBUG] 

[DEBUG] [2026-10-07 23:11:42] [DISC] Recv Failed 1 from user 13610
[DEBUG] 

[DEBUG] [2026-10-07 23:11:42] [DISC] Recv Failed 1 from user 13610
[DEBUG] 

[DEBUG] [2026-10-07 23:11:42] [DISC] Recv Failed 1 from user 13610
[DEBUG] 

[DEBUG] [2026-10-07 23:11:42] [DISC] Recv Failed 1 from user 13610
[DEBUG] 

[DEBUG] [2026-10-07 23:11:42] [DISC] Recv Failed 1 from user 13610
[DEBUG] 

[DEBUG] [2026-10-07 23:11:42] [DISC] Recv Failed 1 from user 13610
[DEBUG] 

[DEBUG] [2026-10-07 23:11:43] [DISC] Recv Failed 1 from user 13610
[DEBUG] 

[DEBUG] [2026-10-07 23:11:43] [DISC] Recv Failed 1 from user 13610
[DEBUG] 

[DEBUG] [2026-10-07 23:11:43] [DISC] Recv Failed 1 from user 13610
[DEBUG] 

[DEBUG] [2026-10-07 23:11:43] [DISC] Recv Failed 1 from user 13610
[DEBUG] 

[DEBUG] [2026-10-07 23:11:43] [DISC] Recv Failed 1 from user 13610
[DEBUG] 

[DEBUG] [2026-10-07 23:11:43] [DISC] Recv Failed 1 from user 13610
[DEBUG] 

[DEBUG] [2026-10-07 23:11:43] [DISC] Recv Failed 1 from user 13610
[DEBUG] 

[DEBUG] [2026-10-07 23:11:43] [DISC] Recv Failed 1 from user 13610
[DEBUG] 

[DEBUG] [2026-10-07 23:11:43] [DISC] Recv Failed 1 from user 13610
[DEBUG] 

[DEBUG] [2026-10-07 23:11:43] [DISC] Recv Failed 1 from user 13610
[DEBUG] 

[DEBUG] [2026-10-07 23:11:43] [DISC] Recv Failed 1 from user 13610
[DEBUG] 

[DEBUG] [2026-10-07 23:11:43] [DISC] Recv Failed 1 from user 13610
[DEBUG] 

[DEBUG] [2026-10-07 23:11:43] [DISC] Recv Failed 1 from user 13610
[DEBUG] 

[DEBUG] [2026-10-07 23:11:43] [DISC] Recv Failed 1 from user 13610
[DEBUG] 

[DEBUG] [2026-10-07 23:11:43] [DISC] Recv Failed 1 from user 13610
[DEBUG] 

[DEBUG] [2026-10-07 23:11:43] [DISC] Recv Failed 1 from user 13610
[DEBUG] 

[DEBUG] [2026-10-07 23:11:43] [DISC] Recv Failed 1 from user 13610
[DEBUG] 

[DEBUG] [2026-10-07 23:11:43] [DISC] Recv Failed 1 from user 13610
[DEBUG] 

[DEBUG] [2026-10-07 23:11:43] [DISC] Recv Failed 1 from user 13610
[DEBUG] 

[DEBUG] [2026-10-07 23:11:43] [WebSocket] Re-Connected
[DEBUG] 

[DEBUG] [2026-10-07 23:11:43] [NGMP] Refreshing network room roster
[DEBUG] 

[DEBUG] [2026-10-07 23:11:43] [DISC] Recv Failed 1 from user 13610
[DEBUG] 

[DEBUG] [2026-10-07 23:11:43] [NGMP] Refreshing network room roster
[DEBUG] 

[DEBUG] [2026-10-07 23:11:43] [DISC] Recv Failed 1 from user 13610
[DEBUG] 

[DEBUG] [2026-10-07 23:11:43] [NGMP] Refreshing network room roster
[DEBUG] 

[DEBUG] [2026-10-07 23:11:43] [DISC] Recv Failed 1 from user 13610
[DEBUG] 

[DEBUG] [2026-10-07 23:11:43] [NGMP] Refreshing network room roster
[DEBUG] 

[DEBUG] [2026-10-07 23:11:43] [DISC] Recv Failed 1 from user 13610
[DEBUG] 

[DEBUG] [2026-10-07 23:11:43] [NGMP] Refreshing network room roster
[DEBUG] 

[DEBUG] [2026-10-07 23:11:43] [DISC] Recv Failed 1 from user 13610
[DEBUG] 

[DEBUG] [2026-10-07 23:11:43] [NGMP] Refreshing network room roster
[DEBUG] 

[DEBUG] [2026-10-07 23:11:43] [DISC] Recv Failed 1 from user 13610
[DEBUG] 

[DEBUG] [2026-10-07 23:11:43] [NGMP] Refreshing network room roster
[DEBUG] 

[DEBUG] [2026-10-07 23:11:43] [DISC] Recv Failed 1 from user 13610
[DEBUG] 

[DEBUG] [2026-10-07 23:11:44] [NGMP] Refreshing network room roster
[DEBUG] 

[DEBUG] [2026-10-07 23:11:44] [DISC] Recv Failed 1 from user 13610
[DEBUG] 

[DEBUG] [2026-10-07 23:11:44] [NGMP] Refreshing network room roster
[DEBUG] 

[DEBUG] [2026-10-07 23:11:44] [DISC] Recv Failed 1 from user 13610
[DEBUG] 

[DEBUG] [2026-10-07 23:11:44] [NGMP] Refreshing network room roster
[DEBUG] 

[DEBUG] [2026-10-07 23:11:44] [DISC] Recv Failed 1 from user 13610
[DEBUG] 

[DEBUG] [2026-10-07 23:11:44] [NGMP] Refreshing network room roster
[DEBUG] 

[DEBUG] [2026-10-07 23:11:44] [DISC] Recv Failed 1 from user 13610
[DEBUG] 

[DEBUG] [2026-10-07 23:11:44] [NGMP] Refreshing network room roster
[DEBUG] 

[DEBUG] [2026-10-07 23:11:44] [DISC] Recv Failed 1 from user 13610
[DEBUG] 

[DEBUG] [2026-10-07 23:11:44] [NGMP] Refreshing network room roster
[DEBUG] 

[DEBUG] [2026-10-07 23:11:44] [DISC] Recv Failed 1 from user 13610
[DEBUG] 

[DEBUG] [2026-10-07 23:11:44] [NGMP] Refreshing network room roster
[DEBUG] 

[DEBUG] [2026-10-07 23:11:44] [DISC] Recv Failed 1 from user 13610
[DEBUG] 

[DEBUG] [2026-10-07 23:11:44] [NGMP] Refreshing network room roster
[DEBUG] 

[DEBUG] [2026-10-07 23:11:44] [DISC] Recv Failed 1 from user 13610
[DEBUG] 

[DEBUG] [2026-10-07 23:11:44] [NGMP] Refreshing network room roster
[DEBUG] 

[DEBUG] [2026-10-07 23:11:44] [DISC] Recv Failed 1 from user 13610
[DEBUG] 

[DEBUG] [2026-10-07 23:11:44] [NGMP] Refreshing network room roster
[DEBUG] 

[DEBUG] [2026-10-07 23:11:44] [DISC] Recv Failed 1 from user 13610
[DEBUG] 

[DEBUG] [2026-10-07 23:11:44] [NGMP] Refreshing network room roster
[DEBUG] 

[DEBUG] [2026-10-07 23:11:44] [DISC] Recv Failed 1 from user 13610
[DEBUG] 

[DEBUG] [2026-10-07 23:11:44] [NGMP] Refreshing network room roster
[DEBUG] 

[DEBUG] [2026-10-07 23:11:44] [DISC] Recv Failed 1 from user 13610
[DEBUG] 

[DEBUG] [2026-10-07 23:11:44] [NGMP] Refreshing network room roster
[DEBUG] 

[DEBUG] [2026-10-07 23:11:44] [DISC] Recv Failed 1 from user 13610
[DEBUG] 

[DEBUG] [2026-10-07 23:11:44] [DISC] Recv Failed 1 from user 13610
[DEBUG] 

[DEBUG] [2026-10-07 23:11:44] [DISC] Recv Failed 1 from user 13610
[DEBUG] 

[DEBUG] [2026-10-07 23:11:44] [DISC] Recv Failed 1 from user 13610
[DEBUG] 

[DEBUG] [2026-10-07 23:11:44] [DISC] Recv Failed 1 from user 13610
[DEBUG] 

[DEBUG] [2026-10-07 23:11:44] [DISC] Recv Failed 1 from user 13610
[DEBUG] 

[DEBUG] [2026-10-07 23:11:44] [DISC] Recv Failed 1 from user 13610
[DEBUG] 

[DEBUG] [2026-10-07 23:11:44] [DISC] Recv Failed 1 from user 13610
[DEBUG] 

[DEBUG] [2026-10-07 23:11:44] [NGMP] Refreshing network room roster
[DEBUG] 

[DEBUG] [2026-10-07 23:11:44] [DISC] Recv Failed 1 from user 13610
[DEBUG] 

[DEBUG] [2026-10-07 23:11:44] [DISC] Recv Failed 1 from user 13610
[DEBUG] 

[DEBUG] [2026-10-07 23:11:44] [NGMP] Refreshing network room roster
[DEBUG] 

[DEBUG] [2026-10-07 23:11:44] [DISC] Recv Failed 1 from user 13610
[DEBUG] 

[DEBUG] [2026-10-07 23:11:44] [NGMP] Refreshing network room roster
[DEBUG] 

[DEBUG] [2026-10-07 23:11:44] [DISC] Recv Failed 1 from user 13610
[DEBUG] 

[DEBUG] [2026-10-07 23:11:44] [NGMP] Refreshing network room roster
[DEBUG] 

[DEBUG] [2026-10-07 23:11:44] [DISC] Recv Failed 1 from user 13610
[DEBUG] 

[DEBUG] [2026-10-07 23:11:44] [NGMP] Refreshing network room roster
[DEBUG] 

[DEBUG] [2026-10-07 23:11:44] [DISC] Recv Failed 1 from user 13610
[DEBUG] 

[DEBUG] [2026-10-07 23:11:44] [DISC] Recv Failed 1 from user 13610
[DEBUG] 

[DEBUG] [2026-10-07 23:11:44] [DISC] Recv Failed 1 from user 13610
[DEBUG] 

[DEBUG] [2026-10-07 23:11:45] [NGMP] Refreshing network room roster
[DEBUG] 

[DEBUG] [2026-10-07 23:11:45] [DISC] Recv Failed 1 from user 13610
[DEBUG] 

[DEBUG] [2026-10-07 23:11:45] [DISC] Recv Failed 1 from user 13610
[DEBUG] 

[DEBUG] [2026-10-07 23:11:45] [DISC] Recv Failed 1 from user 13610
[DEBUG] 

[DEBUG] [2026-10-07 23:11:45] [DISC] Recv Failed 1 from user 13610
[DEBUG] 

[DEBUG] [2026-10-07 23:11:45] [NGMP] Refreshing network room roster
[DEBUG] 

[DEBUG] [2026-10-07 23:11:45] [DISC] Recv Failed 1 from user 13610
[DEBUG] 

[DEBUG] [2026-10-07 23:11:45] [DISC] Recv Failed 1 from user 13610
[DEBUG] 

[DEBUG] [2026-10-07 23:11:45] [DISC] Recv Failed 1 from user 13610
[DEBUG] 

[DEBUG] [2026-10-07 23:11:45] [DISC] Recv Failed 1 from user 13610
[DEBUG] 

[DEBUG] [2026-10-07 23:11:45] [DISC] Recv Failed 1 from user 13610
[DEBUG] 

[DEBUG] [2026-10-07 23:11:45] [DISC] Recv Failed 1 from user 13610
[DEBUG] 

[DEBUG] [2026-10-07 23:11:45] [NGMP] Refreshing network room roster
[DEBUG] 

[DEBUG] [2026-10-07 23:11:45] [DISC] Recv Failed 1 from user 13610
[DEBUG] 

[DEBUG] [2026-10-07 23:11:45] [DISC] Recv Failed 1 from user 13610
[DEBUG] 

[DEBUG] [2026-10-07 23:11:45] [DISC] Recv Failed 1 from user 13610
[DEBUG] 

[DEBUG] [2026-10-07 23:11:45] [DISC] Recv Failed 1 from user 13610
[DEBUG] 

[DEBUG] [2026-10-07 23:11:45] [DISC] Recv Failed 1 from user 13610
[DEBUG] 

[DEBUG] [2026-10-07 23:11:45] [DISC] Recv Failed 1 from user 13610
[DEBUG] 

[DEBUG] [2026-10-07 23:11:45] [DISC] Recv Failed 1 from user 13610
[DEBUG] 

[DEBUG] [2026-10-07 23:11:45] [DISC] Recv Failed 1 from user 13610
[DEBUG] 

[DEBUG] [2026-10-07 23:11:45] [DISC] Recv Failed 1 from user 13610
[DEBUG] 

[DEBUG] [2026-10-07 23:11:45] [DISC] Recv Failed 1 from user 13610
[DEBUG] 

[DEBUG] [2026-10-07 23:11:45] [NGMP] Refreshing network room roster
[DEBUG] 

[DEBUG] [2026-10-07 23:11:45] [DISC] Recv Failed 1 from user 13610
[DEBUG] 

[DEBUG] [2026-10-07 23:11:45] [DISC] Recv Failed 1 from user 13610
[DEBUG] 

[DEBUG] [2026-10-07 23:11:45] [DISC] Recv Failed 1 from user 13610
[DEBUG] 

[DEBUG] [2026-10-07 23:11:45] [DISC] Recv Failed 1 from user 13610
[DEBUG] 

[DEBUG] [2026-10-07 23:11:45] [DISC] Recv Failed 1 from user 13610
[DEBUG] 

[DEBUG] [2026-10-07 23:11:45] [NGMP] Refreshing network room roster
[DEBUG] 

[DEBUG] [2026-10-07 23:11:45] [DISC] Recv Failed 1 from user 13610
[DEBUG] 

[DEBUG] [2026-10-07 23:11:45] [DISC] Recv Failed 1 from user 13610
[DEBUG] 

[DEBUG] [2026-10-07 23:11:45] [DISC] Recv Failed 1 from user 13610
[DEBUG] 

[DEBUG] [2026-10-07 23:11:45] [DISC] Recv Failed 1 from user 13610
[DEBUG] 

[DEBUG] [2026-10-07 23:11:45] [DISC] Recv Failed 1 from user 13610
[DEBUG] 

[DEBUG] [2026-10-07 23:11:45] [DISC] Recv Failed 1 from user 13610
[DEBUG] 

[DEBUG] [2026-10-07 23:11:45] [DISC] Recv Failed 1 from user 13610
[DEBUG] 

[DEBUG] [2026-10-07 23:11:45] [NGMP] Refreshing network room roster
[DEBUG] 

[DEBUG] [2026-10-07 23:11:45] [DISC] Recv Failed 1 from user 13610
[DEBUG] 

[DEBUG] [2026-10-07 23:11:45] [DISC] Recv Failed 1 from user 13610
[DEBUG] 

[DEBUG] [2026-10-07 23:11:46] [DISC] Recv Failed 1 from user 13610
[DEBUG] 

[DEBUG] [2026-10-07 23:11:46] [DISC] Recv Failed 1 from user 13610
[DEBUG] 

[DEBUG] [2026-10-07 23:11:46] [DISC] Recv Failed 1 from user 13610
[DEBUG] 

[DEBUG] [2026-10-07 23:11:46] [DISC] Recv Failed 1 from user 13610
[DEBUG] 

[DEBUG] [2026-10-07 23:11:46] [DISC] Recv Failed 1 from user 13610
[DEBUG] 

[DEBUG] [2026-10-07 23:11:46] [NGMP] Refreshing network room roster
[DEBUG] 

[DEBUG] [2026-10-07 23:11:46] [DISC] Recv Failed 1 from user 13610
[DEBUG] 

[DEBUG] [2026-10-07 23:11:46] [DISC] Recv Failed 1 from user 13610
[DEBUG] 

[DEBUG] [2026-10-07 23:11:46] [DISC] Recv Failed 1 from user 13610
[DEBUG] 

[DEBUG] [2026-10-07 23:11:46] [DISC] Recv Failed 1 from user 13610
[DEBUG] 

[DEBUG] [2026-10-07 23:11:46] [DISC] Recv Failed 1 from user 13610
[DEBUG] 

[DEBUG] [2026-10-07 23:11:46] [DISC] Recv Failed 1 from user 13610
[DEBUG] 

[DEBUG] [2026-10-07 23:11:46] [DISC] Recv Failed 1 from user 13610
[DEBUG] 

[DEBUG] [2026-10-07 23:11:46] [DISC] Recv Failed 1 from user 13610
[DEBUG] 

[DEBUG] [2026-10-07 23:11:46] [DISC] Recv Failed 1 from user 13610
[DEBUG] 

[DEBUG] [2026-10-07 23:11:46] [DISC] Recv Failed 1 from user 13610
[DEBUG] 

[DEBUG] [2026-10-07 23:11:46] [DISC] Recv Failed 1 from user 13610
[DEBUG] 

[DEBUG] [2026-10-07 23:11:46] [DISC] Recv Failed 1 from user 13610
[DEBUG] 

[DEBUG] [2026-10-07 23:11:46] [DISC] Recv Failed 1 from user 13610
[DEBUG] 

[DEBUG] [2026-10-07 23:11:46] [DISC] Recv Failed 1 from user 13610
[DEBUG] 

[DEBUG] [2026-10-07 23:11:46] [DISC] Recv Failed 1 from user 13610
[DEBUG] 

[DEBUG] [2026-10-07 23:11:46] [DISC] Recv Failed 1 from user 13610
[DEBUG] 

[DEBUG] [2026-10-07 23:11:46] [DISC] Recv Failed 1 from user 13610
[DEBUG] 

[DEBUG] [2026-10-07 23:11:46] [DISC] Recv Failed 1 from user 13610
[DEBUG] 

[DEBUG] [2026-10-07 23:11:46] [DISC] Recv Failed 1 from user 13610
[DEBUG] 

[DEBUG] [2026-10-07 23:11:46] [DISC] Recv Failed 1 from user 13610
[DEBUG] 

[DEBUG] [2026-10-07 23:11:46] [DISC] Recv Failed 1 from user 13610
[DEBUG] 

[DEBUG] [2026-10-07 23:11:46] [DISC] Recv Failed 1 from user 13610
[DEBUG] 

[DEBUG] [2026-10-07 23:11:46] [DISC] Recv Failed 1 from user 13610
[DEBUG] 

[DEBUG] [2026-10-07 23:11:46] [DISC] Recv Failed 1 from user 13610
[DEBUG] 

[DEBUG] [2026-10-07 23:11:46] [DISC] Recv Failed 1 from user 13610
[DEBUG] 

[DEBUG] [2026-10-07 23:11:46] [DISC] Recv Failed 1 from user 13610
[DEBUG] 

[DEBUG] [2026-10-07 23:11:46] [DISC] Recv Failed 1 from user 13610
[DEBUG] 

[DEBUG] [2026-10-07 23:11:47] [DISC] Recv Failed 1 from user 13610
[DEBUG] 

[DEBUG] [2026-10-07 23:11:47] [DISC] Recv Failed 1 from user 13610
[DEBUG] 

[DEBUG] [2026-10-07 23:11:47] [DISC] Recv Failed 1 from user 13610
[DEBUG] 

[DEBUG] [2026-10-07 23:11:47] [DISC] Recv Failed 1 from user 13610
[DEBUG] 

[DEBUG] [2026-10-07 23:11:47] [DISC] Recv Failed 1 from user 13610
[DEBUG] 

[DEBUG] [2026-10-07 23:11:47] [DISC] Recv Failed 1 from user 13610
[DEBUG] 

[DEBUG] [2026-10-07 23:11:47] [DISC] Recv Failed 1 from user 13610
[DEBUG] 

[DEBUG] [2026-10-07 23:11:47] [DISC] Recv Failed 1 from user 13610
[DEBUG] 

[DEBUG] [2026-10-07 23:11:47] [DISC] Recv Failed 1 from user 13610
[DEBUG] 

[DEBUG] [2026-10-07 23:11:47] [DISC] Recv Failed 1 from user 13610
[DEBUG] 

[DEBUG] [2026-10-07 23:11:47] [DISC] Recv Failed 1 from user 13610
[DEBUG] 

[DEBUG] [2026-10-07 23:11:47] [DISC] Recv Failed 1 from user 13610
[DEBUG] 

[DEBUG] [2026-10-07 23:11:47] [DISC] Recv Failed 1 from user 13610
[DEBUG] 

[DEBUG] [2026-10-07 23:11:47] [DISC] Recv Failed 1 from user 13610
[DEBUG] 

[DEBUG] [2026-10-07 23:11:47] [DISC] Recv Failed 1 from user 13610
[DEBUG] 

[DEBUG] [2026-10-07 23:11:47] [DISC] Recv Failed 1 from user 13610
[DEBUG] 

[DEBUG] [2026-10-07 23:11:47] [DISC] Recv Failed 1 from user 13610
[DEBUG] 

[DEBUG] [2026-10-07 23:11:47] [DISC] Recv Failed 1 from user 13610
[DEBUG] 

[DEBUG] [2026-10-07 23:11:47] [DISC] Recv Failed 1 from user 13610
[DEBUG] 

[DEBUG] [2026-10-07 23:11:47] [DISC] Recv Failed 1 from user 13610
[DEBUG] 

[DEBUG] [2026-10-07 23:11:47] [DISC] Recv Failed 1 from user 13610
[DEBUG] 

[DEBUG] [2026-10-07 23:11:47] [DISC] Recv Failed 1 from user 13610
[DEBUG] 

[DEBUG] [2026-10-07 23:11:47] [DISC] Recv Failed 1 from user 13610
[DEBUG] 

[DEBUG] [2026-10-07 23:11:47] [DISC] Recv Failed 1 from user 13610
[DEBUG] 

[DEBUG] [2026-10-07 23:11:47] [DISC] Recv Failed 1 from user 13610
[DEBUG] 

[DEBUG] [2026-10-07 23:11:47] [DISC] Recv Failed 1 from user 13610
[DEBUG] 

[DEBUG] [2026-10-07 23:11:47] [DISC] Recv Failed 1 from user 13610
[DEBUG] 

[DEBUG] [2026-10-07 23:11:47] [DISC] Recv Failed 1 from user 13610
[DEBUG] 

[DEBUG] [2026-10-07 23:11:47] [NGMP] Refreshing network room roster
[DEBUG] 

[DEBUG] [2026-10-07 23:11:47] [DISC] Recv Failed 1 from user 13610
[DEBUG] 

[DEBUG] [2026-10-07 23:11:47] [DISC] Recv Failed 1 from user 13610
[DEBUG] 

[DEBUG] [2026-10-07 23:11:47] [DISC] Recv Failed 1 from user 13610
[DEBUG] 

[DEBUG] [2026-10-07 23:11:47] [DISC] Recv Failed 1 from user 13610
[DEBUG] 

[DEBUG] [2026-10-07 23:11:47] [DISC] Recv Failed 1 from user 13610
[DEBUG] 

[DEBUG] [2026-10-07 23:11:48] [DISC] Recv Failed 1 from user 13610
[DEBUG] 

[DEBUG] [2026-10-07 23:11:48] [DISC] Recv Failed 1 from user 13610
[DEBUG] 

[DEBUG] [2026-10-07 23:11:48] [DISC] Recv Failed 1 from user 13610
[DEBUG] 

[DEBUG] [2026-10-07 23:11:48] [DISC] Recv Failed 1 from user 13610
[DEBUG] 

[DEBUG] [2026-10-07 23:11:48] [DISC] Recv Failed 1 from user 13610
[DEBUG] 

[DEBUG] [2026-10-07 23:11:48] [DISC] Recv Failed 1 from user 13610
[DEBUG] 

[DEBUG] [2026-10-07 23:11:48] [DISC] Recv Failed 1 from user 13610
[DEBUG] 

[DEBUG] [2026-10-07 23:11:48] [DISC] Recv Failed 1 from user 13610
[DEBUG] 

[DEBUG] [2026-10-07 23:11:48] [DISC] Recv Failed 1 from user 13610
[DEBUG] 

[DEBUG] [2026-10-07 23:11:48] [DISC] Recv Failed 1 from user 13610
[DEBUG] 

[DEBUG] [2026-10-07 23:11:48] [DISC] Recv Failed 1 from user 13610
[DEBUG] 

[DEBUG] [2026-10-07 23:11:48] [DISC] Recv Failed 1 from user 13610
[DEBUG] 

[DEBUG] [2026-10-07 23:11:48] [DISC] Recv Failed 1 from user 13610
[DEBUG] 

[DEBUG] [2026-10-07 23:11:48] [DISC] Recv Failed 1 from user 13610
[DEBUG] 

[DEBUG] [2026-10-07 23:11:48] [DISC] Recv Failed 1 from user 13610
[DEBUG] 

[DEBUG] [2026-10-07 23:11:48] [DISC] Recv Failed 1 from user 13610
[DEBUG] 

[DEBUG] [2026-10-07 23:11:48] [DISC] Recv Failed 1 from user 13610
[DEBUG] 

[DEBUG] [2026-10-07 23:11:48] [DISC] Recv Failed 1 from user 13610
[DEBUG] 

[DEBUG] [2026-10-07 23:11:48] [DISC] Recv Failed 1 from user 13610
[DEBUG] 

[DEBUG] [2026-10-07 23:11:48] [DISC] Recv Failed 1 from user 13610
[DEBUG] 

[DEBUG] [2026-10-07 23:11:48] [DISC] Recv Failed 1 from user 13610
[DEBUG] 

[DEBUG] [2026-10-07 23:11:48] [DISC] Recv Failed 1 from user 13610
[DEBUG] 

[DEBUG] [2026-10-07 23:11:48] [DISC] Recv Failed 1 from user 13610
[DEBUG] 

[DEBUG] [2026-10-07 23:11:48] [DISC] Recv Failed 1 from user 13610
[DEBUG] 

[DEBUG] [2026-10-07 23:11:48] [DISC] Recv Failed 1 from user 13610
[DEBUG] 

[DEBUG] [2026-10-07 23:11:48] [DISC] Recv Failed 1 from user 13610
[DEBUG] 

[DEBUG] [2026-10-07 23:11:48] [DISC] Recv Failed 1 from user 13610
[DEBUG] 

[DEBUG] [2026-10-07 23:11:48] [DISC] Recv Failed 1 from user 13610
[DEBUG] 

[DEBUG] [2026-10-07 23:11:48] [DISC] Recv Failed 1 from user 13610
[DEBUG] 

[DEBUG] [2026-10-07 23:11:49] [DISC] Recv Failed 1 from user 13610
[DEBUG] 

[DEBUG] [2026-10-07 23:11:49] [DISC] Recv Failed 1 from user 13610
[DEBUG] 

[DEBUG] [2026-10-07 23:11:49] [DISC] Recv Failed 1 from user 13610
[DEBUG] 

[DEBUG] [2026-10-07 23:11:49] [DISC] Recv Failed 1 from user 13610
[DEBUG] 

[DEBUG] [2026-10-07 23:11:49] [DISC] Recv Failed 1 from user 13610
[DEBUG] 

[DEBUG] [2026-10-07 23:11:49] [DISC] Recv Failed 1 from user 13610
[DEBUG] 

[DEBUG] [2026-10-07 23:11:49] [DISC] Recv Failed 1 from user 13610
[DEBUG] 

[DEBUG] [2026-10-07 23:11:49] [DISC] Recv Failed 1 from user 13610
[DEBUG] 

[DEBUG] [2026-10-07 23:11:49] [DISC] Recv Failed 1 from user 13610
[DEBUG] 

[DEBUG] [2026-10-07 23:11:49] [NGMP] Refreshing network room roster
[DEBUG] 

[DEBUG] [2026-10-07 23:11:49] [DISC] Recv Failed 1 from user 13610
[DEBUG] 

[DEBUG] [2026-10-07 23:11:49] [DISC] Recv Failed 1 from user 13610
[DEBUG] 

[DEBUG] [2026-10-07 23:11:49] [DISC] Recv Failed 1 from user 13610
[DEBUG] 

[DEBUG] [2026-10-07 23:11:49] [DISC] Recv Failed 1 from user 13610
[DEBUG] 

[DEBUG] [2026-10-07 23:11:49] [DISC] Recv Failed 1 from user 13610
[DEBUG] 

[DEBUG] [2026-10-07 23:11:49] [DISC] Recv Failed 1 from user 13610
[DEBUG] 

[DEBUG] [2026-10-07 23:11:49] [DISC] Recv Failed 1 from user 13610
[DEBUG] 

[DEBUG] [2026-10-07 23:11:49] [DISC] Recv Failed 1 from user 13610
[DEBUG] 

[DEBUG] [2026-10-07 23:11:49] [DISC] Recv Failed 1 from user 13610
[DEBUG] 

[DEBUG] [2026-10-07 23:11:49] [DISC] Recv Failed 1 from user 13610
[DEBUG] 

[DEBUG] [2026-10-07 23:11:49] [DISC] Recv Failed 1 from user 13610
[DEBUG] 

[DEBUG] [2026-10-07 23:11:49] [DISC] Recv Failed 1 from user 13610
[DEBUG] 

[DEBUG] [2026-10-07 23:11:49] [DISC] Recv Failed 1 from user 13610
[DEBUG] 

[DEBUG] [2026-10-07 23:11:49] [DISC] Recv Failed 1 from user 13610
[DEBUG] 

[DEBUG] [2026-10-07 23:11:49] [DISC] Recv Failed 1 from user 13610
[DEBUG] 

[DEBUG] [2026-10-07 23:11:49] [DISC] Recv Failed 1 from user 13610
[DEBUG] 

[DEBUG] [2026-10-07 23:11:49] [DISC] Recv Failed 1 from user 13610
[DEBUG] 

[DEBUG] [2026-10-07 23:11:49] [DISC] Recv Failed 1 from user 13610
[DEBUG] 

[DEBUG] [2026-10-07 23:11:49] [DISC] Recv Failed 1 from user 13610
[DEBUG] 

[DEBUG] [2026-10-07 23:11:49] [DISC] Recv Failed 1 from user 13610
[DEBUG] 

[DEBUG] [2026-10-07 23:11:49] [DISC] Recv Failed 1 from user 13610
[DEBUG] 

[DEBUG] [2026-10-07 23:11:49] [DISC] Recv Failed 1 from user 13610
[DEBUG] 

[DEBUG] [2026-10-07 23:11:49] [DISC] Recv Failed 1 from user 13610
[DEBUG] 

[DEBUG] [2026-10-07 23:11:50] [DISC] Recv Failed 1 from user 13610
[DEBUG] 

[DEBUG] [2026-10-07 23:11:50] [DISC] Recv Failed 1 from user 13610
[DEBUG] 

[DEBUG] [2026-10-07 23:11:50] [DISC] Recv Failed 1 from user 13610
[DEBUG] 

[DEBUG] [2026-10-07 23:11:50] [DISC] Recv Failed 1 from user 13610
[DEBUG] 

[DEBUG] [2026-10-07 23:11:50] [DISC] Recv Failed 1 from user 13610
[DEBUG] 

[DEBUG] [2026-10-07 23:11:50] [DISC] Recv Failed 1 from user 13610
[DEBUG] 

[DEBUG] [2026-10-07 23:11:50] [DISC] Recv Failed 1 from user 13610
[DEBUG] 

[DEBUG] [2026-10-07 23:11:50] [DISC] Recv Failed 1 from user 13610
[DEBUG] 

[DEBUG] [2026-10-07 23:11:50] [DISC] Recv Failed 1 from user 13610
[DEBUG] 

[DEBUG] [2026-10-07 23:11:50] [DISC] Recv Failed 1 from user 13610
[DEBUG] 

[DEBUG] [2026-10-07 23:11:50] [DISC] Recv Failed 1 from user 13610
[DEBUG] 

[DEBUG] [2026-10-07 23:11:50] [NGMP] Refreshing network room roster
[DEBUG] 

[DEBUG] [2026-10-07 23:11:50] [DISC] Recv Failed 1 from user 13610
[DEBUG] 

[DEBUG] [2026-10-07 23:11:50] [DISC] Recv Failed 1 from user 13610
[DEBUG] 

[DEBUG] [2026-10-07 23:11:50] [NGMP] Refreshing network room roster
[DEBUG] 

[DEBUG] [2026-10-07 23:11:50] [DISC] Recv Failed 1 from user 13610
[DEBUG] 

[DEBUG] [2026-10-07 23:11:50] [DISC] Recv Failed 1 from user 13610
[DEBUG] 

[DEBUG] [2026-10-07 23:11:50] [DISC] Recv Failed 1 from user 13610
[DEBUG] 

[DEBUG] [2026-10-07 23:11:50] [DISC] Recv Failed 1 from user 13610
[DEBUG] 

[DEBUG] [2026-10-07 23:11:50] [DISC] Recv Failed 1 from user 13610
[DEBUG] 

[DEBUG] [2026-10-07 23:11:50] [DISC] Recv Failed 1 from user 13610
[DEBUG] 

[DEBUG] [2026-10-07 23:11:50] [DISC] Recv Failed 1 from user 13610
[DEBUG] 

[DEBUG] [2026-10-07 23:11:50] [DISC] Recv Failed 1 from user 13610
[DEBUG] 

[DEBUG] [2026-10-07 23:11:50] [DISC] Recv Failed 1 from user 13610
[DEBUG] 

[DEBUG] [2026-10-07 23:11:50] [DISC] Recv Failed 1 from user 13610
[DEBUG] 

[DEBUG] [2026-10-07 23:11:50] [DISC] Recv Failed 1 from user 13610
[DEBUG] 

[DEBUG] [2026-10-07 23:11:50] [DISC] Recv Failed 1 from user 13610
[DEBUG] 

[DEBUG] [2026-10-07 23:11:50] [DISC] Recv Failed 1 from user 13610
[DEBUG] 

[DEBUG] [2026-10-07 23:11:50] [DISC] Recv Failed 1 from user 13610
[DEBUG] 

[DEBUG] [2026-10-07 23:11:50] [DISC] Recv Failed 1 from user 13610
[DEBUG] 

[DEBUG] [2026-10-07 23:11:50] [DISC] Recv Failed 1 from user 13610
[DEBUG] 

[DEBUG] [2026-10-07 23:11:50] [DISC] Recv Failed 1 from user 13610
[DEBUG] 

[DEBUG] [2026-10-07 23:11:51] [DISC] Recv Failed 1 from user 13610
[DEBUG] 

[DEBUG] [2026-10-07 23:11:51] [DISC] Recv Failed 1 from user 13610
[DEBUG] 

[DEBUG] [2026-10-07 23:11:51] [DISC] Recv Failed 1 from user 13610
[DEBUG] 

[DEBUG] [2026-10-07 23:11:51] [DISC] Recv Failed 1 from user 13610
[DEBUG] 

[DEBUG] [2026-10-07 23:11:51] [DISC] Recv Failed 1 from user 13610
[DEBUG] 

[DEBUG] [2026-10-07 23:11:51] [DISC] Recv Failed 1 from user 13610
[DEBUG] 

[DEBUG] [2026-10-07 23:11:51] [DISC] Recv Failed 1 from user 13610
[DEBUG] 

[DEBUG] [2026-10-07 23:11:51] [DISC] Recv Failed 1 from user 13610
[DEBUG] 

[DEBUG] [2026-10-07 23:11:51] [NGMP] Refreshing network room roster
[DEBUG] 

[DEBUG] [2026-10-07 23:11:51] [DISC] Recv Failed 1 from user 13610
[DEBUG] 

[DEBUG] [2026-10-07 23:11:51] [DISC] Recv Failed 1 from user 13610
[DEBUG] 

[DEBUG] [2026-10-07 23:11:51] [DISC] Recv Failed 1 from user 13610
[DEBUG] 

[DEBUG] [2026-10-07 23:11:51] [DISC] Recv Failed 1 from user 13610
[DEBUG] 

[DEBUG] [2026-10-07 23:11:51] [DISC] Recv Failed 1 from user 13610
[DEBUG] 

[DEBUG] [2026-10-07 23:11:51] [DISC] Recv Failed 1 from user 13610
[DEBUG] 

[DEBUG] [2026-10-07 23:11:51] [DISC] Recv Failed 1 from user 13610
[DEBUG] 

[DEBUG] [2026-10-07 23:11:51] [DISC] Recv Failed 1 from user 13610
[DEBUG] 

[DEBUG] [2026-10-07 23:11:51] [DISC] Recv Failed 1 from user 13610
[DEBUG] 

[DEBUG] [2026-10-07 23:11:51] [DISC] Recv Failed 1 from user 13610
[DEBUG] 

[DEBUG] [2026-10-07 23:11:51] [DISC] Recv Failed 1 from user 13610
[DEBUG] 

[DEBUG] [2026-10-07 23:11:51] [DISC] Recv Failed 1 from user 13610
[DEBUG] 

[DEBUG] [2026-10-07 23:11:51] [DISC] Recv Failed 1 from user 13610
[DEBUG] 

[DEBUG] [2026-10-07 23:11:51] [DISC] Recv Failed 1 from user 13610
[DEBUG] 

[DEBUG] [2026-10-07 23:11:51] [DISC] Recv Failed 1 from user 13610
[DEBUG] 

[DEBUG] [2026-10-07 23:11:51] [DISC] Recv Failed 1 from user 13610
[DEBUG] 

[DEBUG] [2026-10-07 23:11:51] [DISC] Recv Failed 1 from user 13610
[DEBUG] 

[DEBUG] [2026-10-07 23:11:51] [DISC] Recv Failed 1 from user 13610
[DEBUG] 

[DEBUG] [2026-10-07 23:11:51] [DISC] Recv Failed 1 from user 13610
[DEBUG] 

[DEBUG] [2026-10-07 23:11:52] [DISC] Recv Failed 1 from user 13610
[DEBUG] 

[DEBUG] [2026-10-07 23:11:52] [DISC] Recv Failed 1 from user 13610
[DEBUG] 

[DEBUG] [2026-10-07 23:11:52] [DISC] Recv Failed 1 from user 13610
[DEBUG] 

[DEBUG] [2026-10-07 23:11:52] [DISC] Recv Failed 1 from user 13610
[DEBUG] 

[DEBUG] [2026-10-07 23:11:52] [DISC] Recv Failed 1 from user 13610
[DEBUG] 

[DEBUG] [2026-10-07 23:11:52] [DISC] Recv Failed 1 from user 13610
[DEBUG] 

[DEBUG] [2026-10-07 23:11:52] [DISC] Recv Failed 1 from user 13610
[DEBUG] 

[DEBUG] [2026-10-07 23:11:52] [DISC] Recv Failed 1 from user 13610
[DEBUG] 

[DEBUG] [2026-10-07 23:11:52] [DISC] Recv Failed 1 from user 13610
[DEBUG] 

[DEBUG] [2026-10-07 23:11:52] [DISC] Recv Failed 1 from user 13610
[DEBUG] 

[DEBUG] [2026-10-07 23:11:52] [DISC] Recv Failed 1 from user 13610
[DEBUG] 

[DEBUG] [2026-10-07 23:11:52] [DISC] Recv Failed 1 from user 13610
[DEBUG] 

[DEBUG] [2026-10-07 23:11:52] [DISC] Recv Failed 1 from user 13610
[DEBUG] 

[DEBUG] [2026-10-07 23:11:52] [DISC] Recv Failed 1 from user 13610
[DEBUG] 

[DEBUG] [2026-10-07 23:11:52] [DISC] Recv Failed 1 from user 13610
[DEBUG] 

[DEBUG] [2026-10-07 23:11:52] [DISC] Recv Failed 1 from user 13610
[DEBUG] 

[DEBUG] [2026-10-07 23:11:52] [DISC] Recv Failed 1 from user 13610
[DEBUG] 

[DEBUG] [2026-10-07 23:11:52] [DISC] Recv Failed 1 from user 13610
[DEBUG] 

[DEBUG] [2026-10-07 23:11:52] [DISC] Recv Failed 1 from user 13610
[DEBUG] 

[DEBUG] [2026-10-07 23:11:52] [DISC] Recv Failed 1 from user 13610
[DEBUG] 

[DEBUG] [2026-10-07 23:11:52] [DISC] Recv Failed 1 from user 13610
[DEBUG] 

[DEBUG] [2026-10-07 23:11:52] [DISC] Recv Failed 1 from user 13610
[DEBUG] 

[DEBUG] [2026-10-07 23:11:52] [DISC] Recv Failed 1 from user 13610
[DEBUG] 

[DEBUG] [2026-10-07 23:11:52] [DISC] Recv Failed 1 from user 13610
[DEBUG] 

[DEBUG] [2026-10-07 23:11:52] [DISC] Recv Failed 1 from user 13610
[DEBUG] 

[DEBUG] [2026-10-07 23:11:52] [DISC] Recv Failed 1 from user 13610
[DEBUG] 

[DEBUG] [2026-10-07 23:11:52] [DISC] Recv Failed 1 from user 13610
[DEBUG] 

[DEBUG] [2026-10-07 23:11:52] [DISC] Recv Failed 1 from user 13610
[DEBUG] 

[DEBUG] [2026-10-07 23:11:52] [DISC] Recv Failed 1 from user 13610
[DEBUG] 

[DEBUG] [2026-10-07 23:11:52] [NGMP] Refreshing network room roster
[DEBUG] 

[DEBUG] [2026-10-07 23:11:52] [DISC] Recv Failed 1 from user 13610
[DEBUG] 

[DEBUG] [2026-10-07 23:11:52] [DISC] Recv Failed 1 from user 13610
[DEBUG] 

[DEBUG] [2026-10-07 23:11:52] [DISC] Recv Failed 1 from user 13610
[DEBUG] 

[DEBUG] [2026-10-07 23:11:52] [DISC] Recv Failed 1 from user 13610
[DEBUG] 

[DEBUG] [2026-10-07 23:11:52] [DISC] Recv Failed 1 from user 13610
[DEBUG] 

[DEBUG] [2026-10-07 23:11:52] [DISC] Recv Failed 1 from user 13610
[DEBUG] 

[DEBUG] [2026-10-07 23:11:53] [DISC] Recv Failed 1 from user 13610
[DEBUG] 

[DEBUG] [2026-10-07 23:11:53] [DISC] Recv Failed 1 from user 13610
[DEBUG] 

[DEBUG] [2026-10-07 23:11:53] [DISC] Recv Failed 1 from user 13610
[DEBUG] 

[DEBUG] [2026-10-07 23:11:53] [DISC] Recv Failed 1 from user 13610
[DEBUG] 

[DEBUG] [2026-10-07 23:11:53] [DISC] Recv Failed 1 from user 13610
[DEBUG] 

[DEBUG] [2026-10-07 23:11:53] [DISC] Recv Failed 1 from user 13610
[DEBUG] 

[DEBUG] [2026-10-07 23:11:53] [DISC] Recv Failed 1 from user 13610
[DEBUG] 

[DEBUG] [2026-10-07 23:11:53] [DISC] Recv Failed 1 from user 13610
[DEBUG] 

[DEBUG] [2026-10-07 23:11:53] [DISC] Recv Failed 1 from user 13610
[DEBUG] 

[DEBUG] [2026-10-07 23:11:53] [DISC] Recv Failed 1 from user 13610
[DEBUG] 

[DEBUG] [2026-10-07 23:11:53] [DISC] Recv Failed 1 from user 13610
[DEBUG] 

[DEBUG] [2026-10-07 23:11:53] [DISC] Recv Failed 1 from user 13610
[DEBUG] 

[DEBUG] [2026-10-07 23:11:53] [DISC] Recv Failed 1 from user 13610
[DEBUG] 

[DEBUG] [2026-10-07 23:11:53] [DISC] Recv Failed 1 from user 13610
[DEBUG] 

[DEBUG] [2026-10-07 23:11:53] [DISC] Recv Failed 1 from user 13610
[DEBUG] 

[DEBUG] [2026-10-07 23:11:53] [DISC] Recv Failed 1 from user 13610
[DEBUG] 

[DEBUG] [2026-10-07 23:11:53] [NGMP] Refreshing network room roster
[DEBUG] 

[DEBUG] [2026-10-07 23:11:53] [DISC] Recv Failed 1 from user 13610
[DEBUG] 

[DEBUG] [2026-10-07 23:11:53] [DISC] Recv Failed 1 from user 13610
[DEBUG] 

[DEBUG] [2026-10-07 23:11:53] [DISC] Recv Failed 1 from user 13610
[DEBUG] 

[DEBUG] [2026-10-07 23:11:53] [DISC] Recv Failed 1 from user 13610
[DEBUG] 

[DEBUG] [2026-10-07 23:11:53] [DISC] Recv Failed 1 from user 13610
[DEBUG] 

[DEBUG] [2026-10-07 23:11:53] [DISC] Recv Failed 1 from user 13610
[DEBUG] 

[DEBUG] [2026-10-07 23:11:53] [DISC] Recv Failed 1 from user 13610
[DEBUG] 

[DEBUG] [2026-10-07 23:11:53] [DISC] Recv Failed 1 from user 13610
[DEBUG] 

[DEBUG] [2026-10-07 23:11:53] [DISC] Recv Failed 1 from user 13610
[DEBUG] 

[DEBUG] [2026-10-07 23:11:53] [DISC] Recv Failed 1 from user 13610
[DEBUG] 

[DEBUG] [2026-10-07 23:11:53] [DISC] Recv Failed 1 from user 13610
[DEBUG] 

[DEBUG] [2026-10-07 23:11:53] [DISC] Recv Failed 1 from user 13610
[DEBUG] 

[DEBUG] [2026-10-07 23:11:53] [DISC] Recv Failed 1 from user 13610
[DEBUG] 

[DEBUG] [2026-10-07 23:11:54] [NGMP] Refreshing network room roster
[DEBUG] 

[DEBUG] [2026-10-07 23:11:54] [DISC] Recv Failed 1 from user 13610
[DEBUG] 

[DEBUG] [2026-10-07 23:11:54] [DISC] Recv Failed 1 from user 13610
[DEBUG] 

[DEBUG] [2026-10-07 23:11:54] [DISC] Recv Failed 1 from user 13610
[DEBUG] 

[DEBUG] [2026-10-07 23:11:54] [DISC] Recv Failed 1 from user 13610
[DEBUG] 

[DEBUG] [2026-10-07 23:11:54] [DISC] Recv Failed 1 from user 13610
[DEBUG] 

[DEBUG] [2026-10-07 23:11:54] [DISC] Recv Failed 1 from user 13610
[DEBUG] 

[DEBUG] [2026-10-07 23:11:54] [DISC] Recv Failed 1 from user 13610
[DEBUG] 

[DEBUG] [2026-10-07 23:11:54] [DISC] Recv Failed 1 from user 13610
[DEBUG] 

[DEBUG] [2026-10-07 23:11:54] [DISC] Recv Failed 1 from user 13610
[DEBUG] 

[DEBUG] [2026-10-07 23:11:54] [DISC] Recv Failed 1 from user 13610
[DEBUG] 

[DEBUG] [2026-10-07 23:11:54] [DISC] Recv Failed 1 from user 13610
[DEBUG] 

[DEBUG] [2026-10-07 23:11:54] [DISC] Recv Failed 1 from user 13610
[DEBUG] 

[DEBUG] [2026-10-07 23:11:54] [DISC] Recv Failed 1 from user 13610
[DEBUG] 

[DEBUG] [2026-10-07 23:11:54] [DISC] Recv Failed 1 from user 13610
[DEBUG] 

[DEBUG] [2026-10-07 23:11:54] [DISC] Recv Failed 1 from user 13610
[DEBUG] 

[DEBUG] [2026-10-07 23:11:54] [DISC] Recv Failed 1 from user 13610
[DEBUG] 

[DEBUG] [2026-10-07 23:11:54] [DISC] Recv Failed 1 from user 13610
[DEBUG] 

[DEBUG] [2026-10-07 23:11:54] [DISC] Recv Failed 1 from user 13610
[DEBUG] 

[DEBUG] [2026-10-07 23:11:54] [DISC] Recv Failed 1 from user 13610
[DEBUG] 

[DEBUG] [2026-10-07 23:11:54] [DISC] Recv Failed 1 from user 13610
[DEBUG] 

[DEBUG] [2026-10-07 23:11:54] [DISC] Recv Failed 1 from user 13610
[DEBUG] 

[DEBUG] [2026-10-07 23:11:54] [NGMP] Refreshing network room roster
[DEBUG] 

[DEBUG] [2026-10-07 23:11:54] [DISC] Recv Failed 1 from user 13610
[DEBUG] 

[DEBUG] [2026-10-07 23:11:54] [DISC] Recv Failed 1 from user 13610
[DEBUG] 

[DEBUG] [2026-10-07 23:11:54] [DISC] Recv Failed 1 from user 13610
[DEBUG] 

[DEBUG] [2026-10-07 23:11:54] [DISC] Recv Failed 1 from user 13610
[DEBUG] 

[DEBUG] [2026-10-07 23:11:54] [DISC] Recv Failed 1 from user 13610
[DEBUG] 

[DEBUG] [2026-10-07 23:11:54] [DISC] Recv Failed 1 from user 13610
[DEBUG] 

[DEBUG] [2026-10-07 23:11:54] [DISC] Recv Failed 1 from user 13610
[DEBUG] 

[DEBUG] [2026-10-07 23:11:54] [DISC] Recv Failed 1 from user 13610
[DEBUG] 

[DEBUG] [2026-10-07 23:11:54] [DISC] Recv Failed 1 from user 13610
[DEBUG] 

[DEBUG] [2026-10-07 23:11:54] [DISC] Recv Failed 1 from user 13610
[DEBUG] 

[DEBUG] [2026-10-07 23:11:55] [DISC] Recv Failed 1 from user 13610
[DEBUG] 

[DEBUG] [2026-10-07 23:11:55] [DISC] Recv Failed 1 from user 13610
[DEBUG] 

[DEBUG] [2026-10-07 23:11:55] [DISC] Recv Failed 1 from user 13610
[DEBUG] 

[DEBUG] [2026-10-07 23:11:55] [DISC] Recv Failed 1 from user 13610
[DEBUG] 

[DEBUG] [2026-10-07 23:11:55] [DISC] Recv Failed 1 from user 13610
[DEBUG] 

[DEBUG] [2026-10-07 23:11:55] [DISC] Recv Failed 1 from user 13610
[DEBUG] 

[DEBUG] [2026-10-07 23:11:55] [DISC] Recv Failed 1 from user 13610
[DEBUG] 

[DEBUG] [2026-10-07 23:11:55] [DISC] Recv Failed 1 from user 13610
[DEBUG] 

[DEBUG] [2026-10-07 23:11:55] [DISC] Recv Failed 1 from user 13610
[DEBUG] 

[DEBUG] [2026-10-07 23:11:55] [DISC] Recv Failed 1 from user 13610
[DEBUG] 

[DEBUG] [2026-10-07 23:11:55] [DISC] Recv Failed 1 from user 13610
[DEBUG] 

[DEBUG] [2026-10-07 23:11:55] [DISC] Recv Failed 1 from user 13610
[DEBUG] 

[DEBUG] [2026-10-07 23:11:55] [DISC] Recv Failed 1 from user 13610
[DEBUG] 

[DEBUG] [2026-10-07 23:11:55] [DISC] Recv Failed 1 from user 13610
[DEBUG] 

[DEBUG] [2026-10-07 23:11:55] [DISC] Recv Failed 1 from user 13610
[DEBUG] 

[DEBUG] [2026-10-07 23:11:55] [DISC] Recv Failed 1 from user 13610
[DEBUG] 

[DEBUG] [2026-10-07 23:11:55] [DISC] Recv Failed 1 from user 13610
[DEBUG] 

[DEBUG] [2026-10-07 23:11:55] [DISC] Recv Failed 1 from user 13610
[DEBUG] 

[DEBUG] [2026-10-07 23:11:55] [DISC] Recv Failed 1 from user 13610
[DEBUG] 

[DEBUG] [2026-10-07 23:11:55] [DISC] Recv Failed 1 from user 13610
[DEBUG] 

[DEBUG] [2026-10-07 23:11:55] [DISC] Recv Failed 1 from user 13610
[DEBUG] 

[DEBUG] [2026-10-07 23:11:55] [DISC] Recv Failed 1 from user 13610
[DEBUG] 

[DEBUG] [2026-10-07 23:11:55] [DISC] Recv Failed 1 from user 13610
[DEBUG] 

[DEBUG] [2026-10-07 23:11:55] [DISC] Recv Failed 1 from user 13610
[DEBUG] 

[DEBUG] [2026-10-07 23:11:55] [DISC] Recv Failed 1 from user 13610
[DEBUG] 

[DEBUG] [2026-10-07 23:11:55] [DISC] Recv Failed 1 from user 13610
[DEBUG] 

[DEBUG] [2026-10-07 23:11:55] [DISC] Recv Failed 1 from user 13610
[DEBUG] 

[DEBUG] [2026-10-07 23:11:55] [DISC] Recv Failed 1 from user 13610
[DEBUG] 

[DEBUG] [2026-10-07 23:11:55] [DISC] Recv Failed 1 from user 13610
[DEBUG] 

[DEBUG] [2026-10-07 23:11:55] [DISC] Recv Failed 1 from user 13610
[DEBUG] 

[DEBUG] [2026-10-07 23:11:55] [DISC] Recv Failed 1 from user 13610
[DEBUG] 

[DEBUG] [2026-10-07 23:11:55] [DISC] Recv Failed 1 from user 13610
[DEBUG] 

[DEBUG] [2026-10-07 23:11:55] [DISC] Recv Failed 1 from user 13610
[DEBUG] 

[DEBUG] [2026-10-07 23:11:56] [DISC] Recv Failed 1 from user 13610
[DEBUG] 

[DEBUG] [2026-10-07 23:11:56] [DISC] Recv Failed 1 from user 13610
[DEBUG] 

[DEBUG] [2026-10-07 23:11:56] [DISC] Recv Failed 1 from user 13610
[DEBUG] 

[DEBUG] [2026-10-07 23:11:56] [DISC] Recv Failed 1 from user 13610
[DEBUG] 

[DEBUG] [2026-10-07 23:11:56] [DISC] Recv Failed 1 from user 13610
[DEBUG] 

[DEBUG] [2026-10-07 23:11:56] [DISC] Recv Failed 1 from user 13610
[DEBUG] 

[DEBUG] [2026-10-07 23:11:56] [DISC] Recv Failed 1 from user 13610
[DEBUG] 

[DEBUG] [2026-10-07 23:11:56] [DISC] Recv Failed 1 from user 13610
[DEBUG] 

[DEBUG] [2026-10-07 23:11:56] [DISC] Recv Failed 1 from user 13610
[DEBUG] 

[DEBUG] [2026-10-07 23:11:56] [DISC] Recv Failed 1 from user 13610
[DEBUG] 

[DEBUG] [2026-10-07 23:11:56] [DISC] Recv Failed 1 from user 13610
[DEBUG] 

[DEBUG] [2026-10-07 23:11:56] [DISC] Recv Failed 1 from user 13610
[DEBUG] 

[DEBUG] [2026-10-07 23:11:56] [DISC] Recv Failed 1 from user 13610
[DEBUG] 

[DEBUG] [2026-10-07 23:11:56] [DISC] Recv Failed 1 from user 13610
[DEBUG] 

[DEBUG] [2026-10-07 23:11:56] [DISC] Recv Failed 1 from user 13610
[DEBUG] 

[DEBUG] [2026-10-07 23:11:56] [DISC] Recv Failed 1 from user 13610
[DEBUG] 

[DEBUG] [2026-10-07 23:11:56] [DISC] Recv Failed 1 from user 13610
[DEBUG] 

[DEBUG] [2026-10-07 23:11:56] [DISC] Recv Failed 1 from user 13610
[DEBUG] 

[DEBUG] [2026-10-07 23:11:56] [DISC] Recv Failed 1 from user 13610
[DEBUG] 

[DEBUG] [2026-10-07 23:11:56] [DISC] Recv Failed 1 from user 13610
[DEBUG] 

[DEBUG] [2026-10-07 23:11:56] [DISC] Recv Failed 1 from user 13610
[DEBUG] 

[DEBUG] [2026-10-07 23:11:56] [DISC] Recv Failed 1 from user 13610
[DEBUG] 

[DEBUG] [2026-10-07 23:11:56] [DISC] Recv Failed 1 from user 13610
[DEBUG] 

[DEBUG] [2026-10-07 23:11:56] [DISC] Recv Failed 1 from user 13610
[DEBUG] 

[DEBUG] [2026-10-07 23:11:56] [DISC] Recv Failed 1 from user 13610
[DEBUG] 

[DEBUG] [2026-10-07 23:11:56] [DISC] Recv Failed 1 from user 13610
[DEBUG] 

[DEBUG] [2026-10-07 23:11:56] [DISC] Recv Failed 1 from user 13610
[DEBUG] 

[DEBUG] [2026-10-07 23:11:56] [DISC] Recv Failed 1 from user 13610
[DEBUG] 

[DEBUG] [2026-10-07 23:11:56] [DISC] Recv Failed 1 from user 13610
[DEBUG] 

[DEBUG] [2026-10-07 23:11:56] [DISC] Recv Failed 1 from user 13610
[DEBUG] 

[DEBUG] [2026-10-07 23:11:57] [DISC] Recv Failed 1 from user 13610
[DEBUG] 

[DEBUG] [2026-10-07 23:11:57] [DISC] Recv Failed 1 from user 13610
[DEBUG] 

[DEBUG] [2026-10-07 23:11:57] [DISC] Recv Failed 1 from user 13610
[DEBUG] 

[DEBUG] [2026-10-07 23:11:57] [DISC] Recv Failed 1 from user 13610
[DEBUG] 

[DEBUG] [2026-10-07 23:11:57] [DISC] Recv Failed 1 from user 13610
[DEBUG] 

[DEBUG] [2026-10-07 23:11:57] [DISC] Recv Failed 1 from user 13610
[DEBUG] 

[DEBUG] [2026-10-07 23:11:57] [DISC] Recv Failed 1 from user 13610
[DEBUG] 

[DEBUG] [2026-10-07 23:11:57] [STEAM NETWORKING LOGFUNC] [#1275375511 P2P ICE str:122041 vport 0 'Steam Connection User122041'] closed by peer (1000): Client Disconnecting Gracefully (Got EWebSocketMessageID::NETWORK_CONNECTION_DISCONNECT_PLAYER from service)
[DEBUG] 

[DEBUG] [2026-10-07 23:11:57] [STEAM NETWORKING LOGFUNC] Invalid lane count 1; Connection only has 0 lanes configured
[DEBUG] 

[DEBUG] [2026-10-07 23:11:57] [STEAM NETWORKING LOGFUNC] Invalid lane count 1; Connection only has 0 lanes configured
[DEBUG] 

[DEBUG] [2026-10-07 23:11:57] [DISC] Recv Failed 1 from user 13610
[DEBUG] 

[DEBUG] [2026-10-07 23:11:57] [STEAM NETWORKING][#1275375511 P2P ICE str:122041 vport 0 'Steam Connection User122041'] closed by peer, reason 1000: Client Disconnecting Gracefully (Got EWebSocketMessageID::NETWORK_CONNECTION_DISCONNECT_PLAYER from service)

[DEBUG] 

[DEBUG] [2026-10-07 23:11:57] [DC] Closing in callback
[DEBUG] 

[DEBUG] [2026-10-07 23:11:57] [DC] Closing connection 122041
[DEBUG] 

[DEBUG] [2026-10-07 23:11:57] [STEAM CONNECTION] Setting connection 1275375511 to disconnected/invalid on user 122041
[DEBUG] 

[DEBUG] [2026-10-07 23:11:57] [STEAM NETWORKING]DISCONNECTED OR PROBLEM DETECTED 1000

[DEBUG] 

[DEBUG] [2026-10-07 23:11:57] [STEAM NETWORKING LOGFUNC] [#1950828335 P2P ICE str:122368 vport 0 'Steam Connection User122368'] closed by peer (1000): Client Disconnecting Gracefully (Got EWebSocketMessageID::NETWORK_CONNECTION_DISCONNECT_PLAYER from service)
[DEBUG] 

[DEBUG] [2026-10-07 23:11:57] [STEAM NETWORKING LOGFUNC] Invalid lane count 1; Connection only has 0 lanes configured
[DEBUG] 

[DEBUG] [2026-10-07 23:11:57] [DISC] Recv Failed 1 from user 13610
[DEBUG] 

[DEBUG] [2026-10-07 23:11:57] [DISC] Recv Failed 1 from user 122041
[DEBUG] 

[DEBUG] [2026-10-07 23:11:57] [STEAM NETWORKING][#1950828335 P2P ICE str:122368 vport 0 'Steam Connection User122368'] closed by peer, reason 1000: Client Disconnecting Gracefully (Got EWebSocketMessageID::NETWORK_CONNECTION_DISCONNECT_PLAYER from service)

[DEBUG] 

[DEBUG] [2026-10-07 23:11:57] [DC] Closing in callback
[DEBUG] 

[DEBUG] [2026-10-07 23:11:57] [DC] Closing connection 122368
[DEBUG] 

[DEBUG] [2026-10-07 23:11:57] [STEAM CONNECTION] Setting connection 1950828335 to disconnected/invalid on user 122368
[DEBUG] 

[DEBUG] [2026-10-07 23:11:57] [STEAM NETWORKING]DISCONNECTED OR PROBLEM DETECTED 1000

[DEBUG] 

[DEBUG] [2026-10-07 23:11:57] [DISC] Recv Failed 1 from user 13610
[DEBUG] 

[DEBUG] [2026-10-07 23:11:57] [DISC] Recv Failed 1 from user 122041
[DEBUG] 

[DEBUG] [2026-10-07 23:11:57] [DISC] Recv Failed 1 from user 122368
[DEBUG] 

[DEBUG] [2026-10-07 23:11:57] [DISC] Recv Failed 1 from user 13610
[DEBUG] 

[DEBUG] [2026-10-07 23:11:57] [DISC] Recv Failed 1 from user 122041
[DEBUG] 

[DEBUG] [2026-10-07 23:11:57] [DISC] Recv Failed 1 from user 122368
[DEBUG] 

[DEBUG] [2026-10-07 23:11:57] [DISC] Recv Failed 1 from user 13610
[DEBUG] 

[DEBUG] [2026-10-07 23:11:57] [DISC] Recv Failed 1 from user 122041
[DEBUG] 

[DEBUG] [2026-10-07 23:11:57] [DISC] Recv Failed 1 from user 122368
[DEBUG] 

[DEBUG] [2026-10-07 23:11:57] [STEAM NETWORKING LOGFUNC] [#2427831015 P2P ICE str:128554 vport 0 'Steam Connection User128554'] closed by peer (1000): Client Disconnecting Gracefully (Got EWebSocketMessageID::NETWORK_CONNECTION_DISCONNECT_PLAYER from service)
[DEBUG] 

[DEBUG] [2026-10-07 23:11:57] [STEAM NETWORKING LOGFUNC] Invalid lane count 1; Connection only has 0 lanes configured
[DEBUG] 

[DEBUG] [2026-10-07 23:11:57] [STEAM NETWORKING LOGFUNC] Invalid lane count 1; Connection only has 0 lanes configured
[DEBUG] 

[DEBUG] [2026-10-07 23:11:57] [DISC] Recv Failed 1 from user 13610
[DEBUG] 

[DEBUG] [2026-10-07 23:11:57] [DISC] Recv Failed 1 from user 122041
[DEBUG] 

[DEBUG] [2026-10-07 23:11:57] [DISC] Recv Failed 1 from user 122368
[DEBUG] 

[DEBUG] [2026-10-07 23:11:57] [STEAM NETWORKING][#2427831015 P2P ICE str:128554 vport 0 'Steam Connection User128554'] closed by peer, reason 1000: Client Disconnecting Gracefully (Got EWebSocketMessageID::NETWORK_CONNECTION_DISCONNECT_PLAYER from service)

[DEBUG] 

[DEBUG] [2026-10-07 23:11:57] [DC] Closing in callback
[DEBUG] 

[DEBUG] [2026-10-07 23:11:57] [DC] Closing connection 128554
[DEBUG] 

[DEBUG] [2026-10-07 23:11:57] [STEAM CONNECTION] Setting connection 2427831015 to disconnected/invalid on user 128554
[DEBUG] 

[DEBUG] [2026-10-07 23:11:57] [STEAM NETWORKING]DISCONNECTED OR PROBLEM DETECTED 1000

[DEBUG] 

[DEBUG] [2026-10-07 23:11:57] [DISC] Recv Failed 1 from user 13610
[DEBUG] 

[DEBUG] [2026-10-07 23:11:57] [DISC] Recv Failed 1 from user 122041
[DEBUG] 

[DEBUG] [2026-10-07 23:11:57] [DISC] Recv Failed 1 from user 122368
[DEBUG] 

[DEBUG] [2026-10-07 23:11:57] [DISC] Recv Failed 1 from user 128554
[DEBUG] 

[DEBUG] [2026-10-07 23:11:57] [DISC] Recv Failed 1 from user 13610
[DEBUG] 

[DEBUG] [2026-10-07 23:11:57] [DISC] Recv Failed 1 from user 122041
[DEBUG] 

[DEBUG] [2026-10-07 23:11:57] [DISC] Recv Failed 1 from user 122368
[DEBUG] 

[DEBUG] [2026-10-07 23:11:57] [DISC] Recv Failed 1 from user 128554
[DEBUG] 

[DEBUG] [2026-10-07 23:11:57] [DISC] Recv Failed 1 from user 13610
[DEBUG] 

[DEBUG] [2026-10-07 23:11:57] [DISC] Recv Failed 1 from user 122041
[DEBUG] 

[DEBUG] [2026-10-07 23:11:57] [DISC] Recv Failed 1 from user 122368
[DEBUG] 

[DEBUG] [2026-10-07 23:11:57] [DISC] Recv Failed 1 from user 128554
[DEBUG] 

[DEBUG] [2026-10-07 23:11:57] [DISC] Recv Failed 1 from user 13610
[DEBUG] 

[DEBUG] [2026-10-07 23:11:57] [DISC] Recv Failed 1 from user 122041
[DEBUG] 

[DEBUG] [2026-10-07 23:11:57] [DISC] Recv Failed 1 from user 122368
[DEBUG] 

[DEBUG] [2026-10-07 23:11:57] [DISC] Recv Failed 1 from user 128554
[DEBUG] 

[DEBUG] [2026-10-07 23:11:57] [DISC] Recv Failed 1 from user 13610
[DEBUG] 

[DEBUG] [2026-10-07 23:11:57] [DISC] Recv Failed 1 from user 122041
[DEBUG] 

[DEBUG] [2026-10-07 23:11:57] [DISC] Recv Failed 1 from user 122368
[DEBUG] 

[DEBUG] [2026-10-07 23:11:57] [DISC] Recv Failed 1 from user 128554
[DEBUG] 

[DEBUG] [2026-10-07 23:11:57] [DISC] Recv Failed 1 from user 13610
[DEBUG] 

[DEBUG] [2026-10-07 23:11:57] [DISC] Recv Failed 1 from user 122041
[DEBUG] 

[DEBUG] [2026-10-07 23:11:57] [DISC] Recv Failed 1 from user 122368
[DEBUG] 

[DEBUG] [2026-10-07 23:11:57] [DISC] Recv Failed 1 from user 128554
[DEBUG] 

[DEBUG] [2026-10-07 23:11:57] [DISC] Recv Failed 1 from user 13610
[DEBUG] 

[DEBUG] [2026-10-07 23:11:57] [DISC] Recv Failed 1 from user 122041
[DEBUG] 

[DEBUG] [2026-10-07 23:11:57] [DISC] Recv Failed 1 from user 122368
[DEBUG] 

[DEBUG] [2026-10-07 23:11:57] [DISC] Recv Failed 1 from user 128554
[DEBUG] 

[DEBUG] [2026-10-07 23:11:57] [DISC] Recv Failed 1 from user 13610
[DEBUG] 

[DEBUG] [2026-10-07 23:11:57] [DISC] Recv Failed 1 from user 122041
[DEBUG] 

[DEBUG] [2026-10-07 23:11:57] [DISC] Recv Failed 1 from user 122368
[DEBUG] 

[DEBUG] [2026-10-07 23:11:57] [DISC] Recv Failed 1 from user 128554
[DEBUG] 

[DEBUG] [2026-10-07 23:11:57] [DISC] Recv Failed 1 from user 13610
[DEBUG] 

[DEBUG] [2026-10-07 23:11:57] [DISC] Recv Failed 1 from user 122041
[DEBUG] 

[DEBUG] [2026-10-07 23:11:57] [DISC] Recv Failed 1 from user 122368
[DEBUG] 

[DEBUG] [2026-10-07 23:11:57] [DISC] Recv Failed 1 from user 128554
[DEBUG] 

[DEBUG] [2026-10-07 23:11:57] [DISC] Recv Failed 1 from user 13610
[DEBUG] 

[DEBUG] [2026-10-07 23:11:57] [DISC] Recv Failed 1 from user 122041
[DEBUG] 

[DEBUG] [2026-10-07 23:11:57] [DISC] Recv Failed 1 from user 122368
[DEBUG] 

[DEBUG] [2026-10-07 23:11:57] [DISC] Recv Failed 1 from user 128554
[DEBUG] 

[DEBUG] [2026-10-07 23:11:57] [DISC] Recv Failed 1 from user 13610
[DEBUG] 

[DEBUG] [2026-10-07 23:11:57] [DISC] Recv Failed 1 from user 122041
[DEBUG] 

[DEBUG] [2026-10-07 23:11:57] [DISC] Recv Failed 1 from user 122368
[DEBUG] 

[DEBUG] [2026-10-07 23:11:57] [DISC] Recv Failed 1 from user 128554
[DEBUG] 

[DEBUG] [2026-10-07 23:11:57] [DISC] Recv Failed 1 from user 13610
[DEBUG] 

[DEBUG] [2026-10-07 23:11:57] [DISC] Recv Failed 1 from user 122041
[DEBUG] 

[DEBUG] [2026-10-07 23:11:57] [DISC] Recv Failed 1 from user 122368
[DEBUG] 

[DEBUG] [2026-10-07 23:11:57] [DISC] Recv Failed 1 from user 128554
[DEBUG] 

[DEBUG] [2026-10-07 23:11:57] [DISC] Recv Failed 1 from user 13610
[DEBUG] 

[DEBUG] [2026-10-07 23:11:57] [DISC] Recv Failed 1 from user 122041
[DEBUG] 

[DEBUG] [2026-10-07 23:11:57] [DISC] Recv Failed 1 from user 122368
[DEBUG] 

[DEBUG] [2026-10-07 23:11:57] [DISC] Recv Failed 1 from user 128554
[DEBUG] 

[DEBUG] [2026-10-07 23:11:57] [STEAM NETWORKING LOGFUNC] [#3493104832 P2P ICE str:95502 vport 0 'Steam Connection User95502'] closed by peer (1000): Client Disconnecting Gracefully (Got EWebSocketMessageID::NETWORK_CONNECTION_DISCONNECT_PLAYER from service)
[DEBUG] 

[DEBUG] [2026-10-07 23:11:57] [STEAM NETWORKING LOGFUNC] Invalid lane count 1; Connection only has 0 lanes configured
[DEBUG] 

[DEBUG] [2026-10-07 23:11:57] [STEAM NETWORKING LOGFUNC] Invalid lane count 1; Connection only has 0 lanes configured
[DEBUG] 

[DEBUG] [2026-10-07 23:11:57] [DISC] Recv Failed 1 from user 13610
[DEBUG] 

[DEBUG] [2026-10-07 23:11:57] [DISC] Recv Failed 1 from user 122041
[DEBUG] 

[DEBUG] [2026-10-07 23:11:57] [DISC] Recv Failed 1 from user 122368
[DEBUG] 

[DEBUG] [2026-10-07 23:11:57] [DISC] Recv Failed 1 from user 128554
[DEBUG] 

[DEBUG] [2026-10-07 23:11:57] [STEAM NETWORKING][#3493104832 P2P ICE str:95502 vport 0 'Steam Connection User95502'] closed by peer, reason 1000: Client Disconnecting Gracefully (Got EWebSocketMessageID::NETWORK_CONNECTION_DISCONNECT_PLAYER from service)

[DEBUG] 

[DEBUG] [2026-10-07 23:11:57] [DC] Closing in callback
[DEBUG] 

[DEBUG] [2026-10-07 23:11:57] [DC] Closing connection 95502
[DEBUG] 

[DEBUG] [2026-10-07 23:11:57] [STEAM CONNECTION] Setting connection 3493104832 to disconnected/invalid on user 95502
[DEBUG] 

[DEBUG] [2026-10-07 23:11:57] [STEAM NETWORKING]DISCONNECTED OR PROBLEM DETECTED 1000

[DEBUG] 

[DEBUG] [2026-10-07 23:11:57] [DISC] Recv Failed 1 from user 13610
[DEBUG] 

[DEBUG] [2026-10-07 23:11:57] [DISC] Recv Failed 1 from user 95502
[DEBUG] 

[DEBUG] [2026-10-07 23:11:57] [DISC] Recv Failed 1 from user 122041
[DEBUG] 

[DEBUG] [2026-10-07 23:11:57] [DISC] Recv Failed 1 from user 122368
[DEBUG] 

[DEBUG] [2026-10-07 23:11:57] [DISC] Recv Failed 1 from user 128554
[DEBUG] 

[DEBUG] [2026-10-07 23:11:57] [DISC] Recv Failed 1 from user 13610
[DEBUG] 

[DEBUG] [2026-10-07 23:11:57] [DISC] Recv Failed 1 from user 95502
[DEBUG] 

[DEBUG] [2026-10-07 23:11:57] [DISC] Recv Failed 1 from user 122041
[DEBUG] 

[DEBUG] [2026-10-07 23:11:57] [DISC] Recv Failed 1 from user 122368
[DEBUG] 

[DEBUG] [2026-10-07 23:11:57] [DISC] Recv Failed 1 from user 128554
[DEBUG] 

[DEBUG] [2026-10-07 23:11:57] [0x17f5d00e0|https://api.playgenerals.online/env/prod/contract/1/ConnectionOutcome|Verb 0] Transfer is complete: 17 bytes total! Curl result is 0
[DEBUG] 

[DEBUG] [2026-10-07 23:11:57] [0x17f5d00e0|https://api.playgenerals.online/env/prod/contract/1/ConnectionOutcome|Verb 0] Response was 404 - {"success":false}!
[DEBUG] 

[DEBUG] [2026-10-07 23:11:57] [DISC] Recv Failed 1 from user 13610
[DEBUG] 

[DEBUG] [2026-10-07 23:11:57] [DISC] Recv Failed 1 from user 95502
[DEBUG] 

[DEBUG] [2026-10-07 23:11:57] [DISC] Recv Failed 1 from user 122041
[DEBUG] 

[DEBUG] [2026-10-07 23:11:57] [DISC] Recv Failed 1 from user 122368
[DEBUG] 

[DEBUG] [2026-10-07 23:11:57] [DISC] Recv Failed 1 from user 128554
[DEBUG] 

[DEBUG] [2026-10-07 23:11:57] [DISC] Recv Failed 1 from user 13610
[DEBUG] 

[DEBUG] [2026-10-07 23:11:57] [DISC] Recv Failed 1 from user 95502
[DEBUG] 

[DEBUG] [2026-10-07 23:11:57] [DISC] Recv Failed 1 from user 122041
[DEBUG] 

[DEBUG] [2026-10-07 23:11:57] [DISC] Recv Failed 1 from user 122368
[DEBUG] 

[DEBUG] [2026-10-07 23:11:57] [DISC] Recv Failed 1 from user 128554
[DEBUG] 

[DEBUG] [2026-10-07 23:11:57] [DISC] Recv Failed 1 from user 13610
[DEBUG] 

[DEBUG] [2026-10-07 23:11:57] [DISC] Recv Failed 1 from user 95502
[DEBUG] 

[DEBUG] [2026-10-07 23:11:57] [DISC] Recv Failed 1 from user 122041
[DEBUG] 

[DEBUG] [2026-10-07 23:11:57] [DISC] Recv Failed 1 from user 122368
[DEBUG] 

[DEBUG] [2026-10-07 23:11:57] [DISC] Recv Failed 1 from user 128554
[DEBUG] 

[DEBUG] [2026-10-07 23:11:58] [DISC] Recv Failed 1 from user 13610
[DEBUG] 

[DEBUG] [2026-10-07 23:11:58] [DISC] Recv Failed 1 from user 95502
[DEBUG] 

[DEBUG] [2026-10-07 23:11:58] [DISC] Recv Failed 1 from user 122041
[DEBUG] 

[DEBUG] [2026-10-07 23:11:58] [DISC] Recv Failed 1 from user 122368
[DEBUG] 

[DEBUG] [2026-10-07 23:11:58] [DISC] Recv Failed 1 from user 128554
[DEBUG] 

[DEBUG] [2026-10-07 23:11:58] [DISC] Recv Failed 1 from user 13610
[DEBUG] 

[DEBUG] [2026-10-07 23:11:58] [DISC] Recv Failed 1 from user 95502
[DEBUG] 

[DEBUG] [2026-10-07 23:11:58] [DISC] Recv Failed 1 from user 122041
[DEBUG] 

[DEBUG] [2026-10-07 23:11:58] [DISC] Recv Failed 1 from user 122368
[DEBUG] 

[DEBUG] [2026-10-07 23:11:58] [DISC] Recv Failed 1 from user 128554
[DEBUG] 

[DEBUG] [2026-10-07 23:11:58] [DISC] Recv Failed 1 from user 13610
[DEBUG] 

[DEBUG] [2026-10-07 23:11:58] [DISC] Recv Failed 1 from user 95502
[DEBUG] 

[DEBUG] [2026-10-07 23:11:58] [DISC] Recv Failed 1 from user 122041
[DEBUG] 

[DEBUG] [2026-10-07 23:11:58] [DISC] Recv Failed 1 from user 122368
[DEBUG] 

[DEBUG] [2026-10-07 23:11:58] [DISC] Recv Failed 1 from user 128554
[DEBUG] 

[DEBUG] [2026-10-07 23:11:58] [DISC] Recv Failed 1 from user 13610
[DEBUG] 

[DEBUG] [2026-10-07 23:11:58] [DISC] Recv Failed 1 from user 95502
[DEBUG] 

[DEBUG] [2026-10-07 23:11:58] [DISC] Recv Failed 1 from user 122041
[DEBUG] 

[DEBUG] [2026-10-07 23:11:58] [DISC] Recv Failed 1 from user 122368
[DEBUG] 

[DEBUG] [2026-10-07 23:11:58] [DISC] Recv Failed 1 from user 128554
[DEBUG] 

[DEBUG] [2026-10-07 23:11:58] [DISC] Recv Failed 1 from user 13610
[DEBUG] 

[DEBUG] [2026-10-07 23:11:58] [DISC] Recv Failed 1 from user 95502
[DEBUG] 

[DEBUG] [2026-10-07 23:11:58] [DISC] Recv Failed 1 from user 122041
[DEBUG] 

[DEBUG] [2026-10-07 23:11:58] [DISC] Recv Failed 1 from user 122368
[DEBUG] 

[DEBUG] [2026-10-07 23:11:58] [DISC] Recv Failed 1 from user 128554
[DEBUG] 

[DEBUG] [2026-10-07 23:11:58] [DISC] Recv Failed 1 from user 13610
[DEBUG] 

[DEBUG] [2026-10-07 23:11:58] [DISC] Recv Failed 1 from user 95502
[DEBUG] 

[DEBUG] [2026-10-07 23:11:58] [DISC] Recv Failed 1 from user 122041
[DEBUG] 

[DEBUG] [2026-10-07 23:11:58] [DISC] Recv Failed 1 from user 122368
[DEBUG] 

[DEBUG] [2026-10-07 23:11:58] [DISC] Recv Failed 1 from user 128554
[DEBUG] 

[DEBUG] [2026-10-07 23:11:58] [DISC] Recv Failed 1 from user 13610
[DEBUG] 

[DEBUG] [2026-10-07 23:11:58] [DISC] Recv Failed 1 from user 95502
[DEBUG] 

[DEBUG] [2026-10-07 23:11:58] [DISC] Recv Failed 1 from user 122041
[DEBUG] 

[DEBUG] [2026-10-07 23:11:58] [DISC] Recv Failed 1 from user 122368
[DEBUG] 

[DEBUG] [2026-10-07 23:11:58] [DISC] Recv Failed 1 from user 128554
[DEBUG] 

[DEBUG] [2026-10-07 23:11:58] [DISC] Recv Failed 1 from user 13610
[DEBUG] 

[DEBUG] [2026-10-07 23:11:58] [DISC] Recv Failed 1 from user 95502
[DEBUG] 

[DEBUG] [2026-10-07 23:11:58] [DISC] Recv Failed 1 from user 122041
[DEBUG] 

[DEBUG] [2026-10-07 23:11:58] [DISC] Recv Failed 1 from user 122368
[DEBUG] 

[DEBUG] [2026-10-07 23:11:58] [DISC] Recv Failed 1 from user 128554
[DEBUG] 

[DEBUG] [2026-10-07 23:11:58] [DISC] Recv Failed 1 from user 13610
[DEBUG] 

[DEBUG] [2026-10-07 23:11:58] [DISC] Recv Failed 1 from user 95502
[DEBUG] 

[DEBUG] [2026-10-07 23:11:58] [DISC] Recv Failed 1 from user 122041
[DEBUG] 

[DEBUG] [2026-10-07 23:11:58] [DISC] Recv Failed 1 from user 122368
[DEBUG] 

[DEBUG] [2026-10-07 23:11:58] [DISC] Recv Failed 1 from user 128554
[DEBUG] 

[DEBUG] [2026-10-07 23:11:58] [0x17f5e1360|https://api.playgenerals.online/env/prod/contract/1/ConnectionOutcome|Verb 0] Transfer is complete: 17 bytes total! Curl result is 0
[DEBUG] 

[DEBUG] [2026-10-07 23:11:58] [0x17f5e1360|https://api.playgenerals.online/env/prod/contract/1/ConnectionOutcome|Verb 0] Response was 404 - {"success":false}!
[DEBUG] 

[DEBUG] [2026-10-07 23:11:58] [DISC] Recv Failed 1 from user 13610
[DEBUG] 

[DEBUG] [2026-10-07 23:11:58] [DISC] Recv Failed 1 from user 95502
[DEBUG] 

[DEBUG] [2026-10-07 23:11:58] [DISC] Recv Failed 1 from user 122041
[DEBUG] 

[DEBUG] [2026-10-07 23:11:58] [DISC] Recv Failed 1 from user 122368
[DEBUG] 

[DEBUG] [2026-10-07 23:11:58] [DISC] Recv Failed 1 from user 128554
[DEBUG] 

[DEBUG] [2026-10-07 23:11:58] [DISC] Recv Failed 1 from user 13610
[DEBUG] 

[DEBUG] [2026-10-07 23:11:58] [DISC] Recv Failed 1 from user 95502
[DEBUG] 

[DEBUG] [2026-10-07 23:11:58] [DISC] Recv Failed 1 from user 122041
[DEBUG] 

[DEBUG] [2026-10-07 23:11:58] [DISC] Recv Failed 1 from user 122368
[DEBUG] 

[DEBUG] [2026-10-07 23:11:58] [DISC] Recv Failed 1 from user 128554
[DEBUG] 

[DEBUG] [2026-10-07 23:11:58] [DISC] Recv Failed 1 from user 13610
[DEBUG] 

[DEBUG] [2026-10-07 23:11:58] [DISC] Recv Failed 1 from user 95502
[DEBUG] 

[DEBUG] [2026-10-07 23:11:58] [DISC] Recv Failed 1 from user 122041
[DEBUG] 

[DEBUG] [2026-10-07 23:11:58] [DISC] Recv Failed 1 from user 122368
[DEBUG] 

[DEBUG] [2026-10-07 23:11:58] [DISC] Recv Failed 1 from user 128554
[DEBUG] 

[DEBUG] [2026-10-07 23:11:58] [DISC] Recv Failed 1 from user 13610
[DEBUG] 

[DEBUG] [2026-10-07 23:11:58] [DISC] Recv Failed 1 from user 95502
[DEBUG] 

[DEBUG] [2026-10-07 23:11:58] [DISC] Recv Failed 1 from user 122041
[DEBUG] 

[DEBUG] [2026-10-07 23:11:58] [DISC] Recv Failed 1 from user 122368
[DEBUG] 

[DEBUG] [2026-10-07 23:11:58] [DISC] Recv Failed 1 from user 128554
[DEBUG] 

[DEBUG] [2026-10-07 23:11:58] [DISC] Recv Failed 1 from user 13610
[DEBUG] 

[DEBUG] [2026-10-07 23:11:58] [DISC] Recv Failed 1 from user 95502
[DEBUG] 

[DEBUG] [2026-10-07 23:11:58] [DISC] Recv Failed 1 from user 122041
[DEBUG] 

[DEBUG] [2026-10-07 23:11:58] [DISC] Recv Failed 1 from user 122368
[DEBUG] 

[DEBUG] [2026-10-07 23:11:58] [DISC] Recv Failed 1 from user 128554
[DEBUG] 

[DEBUG] [2026-10-07 23:11:58] [DISC] Recv Failed 1 from user 13610
[DEBUG] 

[DEBUG] [2026-10-07 23:11:58] [DISC] Recv Failed 1 from user 95502
[DEBUG] 

[DEBUG] [2026-10-07 23:11:58] [DISC] Recv Failed 1 from user 122041
[DEBUG] 

[DEBUG] [2026-10-07 23:11:58] [DISC] Recv Failed 1 from user 122368
[DEBUG] 

[DEBUG] [2026-10-07 23:11:58] [DISC] Recv Failed 1 from user 128554
[DEBUG] 

[DEBUG] [2026-10-07 23:11:58] [DISC] Recv Failed 1 from user 13610
[DEBUG] 

[DEBUG] [2026-10-07 23:11:58] [DISC] Recv Failed 1 from user 95502
[DEBUG] 

[DEBUG] [2026-10-07 23:11:58] [DISC] Recv Failed 1 from user 122041
[DEBUG] 

[DEBUG] [2026-10-07 23:11:58] [DISC] Recv Failed 1 from user 122368
[DEBUG] 

[DEBUG] [2026-10-07 23:11:58] [DISC] Recv Failed 1 from user 128554
[DEBUG] 

[DEBUG] [2026-10-07 23:11:58] [DISC] Recv Failed 1 from user 13610
[DEBUG] 

[DEBUG] [2026-10-07 23:11:58] [DISC] Recv Failed 1 from user 95502
[DEBUG] 

[DEBUG] [2026-10-07 23:11:58] [DISC] Recv Failed 1 from user 122041
[DEBUG] 

[DEBUG] [2026-10-07 23:11:58] [DISC] Recv Failed 1 from user 122368
[DEBUG] 

[DEBUG] [2026-10-07 23:11:58] [DISC] Recv Failed 1 from user 128554
[DEBUG] 

[DEBUG] [2026-10-07 23:11:58] [DISC] Recv Failed 1 from user 13610
[DEBUG] 

[DEBUG] [2026-10-07 23:11:58] [DISC] Recv Failed 1 from user 95502
[DEBUG] 

[DEBUG] [2026-10-07 23:11:58] [DISC] Recv Failed 1 from user 122041
[DEBUG] 

[DEBUG] [2026-10-07 23:11:58] [DISC] Recv Failed 1 from user 122368
[DEBUG] 

[DEBUG] [2026-10-07 23:11:58] [DISC] Recv Failed 1 from user 128554
[DEBUG] 

[DEBUG] [2026-10-07 23:11:58] [DISC] Recv Failed 1 from user 13610
[DEBUG] 

[DEBUG] [2026-10-07 23:11:58] [DISC] Recv Failed 1 from user 95502
[DEBUG] 

[DEBUG] [2026-10-07 23:11:58] [DISC] Recv Failed 1 from user 122041
[DEBUG] 

[DEBUG] [2026-10-07 23:11:58] [DISC] Recv Failed 1 from user 122368
[DEBUG] 

[DEBUG] [2026-10-07 23:11:58] [DISC] Recv Failed 1 from user 128554
[DEBUG] 

[DEBUG] [2026-10-07 23:11:58] [DISC] Recv Failed 1 from user 13610
[DEBUG] 

[DEBUG] [2026-10-07 23:11:58] [DISC] Recv Failed 1 from user 95502
[DEBUG] 

[DEBUG] [2026-10-07 23:11:58] [DISC] Recv Failed 1 from user 122041
[DEBUG] 

[DEBUG] [2026-10-07 23:11:58] [DISC] Recv Failed 1 from user 122368
[DEBUG] 

[DEBUG] [2026-10-07 23:11:58] [DISC] Recv Failed 1 from user 128554
[DEBUG] 

[DEBUG] [2026-10-07 23:11:58] [DISC] Recv Failed 1 from user 13610
[DEBUG] 

[DEBUG] [2026-10-07 23:11:58] [DISC] Recv Failed 1 from user 95502
[DEBUG] 

[DEBUG] [2026-10-07 23:11:58] [DISC] Recv Failed 1 from user 122041
[DEBUG] 

[DEBUG] [2026-10-07 23:11:58] [DISC] Recv Failed 1 from user 122368
[DEBUG] 

[DEBUG] [2026-10-07 23:11:58] [DISC] Recv Failed 1 from user 128554
[DEBUG] 

[DEBUG] [2026-10-07 23:11:58] [DISC] Recv Failed 1 from user 13610
[DEBUG] 

[DEBUG] [2026-10-07 23:11:58] [DISC] Recv Failed 1 from user 95502
[DEBUG] 

[DEBUG] [2026-10-07 23:11:58] [DISC] Recv Failed 1 from user 122041
[DEBUG] 

[DEBUG] [2026-10-07 23:11:58] [DISC] Recv Failed 1 from user 122368
[DEBUG] 

[DEBUG] [2026-10-07 23:11:58] [DISC] Recv Failed 1 from user 128554
[DEBUG] 

[DEBUG] [2026-10-07 23:11:58] [DISC] Recv Failed 1 from user 13610
[DEBUG] 

[DEBUG] [2026-10-07 23:11:58] [DISC] Recv Failed 1 from user 95502
[DEBUG] 

[DEBUG] [2026-10-07 23:11:58] [DISC] Recv Failed 1 from user 122041
[DEBUG] 

[DEBUG] [2026-10-07 23:11:58] [DISC] Recv Failed 1 from user 122368
[DEBUG] 

[DEBUG] [2026-10-07 23:11:58] [DISC] Recv Failed 1 from user 128554
[DEBUG] 

[DEBUG] [2026-10-07 23:11:58] [DISC] Recv Failed 1 from user 13610
[DEBUG] 

[DEBUG] [2026-10-07 23:11:58] [DISC] Recv Failed 1 from user 95502
[DEBUG] 

[DEBUG] [2026-10-07 23:11:58] [DISC] Recv Failed 1 from user 122041
[DEBUG] 

[DEBUG] [2026-10-07 23:11:58] [DISC] Recv Failed 1 from user 122368
[DEBUG] 

[DEBUG] [2026-10-07 23:11:58] [DISC] Recv Failed 1 from user 128554
[DEBUG] 

[DEBUG] [2026-10-07 23:11:58] [DISC] Recv Failed 1 from user 13610
[DEBUG] 

[DEBUG] [2026-10-07 23:11:58] [DISC] Recv Failed 1 from user 95502
[DEBUG] 

[DEBUG] [2026-10-07 23:11:58] [DISC] Recv Failed 1 from user 122041
[DEBUG] 

[DEBUG] [2026-10-07 23:11:58] [DISC] Recv Failed 1 from user 122368
[DEBUG] 

[DEBUG] [2026-10-07 23:11:58] [DISC] Recv Failed 1 from user 128554
[DEBUG] 

[DEBUG] [2026-10-07 23:11:58] [DISC] Recv Failed 1 from user 13610
[DEBUG] 

[DEBUG] [2026-10-07 23:11:58] [DISC] Recv Failed 1 from user 95502
[DEBUG] 

[DEBUG] [2026-10-07 23:11:58] [DISC] Recv Failed 1 from user 122041
[DEBUG] 

[DEBUG] [2026-10-07 23:11:58] [DISC] Recv Failed 1 from user 122368
[DEBUG] 

[DEBUG] [2026-10-07 23:11:58] [DISC] Recv Failed 1 from user 128554
[DEBUG] 

[DEBUG] [2026-10-07 23:11:58] [DISC] Recv Failed 1 from user 13610
[DEBUG] 

[DEBUG] [2026-10-07 23:11:58] [DISC] Recv Failed 1 from user 95502
[DEBUG] 

[DEBUG] [2026-10-07 23:11:58] [DISC] Recv Failed 1 from user 122041
[DEBUG] 

[DEBUG] [2026-10-07 23:11:58] [DISC] Recv Failed 1 from user 122368
[DEBUG] 

[DEBUG] [2026-10-07 23:11:58] [DISC] Recv Failed 1 from user 128554
[DEBUG] 

[DEBUG] [2026-10-07 23:11:58] [DISC] Recv Failed 1 from user 13610
[DEBUG] 

[DEBUG] [2026-10-07 23:11:58] [DISC] Recv Failed 1 from user 95502
[DEBUG] 

[DEBUG] [2026-10-07 23:11:58] [DISC] Recv Failed 1 from user 122041
[DEBUG] 

[DEBUG] [2026-10-07 23:11:58] [DISC] Recv Failed 1 from user 122368
[DEBUG] 

[DEBUG] [2026-10-07 23:11:58] [DISC] Recv Failed 1 from user 128554
[DEBUG] 

[DEBUG] [2026-10-07 23:11:58] [DISC] Recv Failed 1 from user 13610
[DEBUG] 

[DEBUG] [2026-10-07 23:11:58] [DISC] Recv Failed 1 from user 95502
[DEBUG] 

[DEBUG] [2026-10-07 23:11:58] [DISC] Recv Failed 1 from user 122041
[DEBUG] 

[DEBUG] [2026-10-07 23:11:58] [DISC] Recv Failed 1 from user 122368
[DEBUG] 

[DEBUG] [2026-10-07 23:11:58] [DISC] Recv Failed 1 from user 128554
[DEBUG] 

[DEBUG] [2026-10-07 23:11:58] [DISC] Recv Failed 1 from user 13610
[DEBUG] 

[DEBUG] [2026-10-07 23:11:58] [DISC] Recv Failed 1 from user 95502
[DEBUG] 

[DEBUG] [2026-10-07 23:11:58] [DISC] Recv Failed 1 from user 122041
[DEBUG] 

[DEBUG] [2026-10-07 23:11:58] [DISC] Recv Failed 1 from user 122368
[DEBUG] 

[DEBUG] [2026-10-07 23:11:58] [DISC] Recv Failed 1 from user 128554
[DEBUG] 

[DEBUG] [2026-10-07 23:11:58] [DISC] Recv Failed 1 from user 13610
[DEBUG] 

[DEBUG] [2026-10-07 23:11:58] [DISC] Recv Failed 1 from user 95502
[DEBUG] 

[DEBUG] [2026-10-07 23:11:58] [DISC] Recv Failed 1 from user 122041
[DEBUG] 

[DEBUG] [2026-10-07 23:11:58] [DISC] Recv Failed 1 from user 122368
[DEBUG] 

[DEBUG] [2026-10-07 23:11:58] [DISC] Recv Failed 1 from user 128554
[DEBUG] 

[DEBUG] [2026-10-07 23:11:58] [DISC] Recv Failed 1 from user 13610
[DEBUG] 

[DEBUG] [2026-10-07 23:11:58] [DISC] Recv Failed 1 from user 95502
[DEBUG] 

[DEBUG] [2026-10-07 23:11:58] [DISC] Recv Failed 1 from user 122041
[DEBUG] 

[DEBUG] [2026-10-07 23:11:59] [DISC] Recv Failed 1 from user 122368
[DEBUG] 

[DEBUG] [2026-10-07 23:11:59] [DISC] Recv Failed 1 from user 128554
[DEBUG] 

[DEBUG] [2026-10-07 23:11:59] [DISC] Recv Failed 1 from user 13610
[DEBUG] 

[DEBUG] [2026-10-07 23:11:59] [DISC] Recv Failed 1 from user 95502
[DEBUG] 

[DEBUG] [2026-10-07 23:11:59] [DISC] Recv Failed 1 from user 122041
[DEBUG] 

[DEBUG] [2026-10-07 23:11:59] [DISC] Recv Failed 1 from user 122368
[DEBUG] 

[DEBUG] [2026-10-07 23:11:59] [DISC] Recv Failed 1 from user 128554
[DEBUG] 

[DEBUG] [2026-10-07 23:11:59] [DISC] Recv Failed 1 from user 13610
[DEBUG] 

[DEBUG] [2026-10-07 23:11:59] [DISC] Recv Failed 1 from user 95502
[DEBUG] 

[DEBUG] [2026-10-07 23:11:59] [DISC] Recv Failed 1 from user 122041
[DEBUG] 

[DEBUG] [2026-10-07 23:11:59] [DISC] Recv Failed 1 from user 122368
[DEBUG] 

[DEBUG] [2026-10-07 23:11:59] [DISC] Recv Failed 1 from user 128554
[DEBUG] 

[DEBUG] [2026-10-07 23:11:59] [DISC] Recv Failed 1 from user 13610
[DEBUG] 

[DEBUG] [2026-10-07 23:11:59] [DISC] Recv Failed 1 from user 95502
[DEBUG] 

[DEBUG] [2026-10-07 23:11:59] [DISC] Recv Failed 1 from user 122041
[DEBUG] 

[DEBUG] [2026-10-07 23:11:59] [DISC] Recv Failed 1 from user 122368
[DEBUG] 

[DEBUG] [2026-10-07 23:11:59] [DISC] Recv Failed 1 from user 128554
[DEBUG] 

[DEBUG] [2026-10-07 23:11:59] [DISC] Recv Failed 1 from user 13610
[DEBUG] 

[DEBUG] [2026-10-07 23:11:59] [DISC] Recv Failed 1 from user 95502
[DEBUG] 

[DEBUG] [2026-10-07 23:11:59] [DISC] Recv Failed 1 from user 122041
[DEBUG] 

[DEBUG] [2026-10-07 23:11:59] [DISC] Recv Failed 1 from user 122368
[DEBUG] 

[DEBUG] [2026-10-07 23:11:59] [DISC] Recv Failed 1 from user 128554
[DEBUG] 

[DEBUG] [2026-10-07 23:11:59] [DISC] Recv Failed 1 from user 13610
[DEBUG] 

[DEBUG] [2026-10-07 23:11:59] [DISC] Recv Failed 1 from user 95502
[DEBUG] 

[DEBUG] [2026-10-07 23:11:59] [DISC] Recv Failed 1 from user 122041
[DEBUG] 

[DEBUG] [2026-10-07 23:11:59] [DISC] Recv Failed 1 from user 122368
[DEBUG] 

[DEBUG] [2026-10-07 23:11:59] [DISC] Recv Failed 1 from user 128554
[DEBUG] 

[DEBUG] [2026-10-07 23:11:59] [DISC] Recv Failed 1 from user 13610
[DEBUG] 

[DEBUG] [2026-10-07 23:11:59] [DISC] Recv Failed 1 from user 95502
[DEBUG] 

[DEBUG] [2026-10-07 23:11:59] [DISC] Recv Failed 1 from user 122041
[DEBUG] 

[DEBUG] [2026-10-07 23:11:59] [DISC] Recv Failed 1 from user 122368
[DEBUG] 

[DEBUG] [2026-10-07 23:11:59] [DISC] Recv Failed 1 from user 128554
[DEBUG] 

[DEBUG] [2026-10-07 23:11:59] [DISC] Recv Failed 1 from user 13610
[DEBUG] 

[DEBUG] [2026-10-07 23:11:59] [DISC] Recv Failed 1 from user 95502
[DEBUG] 

[DEBUG] [2026-10-07 23:11:59] [DISC] Recv Failed 1 from user 122041
[DEBUG] 

[DEBUG] [2026-10-07 23:11:59] [DISC] Recv Failed 1 from user 122368
[DEBUG] 

[DEBUG] [2026-10-07 23:11:59] [DISC] Recv Failed 1 from user 128554
[DEBUG] 

[DEBUG] [2026-10-07 23:11:59] [DISC] Recv Failed 1 from user 13610
[DEBUG] 

[DEBUG] [2026-10-07 23:11:59] [DISC] Recv Failed 1 from user 95502
[DEBUG] 

[DEBUG] [2026-10-07 23:11:59] [DISC] Recv Failed 1 from user 122041
[DEBUG] 

[DEBUG] [2026-10-07 23:11:59] [DISC] Recv Failed 1 from user 122368
[DEBUG] 

[DEBUG] [2026-10-07 23:11:59] [DISC] Recv Failed 1 from user 128554
[DEBUG] 

[DEBUG] [2026-10-07 23:11:59] [DISC] Recv Failed 1 from user 13610
[DEBUG] 

[DEBUG] [2026-10-07 23:11:59] [DISC] Recv Failed 1 from user 95502
[DEBUG] 

[DEBUG] [2026-10-07 23:11:59] [DISC] Recv Failed 1 from user 122041
[DEBUG] 

[DEBUG] [2026-10-07 23:11:59] [DISC] Recv Failed 1 from user 122368
[DEBUG] 

[DEBUG] [2026-10-07 23:11:59] [DISC] Recv Failed 1 from user 128554
[DEBUG] 

[DEBUG] [2026-10-07 23:11:59] [DISC] Recv Failed 1 from user 13610
[DEBUG] 

[DEBUG] [2026-10-07 23:11:59] [DISC] Recv Failed 1 from user 95502
[DEBUG] 

[DEBUG] [2026-10-07 23:11:59] [DISC] Recv Failed 1 from user 122041
[DEBUG] 

[DEBUG] [2026-10-07 23:11:59] [DISC] Recv Failed 1 from user 122368
[DEBUG] 

[DEBUG] [2026-10-07 23:11:59] [DISC] Recv Failed 1 from user 128554
[DEBUG] 

[DEBUG] [2026-10-07 23:11:59] [DISC] Recv Failed 1 from user 13610
[DEBUG] 

[DEBUG] [2026-10-07 23:11:59] [DISC] Recv Failed 1 from user 95502
[DEBUG] 

[DEBUG] [2026-10-07 23:11:59] [DISC] Recv Failed 1 from user 122041
[DEBUG] 

[DEBUG] [2026-10-07 23:11:59] [DISC] Recv Failed 1 from user 122368
[DEBUG] 

[DEBUG] [2026-10-07 23:11:59] [DISC] Recv Failed 1 from user 128554
[DEBUG] 

[DEBUG] [2026-10-07 23:11:59] [DISC] Recv Failed 1 from user 13610
[DEBUG] 

[DEBUG] [2026-10-07 23:11:59] [DISC] Recv Failed 1 from user 95502
[DEBUG] 

[DEBUG] [2026-10-07 23:11:59] [DISC] Recv Failed 1 from user 122041
[DEBUG] 

[DEBUG] [2026-10-07 23:11:59] [DISC] Recv Failed 1 from user 122368
[DEBUG] 

[DEBUG] [2026-10-07 23:11:59] [DISC] Recv Failed 1 from user 128554
[DEBUG] 

[DEBUG] [2026-10-07 23:11:59] [DISC] Recv Failed 1 from user 13610
[DEBUG] 

[DEBUG] [2026-10-07 23:11:59] [DISC] Recv Failed 1 from user 95502
[DEBUG] 

[DEBUG] [2026-10-07 23:11:59] [DISC] Recv Failed 1 from user 122041
[DEBUG] 

[DEBUG] [2026-10-07 23:11:59] [DISC] Recv Failed 1 from user 122368
[DEBUG] 

[DEBUG] [2026-10-07 23:11:59] [DISC] Recv Failed 1 from user 128554
[DEBUG] 

[DEBUG] [2026-10-07 23:11:59] [DISC] Recv Failed 1 from user 13610
[DEBUG] 

[DEBUG] [2026-10-07 23:11:59] [DISC] Recv Failed 1 from user 95502
[DEBUG] 

[DEBUG] [2026-10-07 23:11:59] [DISC] Recv Failed 1 from user 122041
[DEBUG] 

[DEBUG] [2026-10-07 23:11:59] [DISC] Recv Failed 1 from user 122368
[DEBUG] 

[DEBUG] [2026-10-07 23:11:59] [DISC] Recv Failed 1 from user 128554
[DEBUG] 

[DEBUG] [2026-10-07 23:11:59] [DISC] Recv Failed 1 from user 13610
[DEBUG] 

[DEBUG] [2026-10-07 23:11:59] [DISC] Recv Failed 1 from user 95502
[DEBUG] 

[DEBUG] [2026-10-07 23:11:59] [DISC] Recv Failed 1 from user 122041
[DEBUG] 

[DEBUG] [2026-10-07 23:11:59] [DISC] Recv Failed 1 from user 122368
[DEBUG] 

[DEBUG] [2026-10-07 23:11:59] [DISC] Recv Failed 1 from user 128554
[DEBUG] 

[DEBUG] [2026-10-07 23:11:59] [DISC] Recv Failed 1 from user 13610
[DEBUG] 

[DEBUG] [2026-10-07 23:11:59] [DISC] Recv Failed 1 from user 95502
[DEBUG] 

[DEBUG] [2026-10-07 23:11:59] [DISC] Recv Failed 1 from user 122041
[DEBUG] 

[DEBUG] [2026-10-07 23:11:59] [DISC] Recv Failed 1 from user 122368
[DEBUG] 

[DEBUG] [2026-10-07 23:11:59] [DISC] Recv Failed 1 from user 128554
[DEBUG] 

[DEBUG] [2026-10-07 23:11:59] [DISC] Recv Failed 1 from user 13610
[DEBUG] 

[DEBUG] [2026-10-07 23:11:59] [DISC] Recv Failed 1 from user 95502
[DEBUG] 

[DEBUG] [2026-10-07 23:11:59] [DISC] Recv Failed 1 from user 122041
[DEBUG] 

[DEBUG] [2026-10-07 23:11:59] [DISC] Recv Failed 1 from user 122368
[DEBUG] 

[DEBUG] [2026-10-07 23:11:59] [DISC] Recv Failed 1 from user 128554
[DEBUG] 

[DEBUG] [2026-10-07 23:11:59] [DISC] Recv Failed 1 from user 13610
[DEBUG] 

[DEBUG] [2026-10-07 23:11:59] [DISC] Recv Failed 1 from user 95502
[DEBUG] 

[DEBUG] [2026-10-07 23:11:59] [DISC] Recv Failed 1 from user 122041
[DEBUG] 

[DEBUG] [2026-10-07 23:11:59] [DISC] Recv Failed 1 from user 122368
[DEBUG] 

[DEBUG] [2026-10-07 23:11:59] [DISC] Recv Failed 1 from user 128554
[DEBUG] 

[DEBUG] [2026-10-07 23:11:59] [DISC] Recv Failed 1 from user 13610
[DEBUG] 

[DEBUG] [2026-10-07 23:11:59] [DISC] Recv Failed 1 from user 95502
[DEBUG] 

[DEBUG] [2026-10-07 23:11:59] [DISC] Recv Failed 1 from user 122041
[DEBUG] 

[DEBUG] [2026-10-07 23:11:59] [DISC] Recv Failed 1 from user 122368
[DEBUG] 

[DEBUG] [2026-10-07 23:11:59] [DISC] Recv Failed 1 from user 128554
[DEBUG] 

[DEBUG] [2026-10-07 23:11:59] [DISC] Recv Failed 1 from user 13610
[DEBUG] 

[DEBUG] [2026-10-07 23:11:59] [DISC] Recv Failed 1 from user 95502
[DEBUG] 

[DEBUG] [2026-10-07 23:11:59] [DISC] Recv Failed 1 from user 122041
[DEBUG] 

[DEBUG] [2026-10-07 23:11:59] [DISC] Recv Failed 1 from user 122368
[DEBUG] 

[DEBUG] [2026-10-07 23:11:59] [DISC] Recv Failed 1 from user 128554
[DEBUG] 

[DEBUG] [2026-10-07 23:11:59] [DISC] Recv Failed 1 from user 13610
[DEBUG] 

[DEBUG] [2026-10-07 23:11:59] [DISC] Recv Failed 1 from user 95502
[DEBUG] 

[DEBUG] [2026-10-07 23:11:59] [DISC] Recv Failed 1 from user 122041
[DEBUG] 

[DEBUG] [2026-10-07 23:11:59] [DISC] Recv Failed 1 from user 122368
[DEBUG] 

[DEBUG] [2026-10-07 23:11:59] [DISC] Recv Failed 1 from user 128554
[DEBUG] 

[DEBUG] [2026-10-07 23:11:59] [DISC] Recv Failed 1 from user 13610
[DEBUG] 

[DEBUG] [2026-10-07 23:11:59] [DISC] Recv Failed 1 from user 95502
[DEBUG] 

[DEBUG] [2026-10-07 23:11:59] [DISC] Recv Failed 1 from user 122041
[DEBUG] 

[DEBUG] [2026-10-07 23:11:59] [DISC] Recv Failed 1 from user 122368
[DEBUG] 

[DEBUG] [2026-10-07 23:11:59] [DISC] Recv Failed 1 from user 128554
[DEBUG] 

[DEBUG] [2026-10-07 23:11:59] [DISC] Recv Failed 1 from user 13610
[DEBUG] 

[DEBUG] [2026-10-07 23:11:59] [DISC] Recv Failed 1 from user 95502
[DEBUG] 

[DEBUG] [2026-10-07 23:11:59] [DISC] Recv Failed 1 from user 122041
[DEBUG] 

[DEBUG] [2026-10-07 23:11:59] [DISC] Recv Failed 1 from user 122368
[DEBUG] 

[DEBUG] [2026-10-07 23:11:59] [DISC] Recv Failed 1 from user 128554
[DEBUG] 

[DEBUG] [2026-10-07 23:11:59] [DISC] Recv Failed 1 from user 13610
[DEBUG] 

[DEBUG] [2026-10-07 23:11:59] [DISC] Recv Failed 1 from user 95502
[DEBUG] 

[DEBUG] [2026-10-07 23:11:59] [DISC] Recv Failed 1 from user 122041
[DEBUG] 

[DEBUG] [2026-10-07 23:11:59] [DISC] Recv Failed 1 from user 122368
[DEBUG] 

[DEBUG] [2026-10-07 23:11:59] [DISC] Recv Failed 1 from user 128554
[DEBUG] 

[DEBUG] [2026-10-07 23:11:59] [DISC] Recv Failed 1 from user 13610
[DEBUG] 

[DEBUG] [2026-10-07 23:11:59] [DISC] Recv Failed 1 from user 95502
[DEBUG] 

[DEBUG] [2026-10-07 23:11:59] [DISC] Recv Failed 1 from user 122041
[DEBUG] 

[DEBUG] [2026-10-07 23:11:59] [DISC] Recv Failed 1 from user 122368
[DEBUG] 

[DEBUG] [2026-10-07 23:11:59] [DISC] Recv Failed 1 from user 128554
[DEBUG] 

[DEBUG] [2026-10-07 23:11:59] [DISC] Recv Failed 1 from user 13610
[DEBUG] 

[DEBUG] [2026-10-07 23:11:59] [DISC] Recv Failed 1 from user 95502
[DEBUG] 

[DEBUG] [2026-10-07 23:11:59] [DISC] Recv Failed 1 from user 122041
[DEBUG] 

[DEBUG] [2026-10-07 23:11:59] [DISC] Recv Failed 1 from user 122368
[DEBUG] 

[DEBUG] [2026-10-07 23:11:59] [DISC] Recv Failed 1 from user 128554
[DEBUG] 

[DEBUG] [2026-10-07 23:11:59] [DISC] Recv Failed 1 from user 13610
[DEBUG] 

[DEBUG] [2026-10-07 23:11:59] [DISC] Recv Failed 1 from user 95502
[DEBUG] 

[DEBUG] [2026-10-07 23:11:59] [DISC] Recv Failed 1 from user 122041
[DEBUG] 

[DEBUG] [2026-10-07 23:11:59] [DISC] Recv Failed 1 from user 122368
[DEBUG] 

[DEBUG] [2026-10-07 23:11:59] [DISC] Recv Failed 1 from user 128554
[DEBUG] 

[DEBUG] [2026-10-07 23:11:59] [DISC] Recv Failed 1 from user 13610
[DEBUG] 

[DEBUG] [2026-10-07 23:11:59] [DISC] Recv Failed 1 from user 95502
[DEBUG] 

[DEBUG] [2026-10-07 23:11:59] [DISC] Recv Failed 1 from user 122041
[DEBUG] 

[DEBUG] [2026-10-07 23:11:59] [DISC] Recv Failed 1 from user 122368
[DEBUG] 

[DEBUG] [2026-10-07 23:11:59] [DISC] Recv Failed 1 from user 128554
[DEBUG] 

[DEBUG] [2026-10-07 23:11:59] [DISC] Recv Failed 1 from user 13610
[DEBUG] 

[DEBUG] [2026-10-07 23:11:59] [DISC] Recv Failed 1 from user 95502
[DEBUG] 

[DEBUG] [2026-10-07 23:11:59] [DISC] Recv Failed 1 from user 122041
[DEBUG] 

[DEBUG] [2026-10-07 23:11:59] [DISC] Recv Failed 1 from user 122368
[DEBUG] 

[DEBUG] [2026-10-07 23:11:59] [DISC] Recv Failed 1 from user 128554
[DEBUG] 

[DEBUG] [2026-10-07 23:12:00] [DISC] Recv Failed 1 from user 13610
[DEBUG] 

[DEBUG] [2026-10-07 23:12:00] [DISC] Recv Failed 1 from user 95502
[DEBUG] 

[DEBUG] [2026-10-07 23:12:00] [DISC] Recv Failed 1 from user 122041
[DEBUG] 

[DEBUG] [2026-10-07 23:12:00] [DISC] Recv Failed 1 from user 122368
[DEBUG] 

[DEBUG] [2026-10-07 23:12:00] [DISC] Recv Failed 1 from user 128554
[DEBUG] 

[DEBUG] [2026-10-07 23:12:00] [DISC] Recv Failed 1 from user 13610
[DEBUG] 

[DEBUG] [2026-10-07 23:12:00] [DISC] Recv Failed 1 from user 95502
[DEBUG] 

[DEBUG] [2026-10-07 23:12:00] [DISC] Recv Failed 1 from user 122041
[DEBUG] 

[DEBUG] [2026-10-07 23:12:00] [DISC] Recv Failed 1 from user 122368
[DEBUG] 

[DEBUG] [2026-10-07 23:12:00] [DISC] Recv Failed 1 from user 128554
[DEBUG] 

[DEBUG] [2026-10-07 23:12:00] [DISC] Recv Failed 1 from user 13610
[DEBUG] 

[DEBUG] [2026-10-07 23:12:00] [DISC] Recv Failed 1 from user 95502
[DEBUG] 

[DEBUG] [2026-10-07 23:12:00] [DISC] Recv Failed 1 from user 122041
[DEBUG] 

[DEBUG] [2026-10-07 23:12:00] [DISC] Recv Failed 1 from user 122368
[DEBUG] 

[DEBUG] [2026-10-07 23:12:00] [DISC] Recv Failed 1 from user 128554
[DEBUG] 

[DEBUG] [2026-10-07 23:12:00] [DISC] Recv Failed 1 from user 13610
[DEBUG] 

[DEBUG] [2026-10-07 23:12:00] [DISC] Recv Failed 1 from user 95502
[DEBUG] 

[DEBUG] [2026-10-07 23:12:00] [DISC] Recv Failed 1 from user 122041
[DEBUG] 

[DEBUG] [2026-10-07 23:12:00] [DISC] Recv Failed 1 from user 122368
[DEBUG] 

[DEBUG] [2026-10-07 23:12:00] [DISC] Recv Failed 1 from user 128554
[DEBUG] 

[DEBUG] [2026-10-07 23:12:00] [DISC] Recv Failed 1 from user 13610
[DEBUG] 

[DEBUG] [2026-10-07 23:12:00] [DISC] Recv Failed 1 from user 95502
[DEBUG] 

[DEBUG] [2026-10-07 23:12:00] [DISC] Recv Failed 1 from user 122041
[DEBUG] 

[DEBUG] [2026-10-07 23:12:00] [DISC] Recv Failed 1 from user 122368
[DEBUG] 

[DEBUG] [2026-10-07 23:12:00] [DISC] Recv Failed 1 from user 128554
[DEBUG] 

[DEBUG] [2026-10-07 23:12:00] [DISC] Recv Failed 1 from user 13610
[DEBUG] 

[DEBUG] [2026-10-07 23:12:00] [DISC] Recv Failed 1 from user 95502
[DEBUG] 

[DEBUG] [2026-10-07 23:12:00] [DISC] Recv Failed 1 from user 122041
[DEBUG] 

[DEBUG] [2026-10-07 23:12:00] [DISC] Recv Failed 1 from user 122368
[DEBUG] 

[DEBUG] [2026-10-07 23:12:00] [DISC] Recv Failed 1 from user 128554
[DEBUG] 

[DEBUG] [2026-10-07 23:12:00] [DISC] Recv Failed 1 from user 13610
[DEBUG] 

[DEBUG] [2026-10-07 23:12:00] [DISC] Recv Failed 1 from user 95502
[DEBUG] 

[DEBUG] [2026-10-07 23:12:00] [DISC] Recv Failed 1 from user 122041
[DEBUG] 

[DEBUG] [2026-10-07 23:12:00] [DISC] Recv Failed 1 from user 122368
[DEBUG] 

[DEBUG] [2026-10-07 23:12:00] [DISC] Recv Failed 1 from user 128554
[DEBUG] 

[DEBUG] [2026-10-07 23:12:00] [DISC] Recv Failed 1 from user 13610
[DEBUG] 

[DEBUG] [2026-10-07 23:12:00] [DISC] Recv Failed 1 from user 95502
[DEBUG] 

[DEBUG] [2026-10-07 23:12:00] [DISC] Recv Failed 1 from user 122041
[DEBUG] 

[DEBUG] [2026-10-07 23:12:00] [DISC] Recv Failed 1 from user 122368
[DEBUG] 

[DEBUG] [2026-10-07 23:12:00] [DISC] Recv Failed 1 from user 128554
[DEBUG] 

[DEBUG] [2026-10-07 23:12:00] [DISC] Recv Failed 1 from user 13610
[DEBUG] 

[DEBUG] [2026-10-07 23:12:00] [DISC] Recv Failed 1 from user 95502
[DEBUG] 

[DEBUG] [2026-10-07 23:12:00] [DISC] Recv Failed 1 from user 122041
[DEBUG] 

[DEBUG] [2026-10-07 23:12:00] [DISC] Recv Failed 1 from user 122368
[DEBUG] 

[DEBUG] [2026-10-07 23:12:00] [DISC] Recv Failed 1 from user 128554
[DEBUG] 

[DEBUG] [2026-10-07 23:12:00] [DISC] Recv Failed 1 from user 13610
[DEBUG] 

[DEBUG] [2026-10-07 23:12:00] [DISC] Recv Failed 1 from user 95502
[DEBUG] 

[DEBUG] [2026-10-07 23:12:00] [DISC] Recv Failed 1 from user 122041
[DEBUG] 

[DEBUG] [2026-10-07 23:12:00] [DISC] Recv Failed 1 from user 122368
[DEBUG] 

[DEBUG] [2026-10-07 23:12:00] [DISC] Recv Failed 1 from user 128554
[DEBUG] 

[DEBUG] [2026-10-07 23:12:00] [DISC] Recv Failed 1 from user 13610
[DEBUG] 

[DEBUG] [2026-10-07 23:12:00] [DISC] Recv Failed 1 from user 95502
[DEBUG] 

[DEBUG] [2026-10-07 23:12:00] [DISC] Recv Failed 1 from user 122041
[DEBUG] 

[DEBUG] [2026-10-07 23:12:00] [DISC] Recv Failed 1 from user 122368
[DEBUG] 

[DEBUG] [2026-10-07 23:12:00] [DISC] Recv Failed 1 from user 128554
[DEBUG] 

[DEBUG] [2026-10-07 23:12:00] [DISC] Recv Failed 1 from user 13610
[DEBUG] 

[DEBUG] [2026-10-07 23:12:00] [DISC] Recv Failed 1 from user 95502
[DEBUG] 

[DEBUG] [2026-10-07 23:12:00] [DISC] Recv Failed 1 from user 122041
[DEBUG] 

[DEBUG] [2026-10-07 23:12:00] [DISC] Recv Failed 1 from user 122368
[DEBUG] 

[DEBUG] [2026-10-07 23:12:00] [DISC] Recv Failed 1 from user 128554
[DEBUG] 

[DEBUG] [2026-10-07 23:12:00] [DISC] Recv Failed 1 from user 13610
[DEBUG] 

[DEBUG] [2026-10-07 23:12:00] [DISC] Recv Failed 1 from user 95502
[DEBUG] 

[DEBUG] [2026-10-07 23:12:00] [DISC] Recv Failed 1 from user 122041
[DEBUG] 

[DEBUG] [2026-10-07 23:12:00] [DISC] Recv Failed 1 from user 122368
[DEBUG] 

[DEBUG] [2026-10-07 23:12:00] [DISC] Recv Failed 1 from user 128554
[DEBUG] 

[DEBUG] [2026-10-07 23:12:00] [DISC] Recv Failed 1 from user 13610
[DEBUG] 

[DEBUG] [2026-10-07 23:12:00] [DISC] Recv Failed 1 from user 95502
[DEBUG] 

[DEBUG] [2026-10-07 23:12:00] [DISC] Recv Failed 1 from user 122041
[DEBUG] 

[DEBUG] [2026-10-07 23:12:00] [DISC] Recv Failed 1 from user 122368
[DEBUG] 

[DEBUG] [2026-10-07 23:12:00] [DISC] Recv Failed 1 from user 128554
[DEBUG] 

[DEBUG] [2026-10-07 23:12:00] [DISC] Recv Failed 1 from user 13610
[DEBUG] 

[DEBUG] [2026-10-07 23:12:00] [DISC] Recv Failed 1 from user 95502
[DEBUG] 

[DEBUG] [2026-10-07 23:12:00] [DISC] Recv Failed 1 from user 122041
[DEBUG] 

[DEBUG] [2026-10-07 23:12:00] [DISC] Recv Failed 1 from user 122368
[DEBUG] 

[DEBUG] [2026-10-07 23:12:00] [DISC] Recv Failed 1 from user 128554
[DEBUG] 

[DEBUG] [2026-10-07 23:12:00] [DISC] Recv Failed 1 from user 13610
[DEBUG] 

[DEBUG] [2026-10-07 23:12:00] [DISC] Recv Failed 1 from user 95502
[DEBUG] 

[DEBUG] [2026-10-07 23:12:00] [DISC] Recv Failed 1 from user 122041
[DEBUG] 

[DEBUG] [2026-10-07 23:12:00] [DISC] Recv Failed 1 from user 122368
[DEBUG] 

[DEBUG] [2026-10-07 23:12:00] [DISC] Recv Failed 1 from user 128554
[DEBUG] 

[DEBUG] [2026-10-07 23:12:00] [DISC] Recv Failed 1 from user 13610
[DEBUG] 

[DEBUG] [2026-10-07 23:12:00] [DISC] Recv Failed 1 from user 95502
[DEBUG] 

[DEBUG] [2026-10-07 23:12:00] [DISC] Recv Failed 1 from user 122041
[DEBUG] 

[DEBUG] [2026-10-07 23:12:00] [DISC] Recv Failed 1 from user 122368
[DEBUG] 

[DEBUG] [2026-10-07 23:12:00] [DISC] Recv Failed 1 from user 128554
[DEBUG] 

[DEBUG] [2026-10-07 23:12:00] [DISC] Recv Failed 1 from user 13610
[DEBUG] 

[DEBUG] [2026-10-07 23:12:00] [DISC] Recv Failed 1 from user 95502
[DEBUG] 

[DEBUG] [2026-10-07 23:12:00] [DISC] Recv Failed 1 from user 122041
[DEBUG] 

[DEBUG] [2026-10-07 23:12:00] [DISC] Recv Failed 1 from user 122368
[DEBUG] 

[DEBUG] [2026-10-07 23:12:00] [DISC] Recv Failed 1 from user 128554
[DEBUG] 

[DEBUG] [2026-10-07 23:12:00] [DISC] Recv Failed 1 from user 13610
[DEBUG] 

[DEBUG] [2026-10-07 23:12:00] [DISC] Recv Failed 1 from user 95502
[DEBUG] 

[DEBUG] [2026-10-07 23:12:00] [DISC] Recv Failed 1 from user 122041
[DEBUG] 

[DEBUG] [2026-10-07 23:12:00] [DISC] Recv Failed 1 from user 122368
[DEBUG] 

[DEBUG] [2026-10-07 23:12:00] [DISC] Recv Failed 1 from user 128554
[DEBUG] 

[DEBUG] [2026-10-07 23:12:00] [DISC] Recv Failed 1 from user 13610
[DEBUG] 

[DEBUG] [2026-10-07 23:12:00] [DISC] Recv Failed 1 from user 95502
[DEBUG] 

[DEBUG] [2026-10-07 23:12:00] [DISC] Recv Failed 1 from user 122041
[DEBUG] 

[DEBUG] [2026-10-07 23:12:00] [DISC] Recv Failed 1 from user 122368
[DEBUG] 

[DEBUG] [2026-10-07 23:12:00] [DISC] Recv Failed 1 from user 128554
[DEBUG] 

[DEBUG] [2026-10-07 23:12:00] [DISC] Recv Failed 1 from user 13610
[DEBUG] 

[DEBUG] [2026-10-07 23:12:00] [DISC] Recv Failed 1 from user 95502
[DEBUG] 

[DEBUG] [2026-10-07 23:12:00] [DISC] Recv Failed 1 from user 122041
[DEBUG] 

[DEBUG] [2026-10-07 23:12:00] [DISC] Recv Failed 1 from user 122368
[DEBUG] 

[DEBUG] [2026-10-07 23:12:00] [DISC] Recv Failed 1 from user 128554
[DEBUG] 

[DEBUG] [2026-10-07 23:12:00] [DISC] Recv Failed 1 from user 13610
[DEBUG] 

[DEBUG] [2026-10-07 23:12:00] [DISC] Recv Failed 1 from user 95502
[DEBUG] 

[DEBUG] [2026-10-07 23:12:00] [DISC] Recv Failed 1 from user 122041
[DEBUG] 

[DEBUG] [2026-10-07 23:12:00] [DISC] Recv Failed 1 from user 122368
[DEBUG] 

[DEBUG] [2026-10-07 23:12:00] [DISC] Recv Failed 1 from user 128554
[DEBUG] 

[DEBUG] [2026-10-07 23:12:00] [DISC] Recv Failed 1 from user 13610
[DEBUG] 

[DEBUG] [2026-10-07 23:12:00] [DISC] Recv Failed 1 from user 95502
[DEBUG] 

[DEBUG] [2026-10-07 23:12:00] [DISC] Recv Failed 1 from user 122041
[DEBUG] 

[DEBUG] [2026-10-07 23:12:00] [DISC] Recv Failed 1 from user 122368
[DEBUG] 

[DEBUG] [2026-10-07 23:12:00] [DISC] Recv Failed 1 from user 128554
[DEBUG] 

[DEBUG] [2026-10-07 23:12:00] [DISC] Recv Failed 1 from user 13610
[DEBUG] 

[DEBUG] [2026-10-07 23:12:00] [DISC] Recv Failed 1 from user 95502
[DEBUG] 

[DEBUG] [2026-10-07 23:12:00] [DISC] Recv Failed 1 from user 122041
[DEBUG] 

[DEBUG] [2026-10-07 23:12:00] [DISC] Recv Failed 1 from user 122368
[DEBUG] 

[DEBUG] [2026-10-07 23:12:00] [DISC] Recv Failed 1 from user 128554
[DEBUG] 

[DEBUG] [2026-10-07 23:12:00] [DISC] Recv Failed 1 from user 13610
[DEBUG] 

[DEBUG] [2026-10-07 23:12:00] [DISC] Recv Failed 1 from user 95502
[DEBUG] 

[DEBUG] [2026-10-07 23:12:00] [DISC] Recv Failed 1 from user 122041
[DEBUG] 

[DEBUG] [2026-10-07 23:12:00] [DISC] Recv Failed 1 from user 122368
[DEBUG] 

[DEBUG] [2026-10-07 23:12:00] [DISC] Recv Failed 1 from user 128554
[DEBUG] 

[DEBUG] [2026-10-07 23:12:00] [DISC] Recv Failed 1 from user 13610
[DEBUG] 

[DEBUG] [2026-10-07 23:12:00] [DISC] Recv Failed 1 from user 95502
[DEBUG] 

[DEBUG] [2026-10-07 23:12:00] [DISC] Recv Failed 1 from user 122041
[DEBUG] 

[DEBUG] [2026-10-07 23:12:00] [DISC] Recv Failed 1 from user 122368
[DEBUG] 

[DEBUG] [2026-10-07 23:12:00] [DISC] Recv Failed 1 from user 128554
[DEBUG] 

[DEBUG] [2026-10-07 23:12:00] [DISC] Recv Failed 1 from user 13610
[DEBUG] 

[DEBUG] [2026-10-07 23:12:00] [DISC] Recv Failed 1 from user 95502
[DEBUG] 

[DEBUG] [2026-10-07 23:12:00] [DISC] Recv Failed 1 from user 122041
[DEBUG] 

[DEBUG] [2026-10-07 23:12:00] [DISC] Recv Failed 1 from user 122368
[DEBUG] 

[DEBUG] [2026-10-07 23:12:00] [DISC] Recv Failed 1 from user 128554
[DEBUG] 

[DEBUG] [2026-10-07 23:12:00] [DISC] Recv Failed 1 from user 13610
[DEBUG] 

[DEBUG] [2026-10-07 23:12:00] [DISC] Recv Failed 1 from user 95502
[DEBUG] 

[DEBUG] [2026-10-07 23:12:00] [DISC] Recv Failed 1 from user 122041
[DEBUG] 

[DEBUG] [2026-10-07 23:12:00] [DISC] Recv Failed 1 from user 122368
[DEBUG] 

[DEBUG] [2026-10-07 23:12:00] [DISC] Recv Failed 1 from user 128554
[DEBUG] 

[DEBUG] [2026-10-07 23:12:00] [DISC] Recv Failed 1 from user 13610
[DEBUG] 

[DEBUG] [2026-10-07 23:12:00] [DISC] Recv Failed 1 from user 95502
[DEBUG] 

[DEBUG] [2026-10-07 23:12:00] [DISC] Recv Failed 1 from user 122041
[DEBUG] 

[DEBUG] [2026-10-07 23:12:00] [DISC] Recv Failed 1 from user 122368
[DEBUG] 

[DEBUG] [2026-10-07 23:12:00] [DISC] Recv Failed 1 from user 128554
[DEBUG] 

[DEBUG] [2026-10-07 23:12:00] [DISC] Recv Failed 1 from user 13610
[DEBUG] 

[DEBUG] [2026-10-07 23:12:00] [DISC] Recv Failed 1 from user 95502
[DEBUG] 

[DEBUG] [2026-10-07 23:12:00] [DISC] Recv Failed 1 from user 122041
[DEBUG] 

[DEBUG] [2026-10-07 23:12:00] [DISC] Recv Failed 1 from user 122368
[DEBUG] 

[DEBUG] [2026-10-07 23:12:00] [DISC] Recv Failed 1 from user 128554
[DEBUG] 

[DEBUG] [2026-10-07 23:12:00] [DISC] Recv Failed 1 from user 13610
[DEBUG] 

[DEBUG] [2026-10-07 23:12:00] [DISC] Recv Failed 1 from user 95502
[DEBUG] 

[DEBUG] [2026-10-07 23:12:00] [DISC] Recv Failed 1 from user 122041
[DEBUG] 

[DEBUG] [2026-10-07 23:12:00] [DISC] Recv Failed 1 from user 122368
[DEBUG] 

[DEBUG] [2026-10-07 23:12:00] [DISC] Recv Failed 1 from user 128554
[DEBUG] 

[DEBUG] [2026-10-07 23:12:01] [DISC] Recv Failed 1 from user 13610
[DEBUG] 

[DEBUG] [2026-10-07 23:12:01] [DISC] Recv Failed 1 from user 95502
[DEBUG] 

[DEBUG] [2026-10-07 23:12:01] [DISC] Recv Failed 1 from user 122041
[DEBUG] 

[DEBUG] [2026-10-07 23:12:01] [DISC] Recv Failed 1 from user 122368
[DEBUG] 

[DEBUG] [2026-10-07 23:12:01] [DISC] Recv Failed 1 from user 128554
[DEBUG] 

[DEBUG] [2026-10-07 23:12:01] [DISC] Recv Failed 1 from user 13610
[DEBUG] 

[DEBUG] [2026-10-07 23:12:01] [DISC] Recv Failed 1 from user 95502
[DEBUG] 

[DEBUG] [2026-10-07 23:12:01] [DISC] Recv Failed 1 from user 122041
[DEBUG] 

[DEBUG] [2026-10-07 23:12:01] [DISC] Recv Failed 1 from user 122368
[DEBUG] 

[DEBUG] [2026-10-07 23:12:01] [DISC] Recv Failed 1 from user 128554
[DEBUG] 

[DEBUG] [2026-10-07 23:12:01] [DISC] Recv Failed 1 from user 13610
[DEBUG] 

[DEBUG] [2026-10-07 23:12:01] [DISC] Recv Failed 1 from user 95502
[DEBUG] 

[DEBUG] [2026-10-07 23:12:01] [DISC] Recv Failed 1 from user 122041
[DEBUG] 

[DEBUG] [2026-10-07 23:12:01] [DISC] Recv Failed 1 from user 122368
[DEBUG] 

[DEBUG] [2026-10-07 23:12:01] [DISC] Recv Failed 1 from user 128554
[DEBUG] 

[DEBUG] [2026-10-07 23:12:01] [DISC] Recv Failed 1 from user 13610
[DEBUG] 

[DEBUG] [2026-10-07 23:12:01] [DISC] Recv Failed 1 from user 95502
[DEBUG] 

[DEBUG] [2026-10-07 23:12:01] [DISC] Recv Failed 1 from user 122041
[DEBUG] 

[DEBUG] [2026-10-07 23:12:01] [DISC] Recv Failed 1 from user 122368
[DEBUG] 

[DEBUG] [2026-10-07 23:12:01] [DISC] Recv Failed 1 from user 128554
[DEBUG] 

[DEBUG] [2026-10-07 23:12:01] [DISC] Recv Failed 1 from user 13610
[DEBUG] 

[DEBUG] [2026-10-07 23:12:01] [DISC] Recv Failed 1 from user 95502
[DEBUG] 

[DEBUG] [2026-10-07 23:12:01] [DISC] Recv Failed 1 from user 122041
[DEBUG] 

[DEBUG] [2026-10-07 23:12:01] [DISC] Recv Failed 1 from user 122368
[DEBUG] 

[DEBUG] [2026-10-07 23:12:01] [DISC] Recv Failed 1 from user 128554
[DEBUG] 

[DEBUG] [2026-10-07 23:12:01] [DISC] Recv Failed 1 from user 13610
[DEBUG] 

[DEBUG] [2026-10-07 23:12:01] [DISC] Recv Failed 1 from user 95502
[DEBUG] 

[DEBUG] [2026-10-07 23:12:01] [DISC] Recv Failed 1 from user 122041
[DEBUG] 

[DEBUG] [2026-10-07 23:12:01] [DISC] Recv Failed 1 from user 122368
[DEBUG] 

[DEBUG] [2026-10-07 23:12:01] [DISC] Recv Failed 1 from user 128554
[DEBUG] 

[DEBUG] [2026-10-07 23:12:01] [DISC] Recv Failed 1 from user 13610
[DEBUG] 

[DEBUG] [2026-10-07 23:12:01] [DISC] Recv Failed 1 from user 95502
[DEBUG] 

[DEBUG] [2026-10-07 23:12:01] [DISC] Recv Failed 1 from user 122041
[DEBUG] 

[DEBUG] [2026-10-07 23:12:01] [DISC] Recv Failed 1 from user 122368
[DEBUG] 

[DEBUG] [2026-10-07 23:12:01] [DISC] Recv Failed 1 from user 128554
[DEBUG] 

[DEBUG] [2026-10-07 23:12:01] [DISC] Recv Failed 1 from user 13610
[DEBUG] 

[DEBUG] [2026-10-07 23:12:01] [DISC] Recv Failed 1 from user 95502
[DEBUG] 

[DEBUG] [2026-10-07 23:12:01] [DISC] Recv Failed 1 from user 122041
[DEBUG] 

[DEBUG] [2026-10-07 23:12:01] [DISC] Recv Failed 1 from user 122368
[DEBUG] 

[DEBUG] [2026-10-07 23:12:01] [DISC] Recv Failed 1 from user 128554
[DEBUG] 

[DEBUG] [2026-10-07 23:12:01] [DISC] Recv Failed 1 from user 13610
[DEBUG] 

[DEBUG] [2026-10-07 23:12:01] [DISC] Recv Failed 1 from user 95502
[DEBUG] 

[DEBUG] [2026-10-07 23:12:01] [DISC] Recv Failed 1 from user 122041
[DEBUG] 

[DEBUG] [2026-10-07 23:12:01] [DISC] Recv Failed 1 from user 122368
[DEBUG] 

[DEBUG] [2026-10-07 23:12:01] [DISC] Recv Failed 1 from user 128554
[DEBUG] 

[DEBUG] [2026-10-07 23:12:01] [DISC] Recv Failed 1 from user 13610
[DEBUG] 

[DEBUG] [2026-10-07 23:12:01] [DISC] Recv Failed 1 from user 95502
[DEBUG] 

[DEBUG] [2026-10-07 23:12:01] [DISC] Recv Failed 1 from user 122041
[DEBUG] 

[DEBUG] [2026-10-07 23:12:01] [DISC] Recv Failed 1 from user 122368
[DEBUG] 

[DEBUG] [2026-10-07 23:12:01] [DISC] Recv Failed 1 from user 128554
[DEBUG] 

[DEBUG] [2026-10-07 23:12:01] [DISC] Recv Failed 1 from user 13610
[DEBUG] 

[DEBUG] [2026-10-07 23:12:01] [DISC] Recv Failed 1 from user 95502
[DEBUG] 

[DEBUG] [2026-10-07 23:12:01] [DISC] Recv Failed 1 from user 122041
[DEBUG] 

[DEBUG] [2026-10-07 23:12:01] [DISC] Recv Failed 1 from user 122368
[DEBUG] 

[DEBUG] [2026-10-07 23:12:01] [DISC] Recv Failed 1 from user 128554
[DEBUG] 

[DEBUG] [2026-10-07 23:12:01] [DISC] Recv Failed 1 from user 13610
[DEBUG] 

[DEBUG] [2026-10-07 23:12:01] [DISC] Recv Failed 1 from user 95502
[DEBUG] 

[DEBUG] [2026-10-07 23:12:01] [DISC] Recv Failed 1 from user 122041
[DEBUG] 

[DEBUG] [2026-10-07 23:12:01] [DISC] Recv Failed 1 from user 122368
[DEBUG] 

[DEBUG] [2026-10-07 23:12:01] [DISC] Recv Failed 1 from user 128554
[DEBUG] 

[DEBUG] [2026-10-07 23:12:01] [DISC] Recv Failed 1 from user 13610
[DEBUG] 

[DEBUG] [2026-10-07 23:12:01] [DISC] Recv Failed 1 from user 95502
[DEBUG] 

[DEBUG] [2026-10-07 23:12:01] [DISC] Recv Failed 1 from user 122041
[DEBUG] 

[DEBUG] [2026-10-07 23:12:01] [DISC] Recv Failed 1 from user 122368
[DEBUG] 

[DEBUG] [2026-10-07 23:12:01] [DISC] Recv Failed 1 from user 128554
[DEBUG] 

[DEBUG] [2026-10-07 23:12:01] [DISC] Recv Failed 1 from user 13610
[DEBUG] 

[DEBUG] [2026-10-07 23:12:01] [DISC] Recv Failed 1 from user 95502
[DEBUG] 

[DEBUG] [2026-10-07 23:12:01] [DISC] Recv Failed 1 from user 122041
[DEBUG] 

[DEBUG] [2026-10-07 23:12:01] [DISC] Recv Failed 1 from user 122368
[DEBUG] 

[DEBUG] [2026-10-07 23:12:01] [DISC] Recv Failed 1 from user 128554
[DEBUG] 

[DEBUG] [2026-10-07 23:12:01] [DISC] Recv Failed 1 from user 13610
[DEBUG] 

[DEBUG] [2026-10-07 23:12:01] [DISC] Recv Failed 1 from user 95502
[DEBUG] 

[DEBUG] [2026-10-07 23:12:01] [DISC] Recv Failed 1 from user 122041
[DEBUG] 

[DEBUG] [2026-10-07 23:12:01] [DISC] Recv Failed 1 from user 122368
[DEBUG] 

[DEBUG] [2026-10-07 23:12:01] [DISC] Recv Failed 1 from user 128554
[DEBUG] 

[DEBUG] [2026-10-07 23:12:01] [DISC] Recv Failed 1 from user 13610
[DEBUG] 

[DEBUG] [2026-10-07 23:12:01] [DISC] Recv Failed 1 from user 95502
[DEBUG] 

[DEBUG] [2026-10-07 23:12:01] [DISC] Recv Failed 1 from user 122041
[DEBUG] 

[DEBUG] [2026-10-07 23:12:01] [DISC] Recv Failed 1 from user 122368
[DEBUG] 

[DEBUG] [2026-10-07 23:12:01] [DISC] Recv Failed 1 from user 128554
[DEBUG] 

[DEBUG] [2026-10-07 23:12:01] [DISC] Recv Failed 1 from user 13610
[DEBUG] 

[DEBUG] [2026-10-07 23:12:01] [DISC] Recv Failed 1 from user 95502
[DEBUG] 

[DEBUG] [2026-10-07 23:12:01] [DISC] Recv Failed 1 from user 122041
[DEBUG] 

[DEBUG] [2026-10-07 23:12:01] [DISC] Recv Failed 1 from user 122368
[DEBUG] 

[DEBUG] [2026-10-07 23:12:01] [DISC] Recv Failed 1 from user 128554
[DEBUG] 

[DEBUG] [2026-10-07 23:12:01] [DISC] Recv Failed 1 from user 13610
[DEBUG] 

[DEBUG] [2026-10-07 23:12:01] [DISC] Recv Failed 1 from user 95502
[DEBUG] 

[DEBUG] [2026-10-07 23:12:01] [DISC] Recv Failed 1 from user 122041
[DEBUG] 

[DEBUG] [2026-10-07 23:12:01] [DISC] Recv Failed 1 from user 122368
[DEBUG] 

[DEBUG] [2026-10-07 23:12:01] [DISC] Recv Failed 1 from user 128554
[DEBUG] 

[DEBUG] [2026-10-07 23:12:01] [DISC] Recv Failed 1 from user 13610
[DEBUG] 

[DEBUG] [2026-10-07 23:12:01] [DISC] Recv Failed 1 from user 95502
[DEBUG] 

[DEBUG] [2026-10-07 23:12:01] [DISC] Recv Failed 1 from user 122041
[DEBUG] 

[DEBUG] [2026-10-07 23:12:01] [DISC] Recv Failed 1 from user 122368
[DEBUG] 

[DEBUG] [2026-10-07 23:12:01] [DISC] Recv Failed 1 from user 128554
[DEBUG] 

[DEBUG] [2026-10-07 23:12:01] [DISC] Recv Failed 1 from user 13610
[DEBUG] 

[DEBUG] [2026-10-07 23:12:01] [DISC] Recv Failed 1 from user 95502
[DEBUG] 

[DEBUG] [2026-10-07 23:12:01] [DISC] Recv Failed 1 from user 122041
[DEBUG] 

[DEBUG] [2026-10-07 23:12:01] [DISC] Recv Failed 1 from user 122368
[DEBUG] 

[DEBUG] [2026-10-07 23:12:01] [DISC] Recv Failed 1 from user 128554
[DEBUG] 

[DEBUG] [2026-10-07 23:12:01] [DISC] Recv Failed 1 from user 13610
[DEBUG] 

[DEBUG] [2026-10-07 23:12:01] [DISC] Recv Failed 1 from user 95502
[DEBUG] 

[DEBUG] [2026-10-07 23:12:01] [DISC] Recv Failed 1 from user 122041
[DEBUG] 

[DEBUG] [2026-10-07 23:12:01] [DISC] Recv Failed 1 from user 122368
[DEBUG] 

[DEBUG] [2026-10-07 23:12:01] [DISC] Recv Failed 1 from user 128554
[DEBUG] 

[DEBUG] [2026-10-07 23:12:01] [DISC] Recv Failed 1 from user 13610
[DEBUG] 

[DEBUG] [2026-10-07 23:12:01] [DISC] Recv Failed 1 from user 95502
[DEBUG] 

[DEBUG] [2026-10-07 23:12:01] [DISC] Recv Failed 1 from user 122041
[DEBUG] 

[DEBUG] [2026-10-07 23:12:01] [DISC] Recv Failed 1 from user 122368
[DEBUG] 

[DEBUG] [2026-10-07 23:12:01] [DISC] Recv Failed 1 from user 128554
[DEBUG] 

[DEBUG] [2026-10-07 23:12:01] [DISC] Recv Failed 1 from user 13610
[DEBUG] 

[DEBUG] [2026-10-07 23:12:01] [DISC] Recv Failed 1 from user 95502
[DEBUG] 

[DEBUG] [2026-10-07 23:12:01] [DISC] Recv Failed 1 from user 122041
[DEBUG] 

[DEBUG] [2026-10-07 23:12:01] [DISC] Recv Failed 1 from user 122368
[DEBUG] 

[DEBUG] [2026-10-07 23:12:01] [DISC] Recv Failed 1 from user 128554
[DEBUG] 

[DEBUG] [2026-10-07 23:12:01] [DISC] Recv Failed 1 from user 13610
[DEBUG] 

[DEBUG] [2026-10-07 23:12:01] [DISC] Recv Failed 1 from user 95502
[DEBUG] 

[DEBUG] [2026-10-07 23:12:01] [DISC] Recv Failed 1 from user 122041
[DEBUG] 

[DEBUG] [2026-10-07 23:12:01] [DISC] Recv Failed 1 from user 122368
[DEBUG] 

[DEBUG] [2026-10-07 23:12:01] [DISC] Recv Failed 1 from user 128554
[DEBUG] 

[DEBUG] [2026-10-07 23:12:01] [DISC] Recv Failed 1 from user 13610
[DEBUG] 

[DEBUG] [2026-10-07 23:12:01] [DISC] Recv Failed 1 from user 95502
[DEBUG] 

[DEBUG] [2026-10-07 23:12:01] [DISC] Recv Failed 1 from user 122041
[DEBUG] 

[DEBUG] [2026-10-07 23:12:01] [DISC] Recv Failed 1 from user 122368
[DEBUG] 

[DEBUG] [2026-10-07 23:12:01] [DISC] Recv Failed 1 from user 128554
[DEBUG] 

[DEBUG] [2026-10-07 23:12:01] [DISC] Recv Failed 1 from user 13610
[DEBUG] 

[DEBUG] [2026-10-07 23:12:01] [DISC] Recv Failed 1 from user 95502
[DEBUG] 

[DEBUG] [2026-10-07 23:12:01] [DISC] Recv Failed 1 from user 122041
[DEBUG] 

[DEBUG] [2026-10-07 23:12:01] [DISC] Recv Failed 1 from user 122368
[DEBUG] 

[DEBUG] [2026-10-07 23:12:01] [DISC] Recv Failed 1 from user 128554
[DEBUG] 

[DEBUG] [2026-10-07 23:12:01] [DISC] Recv Failed 1 from user 13610
[DEBUG] 

[DEBUG] [2026-10-07 23:12:01] [DISC] Recv Failed 1 from user 95502
[DEBUG] 

[DEBUG] [2026-10-07 23:12:01] [DISC] Recv Failed 1 from user 122041
[DEBUG] 

[DEBUG] [2026-10-07 23:12:01] [DISC] Recv Failed 1 from user 122368
[DEBUG] 

[DEBUG] [2026-10-07 23:12:01] [DISC] Recv Failed 1 from user 128554
[DEBUG] 

[DEBUG] [2026-10-07 23:12:01] [DISC] Recv Failed 1 from user 13610
[DEBUG] 

[DEBUG] [2026-10-07 23:12:01] [DISC] Recv Failed 1 from user 95502
[DEBUG] 

[DEBUG] [2026-10-07 23:12:01] [DISC] Recv Failed 1 from user 122041
[DEBUG] 

[DEBUG] [2026-10-07 23:12:01] [DISC] Recv Failed 1 from user 122368
[DEBUG] 

[DEBUG] [2026-10-07 23:12:01] [DISC] Recv Failed 1 from user 128554
[DEBUG] 

[DEBUG] [2026-10-07 23:12:01] [0x17f5cc0c0|https://api.playgenerals.online/env/prod/contract/1/Lobby/67791|Verb 0] Transfer is complete: 0 bytes total! Curl result is 28
[DEBUG] 

[DEBUG] [2026-10-07 23:12:01] [0x17f5cc0c0|https://api.playgenerals.online/env/prod/contract/1/Lobby/67791|Verb 0] Response was 0 - !
[DEBUG] 

[DEBUG] [2026-10-07 23:12:01] [DISC] Recv Failed 1 from user 13610
[DEBUG] 

[DEBUG] [2026-10-07 23:12:01] [DISC] Recv Failed 1 from user 95502
[DEBUG] 

[DEBUG] [2026-10-07 23:12:01] [DISC] Recv Failed 1 from user 122041
[DEBUG] 

[DEBUG] [2026-10-07 23:12:01] [DISC] Recv Failed 1 from user 122368
[DEBUG] 

[DEBUG] [2026-10-07 23:12:01] [DISC] Recv Failed 1 from user 128554
[DEBUG] 

[DEBUG] [2026-10-07 23:12:01] [DISC] Recv Failed 1 from user 13610
[DEBUG] 

[DEBUG] [2026-10-07 23:12:01] [DISC] Recv Failed 1 from user 95502
[DEBUG] 

[DEBUG] [2026-10-07 23:12:01] [DISC] Recv Failed 1 from user 122041
[DEBUG] 

[DEBUG] [2026-10-07 23:12:01] [DISC] Recv Failed 1 from user 122368
[DEBUG] 

[DEBUG] [2026-10-07 23:12:01] [DISC] Recv Failed 1 from user 128554
[DEBUG] 

[DEBUG] [2026-10-07 23:12:01] [DISC] Recv Failed 1 from user 13610
[DEBUG] 

[DEBUG] [2026-10-07 23:12:01] [DISC] Recv Failed 1 from user 95502
[DEBUG] 

[DEBUG] [2026-10-07 23:12:01] [DISC] Recv Failed 1 from user 122041
[DEBUG] 

[DEBUG] [2026-10-07 23:12:01] [DISC] Recv Failed 1 from user 122368
[DEBUG] 

[DEBUG] [2026-10-07 23:12:01] [DISC] Recv Failed 1 from user 128554
[DEBUG] 

[DEBUG] [2026-10-07 23:12:01] [DISC] Recv Failed 1 from user 13610
[DEBUG] 

[DEBUG] [2026-10-07 23:12:01] [DISC] Recv Failed 1 from user 95502
[DEBUG] 

[DEBUG] [2026-10-07 23:12:01] [DISC] Recv Failed 1 from user 122041
[DEBUG] 

[DEBUG] [2026-10-07 23:12:01] [DISC] Recv Failed 1 from user 122368
[DEBUG] 

[DEBUG] [2026-10-07 23:12:01] [DISC] Recv Failed 1 from user 128554
[DEBUG] 

[DEBUG] [2026-10-07 23:12:01] [DISC] Recv Failed 1 from user 13610
[DEBUG] 

[DEBUG] [2026-10-07 23:12:01] [DISC] Recv Failed 1 from user 95502
[DEBUG] 

[DEBUG] [2026-10-07 23:12:01] [DISC] Recv Failed 1 from user 122041
[DEBUG] 

[DEBUG] [2026-10-07 23:12:01] [DISC] Recv Failed 1 from user 122368
[DEBUG] 

[DEBUG] [2026-10-07 23:12:01] [DISC] Recv Failed 1 from user 128554
[DEBUG] 

[DEBUG] [2026-10-07 23:12:01] [DISC] Recv Failed 1 from user 13610
[DEBUG] 

[DEBUG] [2026-10-07 23:12:01] [DISC] Recv Failed 1 from user 95502
[DEBUG] 

[DEBUG] [2026-10-07 23:12:01] [DISC] Recv Failed 1 from user 122041
[DEBUG] 

[DEBUG] [2026-10-07 23:12:01] [DISC] Recv Failed 1 from user 122368
[DEBUG] 

[DEBUG] [2026-10-07 23:12:01] [DISC] Recv Failed 1 from user 128554
[DEBUG] 

[DEBUG] [2026-10-07 23:12:01] [DISC] Recv Failed 1 from user 13610
[DEBUG] 

[DEBUG] [2026-10-07 23:12:01] [DISC] Recv Failed 1 from user 95502
[DEBUG] 

[DEBUG] [2026-10-07 23:12:01] [DISC] Recv Failed 1 from user 122041
[DEBUG] 

[DEBUG] [2026-10-07 23:12:01] [DISC] Recv Failed 1 from user 122368
[DEBUG] 

[DEBUG] [2026-10-07 23:12:01] [DISC] Recv Failed 1 from user 128554
[DEBUG] 

[DEBUG] [2026-10-07 23:12:02] [DISC] Recv Failed 1 from user 13610
[DEBUG] 

[DEBUG] [2026-10-07 23:12:02] [DISC] Recv Failed 1 from user 95502
[DEBUG] 

[DEBUG] [2026-10-07 23:12:02] [DISC] Recv Failed 1 from user 122041
[DEBUG] 

[DEBUG] [2026-10-07 23:12:02] [DISC] Recv Failed 1 from user 122368
[DEBUG] 

[DEBUG] [2026-10-07 23:12:02] [DISC] Recv Failed 1 from user 128554
[DEBUG] 

[DEBUG] [2026-10-07 23:12:02] [DISC] Recv Failed 1 from user 13610
[DEBUG] 

[DEBUG] [2026-10-07 23:12:02] [DISC] Recv Failed 1 from user 95502
[DEBUG] 

[DEBUG] [2026-10-07 23:12:02] [DISC] Recv Failed 1 from user 122041
[DEBUG] 

[DEBUG] [2026-10-07 23:12:02] [DISC] Recv Failed 1 from user 122368
[DEBUG] 

[DEBUG] [2026-10-07 23:12:02] [DISC] Recv Failed 1 from user 128554
[DEBUG] 

[DEBUG] [2026-10-07 23:12:02] [DISC] Recv Failed 1 from user 13610
[DEBUG] 

[DEBUG] [2026-10-07 23:12:02] [DISC] Recv Failed 1 from user 95502
[DEBUG] 

[DEBUG] [2026-10-07 23:12:02] [DISC] Recv Failed 1 from user 122041
[DEBUG] 

[DEBUG] [2026-10-07 23:12:02] [DISC] Recv Failed 1 from user 122368
[DEBUG] 

[DEBUG] [2026-10-07 23:12:02] [DISC] Recv Failed 1 from user 128554
[DEBUG] 

[DEBUG] [2026-10-07 23:12:02] [DISC] Recv Failed 1 from user 13610
[DEBUG] 

[DEBUG] [2026-10-07 23:12:02] [DISC] Recv Failed 1 from user 95502
[DEBUG] 

[DEBUG] [2026-10-07 23:12:02] [DISC] Recv Failed 1 from user 122041
[DEBUG] 

[DEBUG] [2026-10-07 23:12:02] [DISC] Recv Failed 1 from user 122368
[DEBUG] 

[DEBUG] [2026-10-07 23:12:02] [DISC] Recv Failed 1 from user 128554
[DEBUG] 

[DEBUG] [2026-10-07 23:12:02] [DISC] Recv Failed 1 from user 13610
[DEBUG] 

[DEBUG] [2026-10-07 23:12:02] [DISC] Recv Failed 1 from user 95502
[DEBUG] 

[DEBUG] [2026-10-07 23:12:02] [DISC] Recv Failed 1 from user 122041
[DEBUG] 

[DEBUG] [2026-10-07 23:12:02] [DISC] Recv Failed 1 from user 122368
[DEBUG] 

[DEBUG] [2026-10-07 23:12:02] [DISC] Recv Failed 1 from user 128554
[DEBUG] 

[DEBUG] [2026-10-07 23:12:02] [DISC] Recv Failed 1 from user 13610
[DEBUG] 

[DEBUG] [2026-10-07 23:12:02] [DISC] Recv Failed 1 from user 95502
[DEBUG] 

[DEBUG] [2026-10-07 23:12:02] [DISC] Recv Failed 1 from user 122041
[DEBUG] 

[DEBUG] [2026-10-07 23:12:02] [DISC] Recv Failed 1 from user 122368
[DEBUG] 

[DEBUG] [2026-10-07 23:12:02] [DISC] Recv Failed 1 from user 128554
[DEBUG] 

[DEBUG] [2026-10-07 23:12:02] [DISC] Recv Failed 1 from user 13610
[DEBUG] 

[DEBUG] [2026-10-07 23:12:02] [DISC] Recv Failed 1 from user 95502
[DEBUG] 

[DEBUG] [2026-10-07 23:12:02] [DISC] Recv Failed 1 from user 122041
[DEBUG] 

[DEBUG] [2026-10-07 23:12:02] [DISC] Recv Failed 1 from user 122368
[DEBUG] 

[DEBUG] [2026-10-07 23:12:02] [DISC] Recv Failed 1 from user 128554
[DEBUG] 

[DEBUG] [2026-10-07 23:12:02] [0x17f5f3ea0|https://api.playgenerals.online/env/prod/contract/1/ConnectionOutcome|Verb 0] Transfer is complete: 0 bytes total! Curl result is 28
[DEBUG] 

[DEBUG] [2026-10-07 23:12:02] [0x17f5f3ea0|https://api.playgenerals.online/env/prod/contract/1/ConnectionOutcome|Verb 0] Response was 0 - !
[DEBUG] 

[DEBUG] [2026-10-07 23:12:02] [DISC] Recv Failed 1 from user 13610
[DEBUG] 

[DEBUG] [2026-10-07 23:12:02] [DISC] Recv Failed 1 from user 95502
[DEBUG] 

[DEBUG] [2026-10-07 23:12:02] [DISC] Recv Failed 1 from user 122041
[DEBUG] 

[DEBUG] [2026-10-07 23:12:02] [DISC] Recv Failed 1 from user 122368
[DEBUG] 

[DEBUG] [2026-10-07 23:12:02] [DISC] Recv Failed 1 from user 128554
[DEBUG] 

[DEBUG] [2026-10-07 23:12:02] [0x17f5c78c0|https://api.playgenerals.online/env/prod/contract/1/ConnectionOutcome|Verb 0] Transfer is complete: 0 bytes total! Curl result is 28
[DEBUG] 

[DEBUG] [2026-10-07 23:12:02] [0x17f5c78c0|https://api.playgenerals.online/env/prod/contract/1/ConnectionOutcome|Verb 0] Response was 0 - !
[DEBUG] 

[DEBUG] [2026-10-07 23:12:02] [DISC] Recv Failed 1 from user 13610
[DEBUG] 

[DEBUG] [2026-10-07 23:12:02] [DISC] Recv Failed 1 from user 95502
[DEBUG] 

[DEBUG] [2026-10-07 23:12:02] [DISC] Recv Failed 1 from user 122041
[DEBUG] 

[DEBUG] [2026-10-07 23:12:02] [DISC] Recv Failed 1 from user 122368
[DEBUG] 

[DEBUG] [2026-10-07 23:12:02] [DISC] Recv Failed 1 from user 128554
[DEBUG] 

[DEBUG] [2026-10-07 23:12:02] [DISC] Recv Failed 1 from user 13610
[DEBUG] 

[DEBUG] [2026-10-07 23:12:02] [DISC] Recv Failed 1 from user 95502
[DEBUG] 

[DEBUG] [2026-10-07 23:12:02] [DISC] Recv Failed 1 from user 122041
[DEBUG] 

[DEBUG] [2026-10-07 23:12:02] [DISC] Recv Failed 1 from user 122368
[DEBUG] 

[DEBUG] [2026-10-07 23:12:02] [DISC] Recv Failed 1 from user 128554
[DEBUG] 

[DEBUG] [2026-10-07 23:12:02] [DISC] Recv Failed 1 from user 13610
[DEBUG] 

[DEBUG] [2026-10-07 23:12:02] [DISC] Recv Failed 1 from user 95502
[DEBUG] 

[DEBUG] [2026-10-07 23:12:02] [DISC] Recv Failed 1 from user 122041
[DEBUG] 

[DEBUG] [2026-10-07 23:12:02] [DISC] Recv Failed 1 from user 122368
[DEBUG] 

[DEBUG] [2026-10-07 23:12:02] [DISC] Recv Failed 1 from user 128554
[DEBUG] 

[DEBUG] [2026-10-07 23:12:02] [DISC] Recv Failed 1 from user 13610
[DEBUG] 

[DEBUG] [2026-10-07 23:12:02] [DISC] Recv Failed 1 from user 95502
[DEBUG] 

[DEBUG] [2026-10-07 23:12:02] [DISC] Recv Failed 1 from user 122041
[DEBUG] 

[DEBUG] [2026-10-07 23:12:02] [DISC] Recv Failed 1 from user 122368
[DEBUG] 

[DEBUG] [2026-10-07 23:12:02] [DISC] Recv Failed 1 from user 128554
[DEBUG] 

[DEBUG] [2026-10-07 23:12:02] [DISC] Recv Failed 1 from user 13610
[DEBUG] 

[DEBUG] [2026-10-07 23:12:02] [DISC] Recv Failed 1 from user 95502
[DEBUG] 

[DEBUG] [2026-10-07 23:12:02] [DISC] Recv Failed 1 from user 122041
[DEBUG] 

[DEBUG] [2026-10-07 23:12:02] [DISC] Recv Failed 1 from user 122368
[DEBUG] 

[DEBUG] [2026-10-07 23:12:02] [DISC] Recv Failed 1 from user 128554
[DEBUG] 

[DEBUG] [2026-10-07 23:12:02] [DISC] Recv Failed 1 from user 13610
[DEBUG] 

[DEBUG] [2026-10-07 23:12:02] [DISC] Recv Failed 1 from user 95502
[DEBUG] 

[DEBUG] [2026-10-07 23:12:02] [DISC] Recv Failed 1 from user 122041
[DEBUG] 

[DEBUG] [2026-10-07 23:12:02] [DISC] Recv Failed 1 from user 122368
[DEBUG] 

[DEBUG] [2026-10-07 23:12:02] [DISC] Recv Failed 1 from user 128554
[DEBUG] 

[DEBUG] [2026-10-07 23:12:02] [DISC] Recv Failed 1 from user 13610
[DEBUG] 

[DEBUG] [2026-10-07 23:12:02] [DISC] Recv Failed 1 from user 95502
[DEBUG] 

[DEBUG] [2026-10-07 23:12:02] [DISC] Recv Failed 1 from user 122041
[DEBUG] 

[DEBUG] [2026-10-07 23:12:02] [DISC] Recv Failed 1 from user 122368
[DEBUG] 

[DEBUG] [2026-10-07 23:12:02] [DISC] Recv Failed 1 from user 128554
[DEBUG] 

[DEBUG] [2026-10-07 23:12:02] [DISC] Recv Failed 1 from user 13610
[DEBUG] 

[DEBUG] [2026-10-07 23:12:02] [DISC] Recv Failed 1 from user 95502
[DEBUG] 

[DEBUG] [2026-10-07 23:12:02] [DISC] Recv Failed 1 from user 122041
[DEBUG] 

[DEBUG] [2026-10-07 23:12:02] [DISC] Recv Failed 1 from user 122368
[DEBUG] 

[DEBUG] [2026-10-07 23:12:02] [DISC] Recv Failed 1 from user 128554
[DEBUG] 

[DEBUG] [2026-10-07 23:12:02] [DISC] Recv Failed 1 from user 13610
[DEBUG] 

[DEBUG] [2026-10-07 23:12:02] [DISC] Recv Failed 1 from user 95502
[DEBUG] 

[DEBUG] [2026-10-07 23:12:02] [DISC] Recv Failed 1 from user 122041
[DEBUG] 

[DEBUG] [2026-10-07 23:12:02] [DISC] Recv Failed 1 from user 122368
[DEBUG] 

[DEBUG] [2026-10-07 23:12:02] [DISC] Recv Failed 1 from user 128554
[DEBUG] 

[DEBUG] [2026-10-07 23:12:02] [DISC] Recv Failed 1 from user 13610
[DEBUG] 

[DEBUG] [2026-10-07 23:12:02] [DISC] Recv Failed 1 from user 95502
[DEBUG] 

[DEBUG] [2026-10-07 23:12:02] [DISC] Recv Failed 1 from user 122041
[DEBUG] 

[DEBUG] [2026-10-07 23:12:02] [DISC] Recv Failed 1 from user 122368
[DEBUG] 

[DEBUG] [2026-10-07 23:12:02] [DISC] Recv Failed 1 from user 128554
[DEBUG] 

[DEBUG] [2026-10-07 23:12:02] [DISC] Recv Failed 1 from user 13610
[DEBUG] 

[DEBUG] [2026-10-07 23:12:02] [DISC] Recv Failed 1 from user 95502
[DEBUG] 

[DEBUG] [2026-10-07 23:12:02] [DISC] Recv Failed 1 from user 122041
[DEBUG] 

[DEBUG] [2026-10-07 23:12:02] [DISC] Recv Failed 1 from user 122368
[DEBUG] 

[DEBUG] [2026-10-07 23:12:02] [DISC] Recv Failed 1 from user 128554
[DEBUG] 

[DEBUG] [2026-10-07 23:12:02] [DISC] Recv Failed 1 from user 13610
[DEBUG] 

[DEBUG] [2026-10-07 23:12:02] [DISC] Recv Failed 1 from user 95502
[DEBUG] 

[DEBUG] [2026-10-07 23:12:02] [DISC] Recv Failed 1 from user 122041
[DEBUG] 

[DEBUG] [2026-10-07 23:12:02] [DISC] Recv Failed 1 from user 122368
[DEBUG] 

[DEBUG] [2026-10-07 23:12:02] [DISC] Recv Failed 1 from user 128554
[DEBUG] 

[DEBUG] [2026-10-07 23:12:02] [DISC] Recv Failed 1 from user 13610
[DEBUG] 

[DEBUG] [2026-10-07 23:12:02] [DISC] Recv Failed 1 from user 95502
[DEBUG] 

[DEBUG] [2026-10-07 23:12:02] [DISC] Recv Failed 1 from user 122041
[DEBUG] 

[DEBUG] [2026-10-07 23:12:02] [DISC] Recv Failed 1 from user 122368
[DEBUG] 

[DEBUG] [2026-10-07 23:12:02] [DISC] Recv Failed 1 from user 128554
[DEBUG] 

[DEBUG] [2026-10-07 23:12:02] [DISC] Recv Failed 1 from user 13610
[DEBUG] 

[DEBUG] [2026-10-07 23:12:02] [DISC] Recv Failed 1 from user 95502
[DEBUG] 

[DEBUG] [2026-10-07 23:12:02] [DISC] Recv Failed 1 from user 122041
[DEBUG] 

[DEBUG] [2026-10-07 23:12:02] [DISC] Recv Failed 1 from user 122368
[DEBUG] 

[DEBUG] [2026-10-07 23:12:02] [DISC] Recv Failed 1 from user 128554
[DEBUG] 

[DEBUG] [2026-10-07 23:12:02] [DISC] Recv Failed 1 from user 13610
[DEBUG] 

[DEBUG] [2026-10-07 23:12:02] [DISC] Recv Failed 1 from user 95502
[DEBUG] 

[DEBUG] [2026-10-07 23:12:02] [DISC] Recv Failed 1 from user 122041
[DEBUG] 

[DEBUG] [2026-10-07 23:12:02] [DISC] Recv Failed 1 from user 122368
[DEBUG] 

[DEBUG] [2026-10-07 23:12:02] [DISC] Recv Failed 1 from user 128554
[DEBUG] 

[DEBUG] [2026-10-07 23:12:02] [DISC] Recv Failed 1 from user 13610
[DEBUG] 

[DEBUG] [2026-10-07 23:12:02] [DISC] Recv Failed 1 from user 95502
[DEBUG] 

[DEBUG] [2026-10-07 23:12:02] [DISC] Recv Failed 1 from user 122041
[DEBUG] 

[DEBUG] [2026-10-07 23:12:02] [DISC] Recv Failed 1 from user 122368
[DEBUG] 

[DEBUG] [2026-10-07 23:12:02] [DISC] Recv Failed 1 from user 128554
[DEBUG] 

[DEBUG] [2026-10-07 23:12:02] [DISC] Recv Failed 1 from user 13610
[DEBUG] 

[DEBUG] [2026-10-07 23:12:02] [DISC] Recv Failed 1 from user 95502
[DEBUG] 

[DEBUG] [2026-10-07 23:12:02] [DISC] Recv Failed 1 from user 122041
[DEBUG] 

[DEBUG] [2026-10-07 23:12:02] [DISC] Recv Failed 1 from user 122368
[DEBUG] 

[DEBUG] [2026-10-07 23:12:02] [DISC] Recv Failed 1 from user 128554
[DEBUG] 

[DEBUG] [2026-10-07 23:12:02] [DISC] Recv Failed 1 from user 13610
[DEBUG] 

[DEBUG] [2026-10-07 23:12:02] [DISC] Recv Failed 1 from user 95502
[DEBUG] 

[DEBUG] [2026-10-07 23:12:02] [DISC] Recv Failed 1 from user 122041
[DEBUG] 

[DEBUG] [2026-10-07 23:12:02] [DISC] Recv Failed 1 from user 122368
[DEBUG] 

[DEBUG] [2026-10-07 23:12:02] [DISC] Recv Failed 1 from user 128554
[DEBUG] 

[DEBUG] [2026-10-07 23:12:02] [DISC] Recv Failed 1 from user 13610
[DEBUG] 

[DEBUG] [2026-10-07 23:12:02] [DISC] Recv Failed 1 from user 95502
[DEBUG] 

[DEBUG] [2026-10-07 23:12:02] [DISC] Recv Failed 1 from user 122041
[DEBUG] 

[DEBUG] [2026-10-07 23:12:02] [DISC] Recv Failed 1 from user 122368
[DEBUG] 

[DEBUG] [2026-10-07 23:12:02] [DISC] Recv Failed 1 from user 128554
[DEBUG] 

[DEBUG] [2026-10-07 23:12:02] [DISC] Recv Failed 1 from user 13610
[DEBUG] 

[DEBUG] [2026-10-07 23:12:02] [DISC] Recv Failed 1 from user 95502
[DEBUG] 

[DEBUG] [2026-10-07 23:12:02] [DISC] Recv Failed 1 from user 122041
[DEBUG] 

[DEBUG] [2026-10-07 23:12:02] [DISC] Recv Failed 1 from user 122368
[DEBUG] 

[DEBUG] [2026-10-07 23:12:02] [DISC] Recv Failed 1 from user 128554
[DEBUG] 

[DEBUG] [2026-10-07 23:12:02] [DISC] Recv Failed 1 from user 13610
[DEBUG] 

[DEBUG] [2026-10-07 23:12:02] [DISC] Recv Failed 1 from user 95502
[DEBUG] 

[DEBUG] [2026-10-07 23:12:02] [DISC] Recv Failed 1 from user 122041
[DEBUG] 

[DEBUG] [2026-10-07 23:12:02] [DISC] Recv Failed 1 from user 122368
[DEBUG] 

[DEBUG] [2026-10-07 23:12:02] [DISC] Recv Failed 1 from user 128554
[DEBUG] 

[DEBUG] [2026-10-07 23:12:02] [DISC] Recv Failed 1 from user 13610
[DEBUG] 

[DEBUG] [2026-10-07 23:12:02] [DISC] Recv Failed 1 from user 95502
[DEBUG] 

[DEBUG] [2026-10-07 23:12:02] [DISC] Recv Failed 1 from user 122041
[DEBUG] 

[DEBUG] [2026-10-07 23:12:02] [DISC] Recv Failed 1 from user 122368
[DEBUG] 

[DEBUG] [2026-10-07 23:12:02] [DISC] Recv Failed 1 from user 128554
[DEBUG] 

[DEBUG] [2026-10-07 23:12:02] [DISC] Recv Failed 1 from user 13610
[DEBUG] 

[DEBUG] [2026-10-07 23:12:02] [DISC] Recv Failed 1 from user 95502
[DEBUG] 

[DEBUG] [2026-10-07 23:12:02] [DISC] Recv Failed 1 from user 122041
[DEBUG] 

[DEBUG] [2026-10-07 23:12:02] [DISC] Recv Failed 1 from user 122368
[DEBUG] 

[DEBUG] [2026-10-07 23:12:02] [DISC] Recv Failed 1 from user 128554
[DEBUG] 

[DEBUG] [2026-10-07 23:12:02] [DISC] Recv Failed 1 from user 13610
[DEBUG] 

[DEBUG] [2026-10-07 23:12:02] [DISC] Recv Failed 1 from user 95502
[DEBUG] 

[DEBUG] [2026-10-07 23:12:02] [DISC] Recv Failed 1 from user 122041
[DEBUG] 

[DEBUG] [2026-10-07 23:12:02] [DISC] Recv Failed 1 from user 122368
[DEBUG] 

[DEBUG] [2026-10-07 23:12:02] [DISC] Recv Failed 1 from user 128554
[DEBUG] 

[DEBUG] [2026-10-07 23:12:03] [DISC] Recv Failed 1 from user 13610
[DEBUG] 

[DEBUG] [2026-10-07 23:12:03] [DISC] Recv Failed 1 from user 95502
[DEBUG] 

[DEBUG] [2026-10-07 23:12:03] [DISC] Recv Failed 1 from user 122041
[DEBUG] 

[DEBUG] [2026-10-07 23:12:03] [DISC] Recv Failed 1 from user 122368
[DEBUG] 

[DEBUG] [2026-10-07 23:12:03] [DISC] Recv Failed 1 from user 128554
[DEBUG] 

[DEBUG] [2026-10-07 23:12:03] [DISC] Recv Failed 1 from user 13610
[DEBUG] 

[DEBUG] [2026-10-07 23:12:03] [DISC] Recv Failed 1 from user 95502
[DEBUG] 

[DEBUG] [2026-10-07 23:12:03] [DISC] Recv Failed 1 from user 122041
[DEBUG] 

[DEBUG] [2026-10-07 23:12:03] [DISC] Recv Failed 1 from user 122368
[DEBUG] 

[DEBUG] [2026-10-07 23:12:03] [DISC] Recv Failed 1 from user 128554
[DEBUG] 

[DEBUG] [2026-10-07 23:12:03] [DISC] Recv Failed 1 from user 13610
[DEBUG] 

[DEBUG] [2026-10-07 23:12:03] [DISC] Recv Failed 1 from user 95502
[DEBUG] 

[DEBUG] [2026-10-07 23:12:03] [DISC] Recv Failed 1 from user 122041
[DEBUG] 

[DEBUG] [2026-10-07 23:12:03] [DISC] Recv Failed 1 from user 122368
[DEBUG] 

[DEBUG] [2026-10-07 23:12:03] [DISC] Recv Failed 1 from user 128554
[DEBUG] 

[DEBUG] [2026-10-07 23:12:03] [DISC] Recv Failed 1 from user 13610
[DEBUG] 

[DEBUG] [2026-10-07 23:12:03] [DISC] Recv Failed 1 from user 95502
[DEBUG] 

[DEBUG] [2026-10-07 23:12:03] [DISC] Recv Failed 1 from user 122041
[DEBUG] 

[DEBUG] [2026-10-07 23:12:03] [DISC] Recv Failed 1 from user 122368
[DEBUG] 

[DEBUG] [2026-10-07 23:12:03] [DISC] Recv Failed 1 from user 128554
[DEBUG] 

[DEBUG] [2026-10-07 23:12:03] [DISC] Recv Failed 1 from user 13610
[DEBUG] 

[DEBUG] [2026-10-07 23:12:03] [DISC] Recv Failed 1 from user 95502
[DEBUG] 

[DEBUG] [2026-10-07 23:12:03] [DISC] Recv Failed 1 from user 122041
[DEBUG] 

[DEBUG] [2026-10-07 23:12:03] [DISC] Recv Failed 1 from user 122368
[DEBUG] 

[DEBUG] [2026-10-07 23:12:03] [DISC] Recv Failed 1 from user 128554
[DEBUG] 

[DEBUG] [2026-10-07 23:12:03] [DISC] Recv Failed 1 from user 13610
[DEBUG] 

[DEBUG] [2026-10-07 23:12:03] [DISC] Recv Failed 1 from user 95502
[DEBUG] 

[DEBUG] [2026-10-07 23:12:03] [DISC] Recv Failed 1 from user 122041
[DEBUG] 

[DEBUG] [2026-10-07 23:12:03] [DISC] Recv Failed 1 from user 122368
[DEBUG] 

[DEBUG] [2026-10-07 23:12:03] [DISC] Recv Failed 1 from user 128554
[DEBUG] 

[DEBUG] [2026-10-07 23:12:03] [DISC] Recv Failed 1 from user 13610
[DEBUG] 

[DEBUG] [2026-10-07 23:12:03] [DISC] Recv Failed 1 from user 95502
[DEBUG] 

[DEBUG] [2026-10-07 23:12:03] [DISC] Recv Failed 1 from user 122041
[DEBUG] 

[DEBUG] [2026-10-07 23:12:03] [DISC] Recv Failed 1 from user 122368
[DEBUG] 

[DEBUG] [2026-10-07 23:12:03] [DISC] Recv Failed 1 from user 128554
[DEBUG] 

[DEBUG] [2026-10-07 23:12:03] [DISC] Recv Failed 1 from user 13610
[DEBUG] 

[DEBUG] [2026-10-07 23:12:03] [DISC] Recv Failed 1 from user 95502
[DEBUG] 

[DEBUG] [2026-10-07 23:12:03] [DISC] Recv Failed 1 from user 122041
[DEBUG] 

[DEBUG] [2026-10-07 23:12:03] [DISC] Recv Failed 1 from user 122368
[DEBUG] 

[DEBUG] [2026-10-07 23:12:03] [DISC] Recv Failed 1 from user 128554
[DEBUG] 

[DEBUG] [2026-10-07 23:12:03] [DISC] Recv Failed 1 from user 13610
[DEBUG] 

[DEBUG] [2026-10-07 23:12:03] [DISC] Recv Failed 1 from user 95502
[DEBUG] 

[DEBUG] [2026-10-07 23:12:03] [DISC] Recv Failed 1 from user 122041
[DEBUG] 

[DEBUG] [2026-10-07 23:12:03] [DISC] Recv Failed 1 from user 122368
[DEBUG] 

[DEBUG] [2026-10-07 23:12:03] [DISC] Recv Failed 1 from user 128554
[DEBUG] 

[DEBUG] [2026-10-07 23:12:03] [DISC] Recv Failed 1 from user 13610
[DEBUG] 

[DEBUG] [2026-10-07 23:12:03] [DISC] Recv Failed 1 from user 95502
[DEBUG] 

[DEBUG] [2026-10-07 23:12:03] [DISC] Recv Failed 1 from user 122041
[DEBUG] 

[DEBUG] [2026-10-07 23:12:03] [DISC] Recv Failed 1 from user 122368
[DEBUG] 

[DEBUG] [2026-10-07 23:12:03] [DISC] Recv Failed 1 from user 128554
[DEBUG] 

[DEBUG] [2026-10-07 23:12:03] [DISC] Recv Failed 1 from user 13610
[DEBUG] 

[DEBUG] [2026-10-07 23:12:03] [DISC] Recv Failed 1 from user 95502
[DEBUG] 

[DEBUG] [2026-10-07 23:12:03] [DISC] Recv Failed 1 from user 122041
[DEBUG] 

[DEBUG] [2026-10-07 23:12:03] [DISC] Recv Failed 1 from user 122368
[DEBUG] 

[DEBUG] [2026-10-07 23:12:03] [DISC] Recv Failed 1 from user 128554
[DEBUG] 

[DEBUG] [2026-10-07 23:12:03] [DISC] Recv Failed 1 from user 13610
[DEBUG] 

[DEBUG] [2026-10-07 23:12:03] [DISC] Recv Failed 1 from user 95502
[DEBUG] 

[DEBUG] [2026-10-07 23:12:03] [DISC] Recv Failed 1 from user 122041
[DEBUG] 

[DEBUG] [2026-10-07 23:12:03] [DISC] Recv Failed 1 from user 122368
[DEBUG] 

[DEBUG] [2026-10-07 23:12:03] [DISC] Recv Failed 1 from user 128554
[DEBUG] 

[DEBUG] [2026-10-07 23:12:03] [DISC] Recv Failed 1 from user 13610
[DEBUG] 

[DEBUG] [2026-10-07 23:12:03] [DISC] Recv Failed 1 from user 95502
[DEBUG] 

[DEBUG] [2026-10-07 23:12:03] [DISC] Recv Failed 1 from user 122041
[DEBUG] 

[DEBUG] [2026-10-07 23:12:03] [DISC] Recv Failed 1 from user 122368
[DEBUG] 

[DEBUG] [2026-10-07 23:12:03] [DISC] Recv Failed 1 from user 128554
[DEBUG] 

[DEBUG] [2026-10-07 23:12:03] [DISC] Recv Failed 1 from user 13610
[DEBUG] 

[DEBUG] [2026-10-07 23:12:03] [DISC] Recv Failed 1 from user 95502
[DEBUG] 

[DEBUG] [2026-10-07 23:12:03] [DISC] Recv Failed 1 from user 122041
[DEBUG] 

[DEBUG] [2026-10-07 23:12:03] [DISC] Recv Failed 1 from user 122368
[DEBUG] 

[DEBUG] [2026-10-07 23:12:03] [DISC] Recv Failed 1 from user 128554
[DEBUG] 

[DEBUG] [2026-10-07 23:12:03] [DISC] Recv Failed 1 from user 13610
[DEBUG] 

[DEBUG] [2026-10-07 23:12:03] [DISC] Recv Failed 1 from user 95502
[DEBUG] 

[DEBUG] [2026-10-07 23:12:03] [DISC] Recv Failed 1 from user 122041
[DEBUG] 

[DEBUG] [2026-10-07 23:12:03] [DISC] Recv Failed 1 from user 122368
[DEBUG] 

[DEBUG] [2026-10-07 23:12:03] [DISC] Recv Failed 1 from user 128554
[DEBUG] 

[DEBUG] [2026-10-07 23:12:03] [DISC] Recv Failed 1 from user 13610
[DEBUG] 

[DEBUG] [2026-10-07 23:12:03] [DISC] Recv Failed 1 from user 95502
[DEBUG] 

[DEBUG] [2026-10-07 23:12:03] [DISC] Recv Failed 1 from user 122041
[DEBUG] 

[DEBUG] [2026-10-07 23:12:03] [DISC] Recv Failed 1 from user 122368
[DEBUG] 

[DEBUG] [2026-10-07 23:12:03] [DISC] Recv Failed 1 from user 128554
[DEBUG] 

[DEBUG] [2026-10-07 23:12:03] [DISC] Recv Failed 1 from user 13610
[DEBUG] 

[DEBUG] [2026-10-07 23:12:03] [DISC] Recv Failed 1 from user 95502
[DEBUG] 

[DEBUG] [2026-10-07 23:12:03] [DISC] Recv Failed 1 from user 122041
[DEBUG] 

[DEBUG] [2026-10-07 23:12:03] [DISC] Recv Failed 1 from user 122368
[DEBUG] 

[DEBUG] [2026-10-07 23:12:03] [DISC] Recv Failed 1 from user 128554
[DEBUG] 

[DEBUG] [2026-10-07 23:12:03] [DISC] Recv Failed 1 from user 13610
[DEBUG] 

[DEBUG] [2026-10-07 23:12:03] [DISC] Recv Failed 1 from user 95502
[DEBUG] 

[DEBUG] [2026-10-07 23:12:03] [DISC] Recv Failed 1 from user 122041
[DEBUG] 

[DEBUG] [2026-10-07 23:12:03] [DISC] Recv Failed 1 from user 122368
[DEBUG] 

[DEBUG] [2026-10-07 23:12:03] [DISC] Recv Failed 1 from user 128554
[DEBUG] 

[DEBUG] [2026-10-07 23:12:03] [DISC] Recv Failed 1 from user 13610
[DEBUG] 

[DEBUG] [2026-10-07 23:12:03] [DISC] Recv Failed 1 from user 95502
[DEBUG] 

[DEBUG] [2026-10-07 23:12:03] [DISC] Recv Failed 1 from user 122041
[DEBUG] 

[DEBUG] [2026-10-07 23:12:03] [DISC] Recv Failed 1 from user 122368
[DEBUG] 

[DEBUG] [2026-10-07 23:12:03] [DISC] Recv Failed 1 from user 128554
[DEBUG] 

[DEBUG] [2026-10-07 23:12:03] [STEAM NETWORKING LOGFUNC] [#392121347 P2P ICE str:42684 vport 0 'Steam Connection User42684'] closed by app (1000) Client Disconnecting Gracefully
[DEBUG] 

[DEBUG] [2026-10-07 23:12:03] [STEAM NETWORKING LOGFUNC] [#1907272017 P2P ICE str:128707 vport 0 'Steam Connection User128707'] closed by app (1000) Client Disconnecting Gracefully
[DEBUG] 

[DEBUG] [2026-10-07 23:12:03] [0x17f5d9560|https://api.playgenerals.online/env/prod/contract/1/Lobby/67791|Verb 0] Transfer is complete: 16 bytes total! Curl result is 0
[DEBUG] 

[DEBUG] [2026-10-07 23:12:03] [0x17f5d9560|https://api.playgenerals.online/env/prod/contract/1/Lobby/67791|Verb 0] Response was 200 - {"success":true}!
[DEBUG] 

DEBUG: Shell::push() called with filename='Menus/WOLCustomLobby.wnd'
DEBUG: Shell::push() marked as pending, will load 'Menus/WOLCustomLobby.wnd' next frame
DEBUG: Shell::update() - Processing pending push: 'Menus/WOLCustomLobby.wnd'
DEBUG: Shell::doPush() called with layoutFile='Menus/WOLCustomLobby.wnd'
DEBUG: About to call TheWindowManager->winCreateLayout('Menus/WOLCustomLobby.wnd')
DEBUG: winCreateLayout returned: 0x13b89e540
DEBUG: Shell::doPush() completed successfully
DEBUG: Shell::update() - Push completed
[DEBUG] [2026-10-07 23:12:04] [0x17f5f7260|https://api.playgenerals.online/env/prod/contract/1/Social/Friends|Verb 0] Transfer is complete: 36 bytes total! Curl result is 0
[DEBUG] 

[DEBUG] [2026-10-07 23:12:04] [0x17f5f7260|https://api.playgenerals.online/env/prod/contract/1/Social/Friends|Verb 0] Response was 200 - {"friends":[],"pending_requests":[]}!
[DEBUG] 

[DEBUG] [2026-10-07 23:12:04] [0x17f5f7da0|https://api.playgenerals.online/env/prod/contract/1/Rooms|Verb 0] Transfer is complete: 244 bytes total! Curl result is 0
[DEBUG] 

[DEBUG] [2026-10-07 23:12:04] [0x17f5f7da0|https://api.playgenerals.online/env/prod/contract/1/Rooms|Verb 0] Response was 200 - {"rooms":[{"id":0,"name":"All Games","parent_id":null,"flags":1},{"id":1,"name":"General","parent_id":0,"flags":0},{"id":2,"name":"Tournament","parent_id":0,"flags":0}],"supports_moderation_commands":true,"supports_room_selection_results":true}!
[DEBUG] 

[DEBUG] [2026-10-07 23:12:04] [NGMP] Repopulating network room roster using local data
[DEBUG] 

[DEBUG] [2026-10-07 23:12:04] [0x17f5f3fc0|https://api.playgenerals.online/env/prod/contract/1/PlayerStats/Batch|Verb 0] Transfer is complete: 10489 bytes total! Curl result is 0
[DEBUG] 

[DEBUG] [2026-10-07 23:12:04] [0x17f5f3fc0|https://api.playgenerals.online/env/prod/contract/1/PlayerStats/Batch|Verb 0] Response was 200 - <body omitted: 10489 bytes>!
[DEBUG] 

[DEBUG] [2026-10-07 23:12:04] [0x17f5d6ce0|https://api.playgenerals.online/env/prod/contract/1/Lobbies|Verb 0] Transfer is complete: 107096 bytes total! Curl result is 0
[DEBUG] 

[DEBUG] [2026-10-07 23:12:04] [0x17f5d6ce0|https://api.playgenerals.online/env/prod/contract/1/Lobbies|Verb 0] Response was 200 - <body omitted: 107096 bytes>!
[DEBUG] 

[DEBUG] [2026-10-07 23:12:08] [NGMP] Repopulating network room roster using local data
[DEBUG] 

[DEBUG] [2026-10-07 23:12:08] [0x17f5de780|https://api.playgenerals.online/env/prod/contract/1/Lobbies|Verb 0] Transfer is complete: 109210 bytes total! Curl result is 0
[DEBUG] 

[DEBUG] [2026-10-07 23:12:08] [0x17f5de780|https://api.playgenerals.online/env/prod/contract/1/Lobbies|Verb 0] Response was 200 - <body omitted: 109210 bytes>!
[DEBUG] 

[DEBUG] [2026-10-07 23:12:10] [0x17f5fcfc0|https://api.playgenerals.online/env/prod/contract/1/ServiceConfig|Verb 0] Transfer is complete: 840 bytes total! Curl result is 0
[DEBUG] 

[DEBUG] [2026-10-07 23:12:10] [0x17f5fcfc0|https://api.playgenerals.online/env/prod/contract/1/ServiceConfig|Verb 0] Response was 200 - {
	"retry_signalling": true,
	"use_mapped_port": true,
	"min_run_ahead_frames": 6,
	"ra_update_frequency_frames": 10,
	"relay_all_traffic": false,
	"ra_slack_percent": 30,
	"frame_grouping_frames": 2,
	"enable_host_migration": false,
	"network_do_immediate_flush_per_frame": true,
	"network_send_flags": -1,
	"network_latency_logic_model": 2,
	"use_default_config": true,
	"ra_slack_override_percent_in_default": 30,
	"do_probes": true,
	"do_replay_upload": true,
	"network_mesh_histogram_duration": 20000,
	"ibra_ra_tweaks": false,
	"ibra_minslack_default": 0.35,
	"ibra_maxslack_default": 1.0,
	"ibra_minslack_greaterthan300ms": 0.4,
	"ibra_maxslack_greaterthan300ms": 1.0,
	"ibra_minslack_greaterthan200ms": 0.4,
	"ibra_maxslack_greaterthan200ms": 1.0,
	"screenshot_width": 960,
	"screenshot_height": 600,
	"use_new_networking": false
}
!
[DEBUG] 

[DEBUG] [2026-10-07 23:12:10] [NGMP] Joining lobby with id 67901
[DEBUG] 

[DEBUG] [2026-10-07 23:12:10] NetworkMesh: iOS forcing TURN relay-only ICE (STUN disabled)
[DEBUG] 

[DEBUG] [2026-10-07 23:12:10] NetworkMesh: Apple build forcing native ICE implementation 1
[DEBUG] 

[DEBUG] [2026-10-07 23:12:10] NetworkMesh: using ICE implementation 1 (0=default, 1=native, 2=WebRTC)
[DEBUG] 

[DEBUG] [2026-10-07 23:12:10] [0x17f602780|https://api.playgenerals.online/env/prod/contract/1/Lobby/67901|Verb 0] Transfer is complete: 52 bytes total! Curl result is 0
[DEBUG] 

[DEBUG] [2026-10-07 23:12:10] [0x17f602780|https://api.playgenerals.online/env/prod/contract/1/Lobby/67901|Verb 0] Response was 406 - <redacted>!
[DEBUG] 

[DEBUG] [2026-10-07 23:12:10] [NGMP] Failed to join lobby: Lobby is full
[DEBUG] 

[DEBUG] [2026-10-07 23:12:12] [0x17f5fbb80|https://api.playgenerals.online/env/prod/contract/1/Lobbies|Verb 0] Transfer is complete: 109173 bytes total! Curl result is 0
[DEBUG] 

[DEBUG] [2026-10-07 23:12:12] [0x17f5fbb80|https://api.playgenerals.online/env/prod/contract/1/Lobbies|Verb 0] Response was 200 - <body omitted: 109173 bytes>!
[DEBUG] 

[DEBUG] [2026-10-07 23:12:13] [NGMP] Repopulating network room roster using local data
[DEBUG] 

[DEBUG] [2026-10-07 23:12:13] [0x17f5efc40|https://api.playgenerals.online/env/prod/contract/1/PlayerStats/Batch|Verb 0] Transfer is complete: 3782 bytes total! Curl result is 0
[DEBUG] 

[DEBUG] [2026-10-07 23:12:13] [0x17f5efc40|https://api.playgenerals.online/env/prod/contract/1/PlayerStats/Batch|Verb 0] Response was 200 - {"stats":[{"userID":130167,"EloRating":1000,"EloMatches":0,"MonthlyEloRating":1000,"wins":[0,0,0,0,0,0,0,0,0,0,0,0,0,0,0],"losses":[0,0,0,0,0,0,0,0,0,0,0,0,0,0,0],"games":[0,0,0,0,0,0,0,0,0,0,0,0,0,0,0],"duration":[0,0,0,0,0,0,0,0,0,0,0,0,0,0,0],"unitsKilled":[0,0,0,0,0,0,0,0,0,0,0,0,0,0,0],"unitsLost":[0,0,0,0,0,0,0,0,0,0,0,0,0,0,0],"unitsBuilt":[0,0,0,0,0,0,0,0,0,0,0,0,0,0,0],"buildingsKilled":[0,0,0,0,0,0,0,0,0,0,0,0,0,0,0],"buildingsLost":[0,0,0,0,0,0,0,0,0,0,0,0,0,0,0],"buildingsBuilt":[0,0,0,0,0,0,0,0,0,0,0,0,0,0,0],"earnings":[0,0,0,0,0,0,0,0,0,0,0,0,0,0,0],"techCaptured":[0,0,0,0,0,0,0,0,0,0,0,0,0,0,0],"discons":[0,0,0,0,0,0,0,0,0,0,0,0,0,0,0],"desyncs":[0,0,0,0,0,0,0,0,0,0,0,0,0,0,0],"surrenders":[0,0,0,0,0,0,0,0,0,0,0,0,0,0,0],"gamesOf2p":[0,0,0,0,0,0,0,0,0,0,0,0,0,0,0],"gamesOf3p":[0,0,0,0,0,0,0,0,0,0,0,0,0,0,0],"gamesOf4p":[0,0,0,0,0,0,0,0,0,0,0,0,0,0,0],"gamesOf5p":[0,0,0,0,0,0,0,0,0,0,0,0,0,0,0],"gamesOf6p":[0,0,0,0,0,0,0,0,0,0,0,0,0,0,0],"gamesOf7p":[0,0,0,0,0,0,0,0,0,0,0,0,0,0,0],"gamesOf8p":[0,0,0,0,0,0,0,0,0,0,0,0,0,0,0],"customGames":[0,0,0,0,0,0,0,0,0,0,0,0,0,0,0],"QMGames":[0,0,0,0,0,0,0,0,0,0,0,0,0,0,0],"customGamesPerGeneral":[0,0,0,0,0,0,0,0,0,0,0,0,0,0,0],"quickMatchesPerGeneral":[0,0,0,0,0,0,0,0,0,0,0,0,0,0,0],"locale":0,"gamesAsRandom":0,"options":"","systemSpec":"","lastFPS":0,"lastGeneral":0,"gamesInRowWithLastGeneral":0,"challengeMedals":0,"battleHonors":0,"QMwinsInARow":0,"maxQMwinsInARow":0,"winsInARow":0,"maxWinsInARow":0,"lossesInARow":0,"maxLossesInARow":0,"disconsInARow":0,"maxDisconsInARow":0,"desyncsInARow":0,"maxDesyncsInARow":0,"builtParticleCannon":0,"builtNuke":0,"builtSCUD":0,"lastLadderPort":0,"lastLadderHost":""},{"userID":7576,"EloRating":928,"EloMatches":8,"MonthlyEloRating":1000,"wins":[1,1,38,38,41,37,39,52,44,31,39,51,45,36,0],"losses":[1,1,24,47,31,34,31,25,36,32,28,26,37,35,0],"games":[1,1,67,86,72,71,74,80,82,67,71,79,85,78,0],"duration":[14,22,905,1379,1414,1066,1077,1119,1374,1114,1236,1315,1283,1260,0],"unitsKilled":[71,110,3918,5470,7698,3913,4324,3767,6019,4595,6859,6411,5509,5697,0],"unitsLost":[61,141,4997,5311,11220,6102,6703,4814,5303,5622,5617,9864,10291,9951,0],"unitsBuilt":[1,6,5940,8365,15981,6458,7464,6841,8345,6815,9009,15023,13715,14763,0],"buildingsKilled":[4,6,424,408,573,462,440,1134,365,450,487,581,481,454,0],"buildingsLost":[3,6,289,446,748,299,412,292,516,337,329,687,719,765,0],"buildingsBuilt":[1,2,1335,1886,3352,1558,1929,1863,1755,1510,1664,3500,3054,3498,0],"earnings":[90540,128040,4340342,7087485,11208107,4941680,6156116,5879836,8189888,6419943,7309076,9806332,8742865,9039349,0],"techCaptured":[3,2,289,504,220,288,201,162,449,464,193,378,389,290,0],"discons":[0,0,0,0,0,0,0,0,0,0,0,0,0,0,0],"desyncs":[1,1,4,2,1,1,3,1,2,1,3,1,1,0,0],"surrenders":[1,1,20,33,11,19,23,16,21,15,21,12,20,26,0],"gamesOf2p":[1,1,2,2,5,1,1,2,2,1,0,0,0,0,0],"gamesOf3p":[1,1,0,0,0,0,0,0,0,0,0,0,0,0,0],"gamesOf4p":[1,1,3,2,2,2,4,2,6,2,1,3,2,0,0],"gamesOf5p":[1,1,1,3,2,2,1,3,2,1,1,1,1,0,0],"gamesOf6p":[1,1,46,73,54,63,62,67,58,57,58,67,67,67,0],"gamesOf7p":[1,1,7,6,6,2,3,2,7,2,3,6,4,1,0],"gamesOf8p":[1,1,10,4,6,3,5,4,7,4,6,1,4,2,0],"customGames":[0,0,0,0,0,0,0,0,0,0,0,0,0,0,0],"QMGames":[0,0,0,0,0,0,0,0,0,0,0,0,0,0,0],"customGamesPerGeneral":[1,0,0,0,0,0,0,0,0,0,0,0,0,0,0],"quickMatchesPerGeneral":[1,0,0,0,0,0,0,0,0,0,0,0,0,0,0],"locale":0,"gamesAsRandom":889,"options":"","systemSpec":"","lastFPS":0,"lastGeneral":11,"gamesInRowWithLastGeneral":1,"challengeMedals":0,"battleHonors":4374914,"QMwinsInARow":0,"maxQMwinsInARow":0,"winsInARow":2,"maxWinsInARow":16,"lossesInARow":0,"maxLossesInARow":11,"disconsInARow":0,"maxDisconsInARow":2,"desyncsInARow":0,"maxDesyncsInARow":2,"builtParticleCannon":3,"builtNuke":50,"builtSCUD":21,"lastLadderPort":0,"lastLadderHost":""}]}!
[DEBUG] 

[DEBUG] [2026-10-07 23:12:16] [0x17f5ebf80|https://api.playgenerals.online/env/prod/contract/1/Lobbies|Verb 0] Transfer is complete: 118333 bytes total! Curl result is 0
[DEBUG] 

[DEBUG] [2026-10-07 23:12:16] [0x17f5ebf80|https://api.playgenerals.online/env/prod/contract/1/Lobbies|Verb 0] Response was 200 - <body omitted: 118333 bytes>!
[DEBUG] 

[DEBUG] [2026-10-07 23:12:17] [0x17f6100a0|https://api.playgenerals.online/env/prod/contract/1/ServiceConfig|Verb 0] Transfer is complete: 840 bytes total! Curl result is 0
[DEBUG] 

[DEBUG] [2026-10-07 23:12:17] [0x17f6100a0|https://api.playgenerals.online/env/prod/contract/1/ServiceConfig|Verb 0] Response was 200 - {
	"retry_signalling": true,
	"use_mapped_port": true,
	"min_run_ahead_frames": 6,
	"ra_update_frequency_frames": 10,
	"relay_all_traffic": false,
	"ra_slack_percent": 30,
	"frame_grouping_frames": 2,
	"enable_host_migration": false,
	"network_do_immediate_flush_per_frame": true,
	"network_send_flags": -1,
	"network_latency_logic_model": 2,
	"use_default_config": true,
	"ra_slack_override_percent_in_default": 30,
	"do_probes": true,
	"do_replay_upload": true,
	"network_mesh_histogram_duration": 20000,
	"ibra_ra_tweaks": false,
	"ibra_minslack_default": 0.35,
	"ibra_maxslack_default": 1.0,
	"ibra_minslack_greaterthan300ms": 0.4,
	"ibra_maxslack_greaterthan300ms": 1.0,
	"ibra_minslack_greaterthan200ms": 0.4,
	"ibra_maxslack_greaterthan200ms": 1.0,
	"screenshot_width": 960,
	"screenshot_height": 600,
	"use_new_networking": false
}
!
[DEBUG] 

[DEBUG] [2026-10-07 23:12:17] [NGMP] Joining lobby with id 67791
[DEBUG] 

[DEBUG] [2026-10-07 23:12:17] [0x17f62ff60|https://api.playgenerals.online/env/prod/contract/1/Lobby/67791|Verb 0] Transfer is complete: 52 bytes total! Curl result is 0
[DEBUG] 

[DEBUG] [2026-10-07 23:12:17] [0x17f62ff60|https://api.playgenerals.online/env/prod/contract/1/Lobby/67791|Verb 0] Response was 406 - <redacted>!
[DEBUG] 

[DEBUG] [2026-10-07 23:12:17] [NGMP] Failed to join lobby: Lobby is full
[DEBUG] 

[DEBUG] [2026-10-07 23:12:18] [NGMP] Repopulating network room roster using local data
[DEBUG] 

[DEBUG] [2026-10-07 23:12:18] [0x17f610520|https://api.playgenerals.online/env/prod/contract/1/ServiceConfig|Verb 0] Transfer is complete: 840 bytes total! Curl result is 0
[DEBUG] 

[DEBUG] [2026-10-07 23:12:18] [0x17f610520|https://api.playgenerals.online/env/prod/contract/1/ServiceConfig|Verb 0] Response was 200 - {
	"retry_signalling": true,
	"use_mapped_port": true,
	"min_run_ahead_frames": 6,
	"ra_update_frequency_frames": 10,
	"relay_all_traffic": false,
	"ra_slack_percent": 30,
	"frame_grouping_frames": 2,
	"enable_host_migration": false,
	"network_do_immediate_flush_per_frame": true,
	"network_send_flags": -1,
	"network_latency_logic_model": 2,
	"use_default_config": true,
	"ra_slack_override_percent_in_default": 30,
	"do_probes": true,
	"do_replay_upload": true,
	"network_mesh_histogram_duration": 20000,
	"ibra_ra_tweaks": false,
	"ibra_minslack_default": 0.35,
	"ibra_maxslack_default": 1.0,
	"ibra_minslack_greaterthan300ms": 0.4,
	"ibra_maxslack_greaterthan300ms": 1.0,
	"ibra_minslack_greaterthan200ms": 0.4,
	"ibra_maxslack_greaterthan200ms": 1.0,
	"screenshot_width": 960,
	"screenshot_height": 600,
	"use_new_networking": false
}
!
[DEBUG] 

[DEBUG] [2026-10-07 23:12:18] [NGMP] Joining lobby with id 67478
[DEBUG] 

[DEBUG] [2026-10-07 23:12:18] [0x17f5e1120|https://api.playgenerals.online/env/prod/contract/1/PlayerStats/Batch|Verb 0] Transfer is complete: 1857 bytes total! Curl result is 0
[DEBUG] 

[DEBUG] [2026-10-07 23:12:18] [0x17f5e1120|https://api.playgenerals.online/env/prod/contract/1/PlayerStats/Batch|Verb 0] Response was 200 - {"stats":[{"userID":126953,"EloRating":1000,"EloMatches":0,"MonthlyEloRating":1000,"wins":[1,1,2,2,1,1,2,3,2,3,2,1,0,0,0],"losses":[1,1,2,1,1,1,3,1,1,0,0,0,0,0,0],"games":[1,1,3,3,2,2,4,4,3,3,4,2,1,0,0],"duration":[4,25,49,19,21,45,37,45,26,78,38,22,29,0,0],"unitsKilled":[24,213,338,53,15,409,142,139,68,315,130,94,142,0,0],"unitsLost":[2,105,270,36,88,473,159,64,118,290,43,85,175,0,0],"unitsBuilt":[24,138,365,83,92,367,229,215,84,357,115,223,184,0,0],"buildingsKilled":[5,27,9,9,5,17,27,72,8,49,28,8,4,0,0],"buildingsLost":[12,11,6,6,6,34,23,18,11,2,6,14,0,0,0],"buildingsBuilt":[9,43,59,26,18,85,48,55,22,65,44,42,99,0,0],"earnings":[24475,181985,464380,88196,43200,548005,170372,262225,73800,445369,199335,127515,409978,0,0],"techCaptured":[9,11,4,2,1,61,12,22,7,9,6,0,0,0,0],"discons":[0,0,0,0,0,0,0,0,0,0,0,0,0,0,0],"desyncs":[0,0,0,0,0,0,0,0,0,0,0,0,0,0,0],"surrenders":[1,0,0,0,0,0,0,0,0,0,0,0,0,0,0],"gamesOf2p":[0,0,0,0,0,0,0,0,0,0,0,0,0,0,0],"gamesOf3p":[0,0,0,0,0,0,0,0,0,0,0,0,0,0,0],"gamesOf4p":[1,1,3,2,1,1,3,3,3,2,3,1,0,0,0],"gamesOf5p":[0,0,0,0,0,0,0,0,0,0,0,0,0,0,0],"gamesOf6p":[1,1,1,1,1,1,1,1,1,0,0,0,0,0,0],"gamesOf7p":[0,0,0,0,0,0,0,0,0,0,0,0,0,0,0],"gamesOf8p":[0,0,0,0,0,0,0,0,0,0,0,0,0,0,0],"customGames":[0,0,0,0,0,0,0,0,0,0,0,0,0,0,0],"QMGames":[0,0,0,0,0,0,0,0,0,0,0,0,0,0,0],"customGamesPerGeneral":[1,0,0,0,0,0,0,0,0,0,0,0,0,0,0],"quickMatchesPerGeneral":[0,0,0,0,0,0,0,0,0,0,0,0,0,0,0],"locale":0,"gamesAsRandom":33,"options":"","systemSpec":"","lastFPS":0,"lastGeneral":13,"gamesInRowWithLastGeneral":1,"challengeMedals":0,"battleHonors":49538,"QMwinsInARow":0,"maxQMwinsInARow":0,"winsInARow":0,"maxWinsInARow":5,"lossesInARow":1,"maxLossesInARow":3,"disconsInARow":0,"maxDisconsInARow":0,"desyncsInARow":0,"maxDesyncsInARow":0,"builtParticleCannon":0,"builtNuke":0,"builtSCUD":1,"lastLadderPort":0,"lastLadderHost":""}]}!
[DEBUG] 

[DEBUG] [2026-10-07 23:12:19] [0x17f5fb160|https://api.playgenerals.online/env/prod/contract/1/Lobby/67478|Verb 0] Transfer is complete: 52 bytes total! Curl result is 0
[DEBUG] 

[DEBUG] [2026-10-07 23:12:19] [0x17f5fb160|https://api.playgenerals.online/env/prod/contract/1/Lobby/67478|Verb 0] Response was 406 - <redacted>!
[DEBUG] 

[DEBUG] [2026-10-07 23:12:19] [NGMP] Failed to join lobby: Lobby is full
[DEBUG] 

[DEBUG] [2026-10-07 23:12:20] [0x17f6301a0|https://api.playgenerals.online/env/prod/contract/1/Lobbies|Verb 0] Transfer is complete: 120895 bytes total! Curl result is 0
[DEBUG] 

[DEBUG] [2026-10-07 23:12:20] [0x17f6301a0|https://api.playgenerals.online/env/prod/contract/1/Lobbies|Verb 0] Response was 200 - <body omitted: 120895 bytes>!
[DEBUG] 

[DEBUG] [2026-10-07 23:12:21] [0x17f610880|https://api.playgenerals.online/env/prod/contract/1/ServiceConfig|Verb 0] Transfer is complete: 840 bytes total! Curl result is 0
[DEBUG] 

[DEBUG] [2026-10-07 23:12:21] [0x17f610880|https://api.playgenerals.online/env/prod/contract/1/ServiceConfig|Verb 0] Response was 200 - {
	"retry_signalling": true,
	"use_mapped_port": true,
	"min_run_ahead_frames": 6,
	"ra_update_frequency_frames": 10,
	"relay_all_traffic": false,
	"ra_slack_percent": 30,
	"frame_grouping_frames": 2,
	"enable_host_migration": false,
	"network_do_immediate_flush_per_frame": true,
	"network_send_flags": -1,
	"network_latency_logic_model": 2,
	"use_default_config": true,
	"ra_slack_override_percent_in_default": 30,
	"do_probes": true,
	"do_replay_upload": true,
	"network_mesh_histogram_duration": 20000,
	"ibra_ra_tweaks": false,
	"ibra_minslack_default": 0.35,
	"ibra_maxslack_default": 1.0,
	"ibra_minslack_greaterthan300ms": 0.4,
	"ibra_maxslack_greaterthan300ms": 1.0,
	"ibra_minslack_greaterthan200ms": 0.4,
	"ibra_maxslack_greaterthan200ms": 1.0,
	"screenshot_width": 960,
	"screenshot_height": 600,
	"use_new_networking": false
}
!
[DEBUG] 

[DEBUG] [2026-10-07 23:12:21] [NGMP] Joining lobby with id 68001
[DEBUG] 

[DEBUG] [2026-10-07 23:12:21] [SIGNAL] Holding signalling with 110000 until our TURN credentials arrive
[DEBUG] 

[DEBUG] [2026-10-07 23:12:21] [NETWORK_CONNECTION_START_SIGNALLING] Starting signalling with 110000 (MWID: )
[DEBUG] 

[DEBUG] [2026-10-07 23:12:21] [AC] Websocket AC_REGISTER_PLAYER for 110000 and 
[DEBUG] 

[DEBUG] [2026-10-07 23:12:21] [0x17f618f80|https://api.playgenerals.online/env/prod/contract/1/Lobby/68001|Verb 0] Transfer is complete: 179 bytes total! Curl result is 0
[DEBUG] 

[DEBUG] [2026-10-07 23:12:21] [0x17f618f80|https://api.playgenerals.online/env/prod/contract/1/Lobby/68001|Verb 0] Response was 200 - <redacted>!
[DEBUG] 

[DEBUG] [2026-10-07 23:12:21] [NGMP] Joined lobby
[DEBUG] 

[DEBUG] [2026-10-07 23:12:21] [SIGNAL] Got TURN credentials, starting 1 held signalling request(s)
[DEBUG] 

[DEBUG] [2026-10-07 23:12:21] [STEAM CONNECTION] Attaching connection 2220808048 to user 110000
[DEBUG] 

[DEBUG] [2026-10-07 23:12:21] [STEAM NETWORKING LOGFUNC] [#2220808048 P2P str:110000 rem vport 0] Sending P2P ConnectRequest
[DEBUG] 

[DEBUG] [2026-10-07 23:12:21] [AC] Begin Session 0
[DEBUG] 

[DEBUG] [2026-10-07 23:12:21] [AC] Begin Session End
[DEBUG] 

[DEBUG] [2026-10-07 23:12:21] [SIGNAL] SEND SIGNAL!
[DEBUG] 

[DEBUG] [2026-10-07 23:12:21] [STEAM NETWORKING][#2220808048 P2P str:110000 rem vport 0] Entered connecting state

[DEBUG] 

[DEBUG] [2026-10-07 23:12:21] [0x17f60c860|https://api.playgenerals.online/env/prod/contract/1/PlayerStats/110000|Verb 0] Transfer is complete: 1957 bytes total! Curl result is 0
[DEBUG] 

[DEBUG] [2026-10-07 23:12:21] [0x17f60c860|https://api.playgenerals.online/env/prod/contract/1/PlayerStats/110000|Verb 0] Response was 200 - {"stats":{"userID":110000,"EloRating":1000,"EloMatches":0,"MonthlyEloRating":1000,"wins":[1,1,3,4,1,1,4,3,3,2,2,1,2,1,0],"losses":[1,1,9,8,10,6,7,10,9,14,9,10,5,4,0],"games":[1,1,12,11,10,8,11,13,11,16,13,11,8,9,0],"duration":[3,1,144,159,169,30,87,83,99,245,185,155,173,137,0],"unitsKilled":[3,1,325,470,467,63,195,621,346,744,296,319,473,502,0],"unitsLost":[4,4,605,435,1038,88,433,671,318,1059,802,476,676,631,0],"unitsBuilt":[9,2,364,641,782,73,258,489,177,506,448,489,659,565,0],"buildingsKilled":[4,1,38,65,35,1,17,12,27,45,20,23,48,27,0],"buildingsLost":[2,1,48,52,100,22,41,77,30,88,39,71,33,34,0],"buildingsBuilt":[6,3,150,187,226,54,99,107,96,194,170,167,170,197,0],"earnings":[5100,1200,475908,600672989,600781622,82786,330694,1400158339,600420832,600592323,221039,1200424056,600639970,600605175,0],"techCaptured":[6,7,147,209,190,71,134,99,230,355,245,150,184,156,0],"discons":[0,0,0,0,0,0,0,0,0,0,0,0,0,0,0],"desyncs":[1,1,1,1,0,0,0,0,0,0,0,0,0,0,0],"surrenders":[1,1,4,2,2,3,2,8,5,4,4,5,1,1,0],"gamesOf2p":[1,0,0,0,0,0,0,0,0,0,0,0,0,0,0],"gamesOf3p":[0,0,0,0,0,0,0,0,0,0,0,0,0,0,0],"gamesOf4p":[1,1,7,7,5,7,8,6,7,9,10,8,3,4,0],"gamesOf5p":[1,1,1,1,1,1,1,2,0,0,0,0,0,0,0],"gamesOf6p":[1,1,5,4,5,2,4,7,3,4,1,2,2,1,0],"gamesOf7p":[1,0,0,0,0,0,0,0,0,0,0,0,0,0,0],"gamesOf8p":[0,0,0,0,0,0,0,0,0,0,0,0,0,0,0],"customGames":[0,0,0,0,0,0,0,0,0,0,0,0,0,0,0],"QMGames":[0,0,0,0,0,0,0,0,0,0,0,0,0,0,0],"customGamesPerGeneral":[1,0,0,0,0,0,0,0,0,0,0,0,0,0,0],"quickMatchesPerGeneral":[0,0,0,0,0,0,0,0,0,0,0,0,0,0,0],"locale":0,"gamesAsRandom":134,"options":"","systemSpec":"","lastFPS":0,"lastGeneral":3,"gamesInRowWithLastGeneral":2,"challengeMedals":0,"battleHonors":4243840,"QMwinsInARow":0,"maxQMwinsInARow":0,"winsInARow":2,"maxWinsInARow":3,"lossesInARow":0,"maxLossesInARow":16,"disconsInARow":0,"maxDisconsInARow":1,"desyncsInARow":0,"maxDesyncsInARow":1,"builtParticleCannon":0,"builtNuke":1,"builtSCUD":0,"lastLadderPort":0,"lastLadderHost":""}}!
[DEBUG] 

[DEBUG] [2026-10-07 23:12:21] [0x17f5fe1c0|https://api.playgenerals.online/env/prod/contract/1/Lobby/68001|Verb 0] Transfer is complete: 2242 bytes total! Curl result is 0
[DEBUG] 

[DEBUG] [2026-10-07 23:12:21] [0x17f5fe1c0|https://api.playgenerals.online/env/prod/contract/1/Lobby/68001|Verb 0] Response was 200 - {"lobby":{"LobbyID":68001,"Owner":110000,"Name":"[EU][⛊] casino 2*2","State":0,"MapName":"! casino island v1_06yy by dr_detox.map (4)","MapPath":"! casino island v1_06yy by dr_detox\\! casino island v1_06yy by dr_detox.map","IsMapOfficial":false,"MatchID":0,"TimeCreated":"2026-10-07T18:12:16.4516375Z","NumCurrentPlayers":2,"MaxPlayers":4,"IsVanillaTeamsOnly":false,"StartingCash":10000,"IsLimitSuperweapons":false,"IsTrackingStats":true,"IsPassworded":false,"AllowObservers":true,"ExeCRC":560676586,"IniCRC":2180732466,"NetworkRoomID":1,"RNGSeed":<redacted>,"LobbyType":0,"MatchedUserIDs":[],"Region":"Europe","EstimatedLatency":999999,"MaximumCameraHeight":310,"Members":[{"UserID":110000,"DisplayName":"SWEN","IsReady":true,"Port":0,"Side":-1,"Team":-1,"Color":-1,"StartingPosition":-1,"HasMap":true,"SlotState":5,"SlotIndex":0,"Region":"Europe","MiddlewareUserID":""},{"UserID":129336,"DisplayName":"weyva","IsReady":false,"Port":0,"Side":-1,"Team":-1,"Color":2,"StartingPosition":-1,"HasMap":false,"SlotState":5,"SlotIndex":1,"Region":"Asia","MiddlewareUserID":""},{"UserID":-1,"DisplayName":"","IsReady":false,"Port":0,"Side":-1,"Team":-1,"Color":-1,"StartingPosition":-1,"HasMap":true,"SlotState":0,"SlotIndex":2,"Region":"Unknown","MiddlewareUserID":""},{"UserID":-1,"DisplayName":"","IsReady":false,"Port":0,"Side":-1,"Team":-1,"Color":-1,"StartingPosition":-1,"HasMap":true,"SlotState":0,"SlotIndex":3,"Region":"Unknown","MiddlewareUserID":""},{"UserID":-1,"DisplayName":"","IsReady":false,"Port":0,"Side":-1,"Team":-1,"Color":-1,"StartingPosition":-1,"HasMap":true,"SlotState":1,"SlotIndex":4,"Region":"Unknown","MiddlewareUserID":""},{"UserID":-1,"DisplayName":"","IsReady":false,"Port":0,"Side":-1,"Team":-1,"Color":-1,"StartingPosition":-1,"HasMap":true,"SlotState":1,"SlotIndex":5,"Region":"Unknown","MiddlewareUserID":""},{"UserID":-1,"DisplayName":"","IsReady":false,"Port":0,"Side":-1,"Team":-1,"Color":-1,"StartingPosition":-1,"HasMap":true,"SlotState":1,"SlotIndex":6,"Region":"Unknown","MiddlewareUserID":""},{"UserID":-1,"DisplayName":"","IsReady":false,"Port":0,"Side":-1,"Team":-1,"Color":-1,"StartingPosition":-1,"HasMap":true,"SlotState":1,"SlotIndex":7,"Region":"Unknown","MiddlewareUserID":""}],"AnticheatID":0}}!
[DEBUG] 

[DEBUG] [2026-10-07 23:12:21] [0x17f5f0540|https://api.playgenerals.online/env/prod/contract/1/ConnectionOutcome|Verb 0] Transfer is complete: 17 bytes total! Curl result is 0
[DEBUG] 

[DEBUG] [2026-10-07 23:12:21] [0x17f5f0540|https://api.playgenerals.online/env/prod/contract/1/ConnectionOutcome|Verb 0] Response was 200 - {"success":false}!
[DEBUG] 

[DEBUG] [2026-10-07 23:12:21] [STEAM NETWORKING LOGFUNC] [#2220808048 P2P str:110000 vport 0 'Steam Connection User110000'] Sending P2P ConnectRequest
[DEBUG] 

[DEBUG] [2026-10-07 23:12:21] [SIGNAL] SEND SIGNAL!
[DEBUG] 

[DEBUG] [2026-10-07 23:12:21] [SIGNAL] GOT SIGNAL!
[DEBUG] 

[DEBUG] [2026-10-07 23:12:21] [SIGNAL] Signal User: 110000!
[DEBUG] 

[DEBUG] [2026-10-07 23:12:21] [SIGNAL] Signal Payload Size: 490!
[DEBUG] 

[DEBUG] [2026-10-07 23:12:21] [SIGNAL] PROCESS SIGNAL!
[DEBUG] 

[DEBUG] [2026-10-07 23:12:21] [SIGNAL] GOT SIGNAL!
[DEBUG] 

[DEBUG] [2026-10-07 23:12:21] [SIGNAL] Signal User: 110000!
[DEBUG] 

[DEBUG] [2026-10-07 23:12:21] [SIGNAL] Signal Payload Size: 504!
[DEBUG] 

[DEBUG] [2026-10-07 23:12:21] [SIGNAL] PROCESS SIGNAL!
[DEBUG] 

[DEBUG] [2026-10-07 23:12:21] [STEAM NETWORKING LOGFUNC] [#2220808048 P2P str:110000 vport 0 'Steam Connection User110000'] Got remote candidate 'candidate:1051995033 0 udp 2122260224 172.18.0.1 61038 typ host generation 0 ufrag UWPmi network-id 1 network-cost 50'
[DEBUG] 

[DEBUG] [2026-10-07 23:12:21] [STEAM NETWORKING LOGFUNC] [#2220808048 P2P str:110000 vport 0 'Steam Connection User110000'] Got remote candidate 'candidate:1432344491 0 udp 2122194688 192.168.0.74 61039 typ host generation 0 ufrag UWPmi network-id 2 network-cost 10'
[DEBUG] 

[DEBUG] [2026-10-07 23:12:21] [STEAM NETWORKING LOGFUNC] [#2220808048 P2P str:110000 vport 0 'Steam Connection User110000'] Received ConnectOK in P2P Rendezvous.
[DEBUG] 

[DEBUG] [2026-10-07 23:12:21] [STEAM NETWORKING LOGFUNC] [#2220808048 P2P str:110000 vport 0 'Steam Connection User110000'] finding route
[DEBUG] 

[DEBUG] [2026-10-07 23:12:21] [STEAM NETWORKING][#2220808048 P2P str:110000 vport 0 'Steam Connection User110000'] finding route

[DEBUG] 

[DEBUG] [2026-10-07 23:12:21] [SIGNAL] SEND SIGNAL!
[DEBUG] 

[DEBUG] [2026-10-07 23:12:21] [0x17f6268a0|https://api.playgenerals.online/env/prod/contract/1/Lobby/68001|Verb 0] Transfer is complete: 2242 bytes total! Curl result is 0
[DEBUG] 

[DEBUG] [2026-10-07 23:12:21] [0x17f6268a0|https://api.playgenerals.online/env/prod/contract/1/Lobby/68001|Verb 0] Response was 200 - {"lobby":{"LobbyID":68001,"Owner":110000,"Name":"[EU][⛊] casino 2*2","State":0,"MapName":"! casino island v1_06yy by dr_detox.map (4)","MapPath":"! casino island v1_06yy by dr_detox\\! casino island v1_06yy by dr_detox.map","IsMapOfficial":false,"MatchID":0,"TimeCreated":"2026-10-07T18:12:16.4516375Z","NumCurrentPlayers":2,"MaxPlayers":4,"IsVanillaTeamsOnly":false,"StartingCash":10000,"IsLimitSuperweapons":false,"IsTrackingStats":true,"IsPassworded":false,"AllowObservers":true,"ExeCRC":560676586,"IniCRC":2180732466,"NetworkRoomID":1,"RNGSeed":<redacted>,"LobbyType":0,"MatchedUserIDs":[],"Region":"Europe","EstimatedLatency":999999,"MaximumCameraHeight":310,"Members":[{"UserID":110000,"DisplayName":"SWEN","IsReady":true,"Port":0,"Side":-1,"Team":-1,"Color":-1,"StartingPosition":-1,"HasMap":true,"SlotState":5,"SlotIndex":0,"Region":"Europe","MiddlewareUserID":""},{"UserID":129336,"DisplayName":"weyva","IsReady":false,"Port":0,"Side":-1,"Team":-1,"Color":2,"StartingPosition":-1,"HasMap":false,"SlotState":5,"SlotIndex":1,"Region":"Asia","MiddlewareUserID":""},{"UserID":-1,"DisplayName":"","IsReady":false,"Port":0,"Side":-1,"Team":-1,"Color":-1,"StartingPosition":-1,"HasMap":true,"SlotState":0,"SlotIndex":2,"Region":"Unknown","MiddlewareUserID":""},{"UserID":-1,"DisplayName":"","IsReady":false,"Port":0,"Side":-1,"Team":-1,"Color":-1,"StartingPosition":-1,"HasMap":true,"SlotState":0,"SlotIndex":3,"Region":"Unknown","MiddlewareUserID":""},{"UserID":-1,"DisplayName":"","IsReady":false,"Port":0,"Side":-1,"Team":-1,"Color":-1,"StartingPosition":-1,"HasMap":true,"SlotState":1,"SlotIndex":4,"Region":"Unknown","MiddlewareUserID":""},{"UserID":-1,"DisplayName":"","IsReady":false,"Port":0,"Side":-1,"Team":-1,"Color":-1,"StartingPosition":-1,"HasMap":true,"SlotState":1,"SlotIndex":5,"Region":"Unknown","MiddlewareUserID":""},{"UserID":-1,"DisplayName":"","IsReady":false,"Port":0,"Side":-1,"Team":-1,"Color":-1,"StartingPosition":-1,"HasMap":true,"SlotState":1,"SlotIndex":6,"Region":"Unknown","MiddlewareUserID":""},{"UserID":-1,"DisplayName":"","IsReady":false,"Port":0,"Side":-1,"Team":-1,"Color":-1,"StartingPosition":-1,"HasMap":true,"SlotState":1,"SlotIndex":7,"Region":"Unknown","MiddlewareUserID":""}],"AnticheatID":0}}!
[DEBUG] 

DEBUG: Shell::push() called with filename='Menus/GameSpyGameOptionsMenu.wnd'
DEBUG: Shell::push() marked as pending, will load 'Menus/GameSpyGameOptionsMenu.wnd' next frame
DEBUG: Shell::update() - Processing pending push: 'Menus/GameSpyGameOptionsMenu.wnd'
DEBUG: Shell::doPush() called with layoutFile='Menus/GameSpyGameOptionsMenu.wnd'
DEBUG: About to call TheWindowManager->winCreateLayout('Menus/GameSpyGameOptionsMenu.wnd')
DEBUG: winCreateLayout returned: 0x13b89e540
DEBUG: Shell::doPush() completed successfully
DEBUG: Shell::update() - Push completed
[DEBUG] [2026-10-07 23:12:21] [SIGNAL] GOT SIGNAL!
[DEBUG] 

[DEBUG] [2026-10-07 23:12:21] [SIGNAL] Signal User: 110000!
[DEBUG] 

[DEBUG] [2026-10-07 23:12:21] [SIGNAL] Signal Payload Size: 620!
[DEBUG] 

[DEBUG] [2026-10-07 23:12:21] [0x17f61b920|https://api.playgenerals.online/env/prod/contract/1/Lobby/68001|Verb 0] Transfer is complete: 2242 bytes total! Curl result is 0
[DEBUG] 

[DEBUG] [2026-10-07 23:12:21] [0x17f61b920|https://api.playgenerals.online/env/prod/contract/1/Lobby/68001|Verb 0] Response was 200 - {"lobby":{"LobbyID":68001,"Owner":110000,"Name":"[EU][⛊] casino 2*2","State":0,"MapName":"! casino island v1_06yy by dr_detox.map (4)","MapPath":"! casino island v1_06yy by dr_detox\\! casino island v1_06yy by dr_detox.map","IsMapOfficial":false,"MatchID":0,"TimeCreated":"2026-10-07T18:12:16.4516375Z","NumCurrentPlayers":2,"MaxPlayers":4,"IsVanillaTeamsOnly":false,"StartingCash":10000,"IsLimitSuperweapons":false,"IsTrackingStats":true,"IsPassworded":false,"AllowObservers":true,"ExeCRC":560676586,"IniCRC":2180732466,"NetworkRoomID":1,"RNGSeed":<redacted>,"LobbyType":0,"MatchedUserIDs":[],"Region":"Europe","EstimatedLatency":999999,"MaximumCameraHeight":310,"Members":[{"UserID":110000,"DisplayName":"SWEN","IsReady":true,"Port":0,"Side":-1,"Team":-1,"Color":-1,"StartingPosition":-1,"HasMap":true,"SlotState":5,"SlotIndex":0,"Region":"Europe","MiddlewareUserID":""},{"UserID":129336,"DisplayName":"weyva","IsReady":false,"Port":0,"Side":-1,"Team":-1,"Color":2,"StartingPosition":-1,"HasMap":false,"SlotState":5,"SlotIndex":1,"Region":"Asia","MiddlewareUserID":""},{"UserID":-1,"DisplayName":"","IsReady":false,"Port":0,"Side":-1,"Team":-1,"Color":-1,"StartingPosition":-1,"HasMap":true,"SlotState":0,"SlotIndex":2,"Region":"Unknown","MiddlewareUserID":""},{"UserID":-1,"DisplayName":"","IsReady":false,"Port":0,"Side":-1,"Team":-1,"Color":-1,"StartingPosition":-1,"HasMap":true,"SlotState":0,"SlotIndex":3,"Region":"Unknown","MiddlewareUserID":""},{"UserID":-1,"DisplayName":"","IsReady":false,"Port":0,"Side":-1,"Team":-1,"Color":-1,"StartingPosition":-1,"HasMap":true,"SlotState":1,"SlotIndex":4,"Region":"Unknown","MiddlewareUserID":""},{"UserID":-1,"DisplayName":"","IsReady":false,"Port":0,"Side":-1,"Team":-1,"Color":-1,"StartingPosition":-1,"HasMap":true,"SlotState":1,"SlotIndex":5,"Region":"Unknown","MiddlewareUserID":""},{"UserID":-1,"DisplayName":"","IsReady":false,"Port":0,"Side":-1,"Team":-1,"Color":-1,"StartingPosition":-1,"HasMap":true,"SlotState":1,"SlotIndex":6,"Region":"Unknown","MiddlewareUserID":""},{"UserID":-1,"DisplayName":"","IsReady":false,"Port":0,"Side":-1,"Team":-1,"Color":-1,"StartingPosition":-1,"HasMap":true,"SlotState":1,"SlotIndex":7,"Region":"Unknown","MiddlewareUserID":""}],"AnticheatID":0}}!
[DEBUG] 

[DEBUG] [2026-10-07 23:12:21] [0x17f61b380|https://api.playgenerals.online/env/prod/contract/1/ConnectionOutcome|Verb 0] Transfer is complete: 17 bytes total! Curl result is 0
[DEBUG] 

[DEBUG] [2026-10-07 23:12:21] [0x17f61b380|https://api.playgenerals.online/env/prod/contract/1/ConnectionOutcome|Verb 0] Response was 200 - {"success":false}!
[DEBUG] 

[DEBUG] [2026-10-07 23:12:21] [SIGNAL] PROCESS SIGNAL!
[DEBUG] 

[DEBUG] [2026-10-07 23:12:21] [STEAM NETWORKING LOGFUNC] [#2220808048 P2P str:110000 vport 0 'Steam Connection User110000'] Got remote candidate 'candidate:1051995033 0 udp 2122260224 172.18.0.1 58008 typ host generation 0 ufrag UWPmi network-id 1 network-cost 50'
[DEBUG] 

[DEBUG] [2026-10-07 23:12:21] [STEAM NETWORKING LOGFUNC] [#2220808048 P2P str:110000 vport 0 'Steam Connection User110000'] Got remote candidate 'candidate:1432344491 0 udp 2122194688 192.168.0.74 58009 typ host generation 0 ufrag UWPmi network-id 2 network-cost 10'
[DEBUG] 

[DEBUG] [2026-10-07 23:12:21] [STEAM NETWORKING LOGFUNC] [#2220808048 P2P str:110000 vport 0 'Steam Connection User110000'] Got remote candidate 'candidate:2739908223 0 udp 1685987072 176.120.86.187 8981 typ srflx raddr 192.168.0.74 rport 58009 generation 0 ufrag UWPmi network-id 2 network-cost 10'
[DEBUG] 

[DEBUG] [2026-10-07 23:12:21] [STEAM NETWORKING LOGFUNC] [#2220808048 P2P str:110000 vport 0 'Steam Connection User110000'] Got remote candidate 'candidate:2955742160 0 udp 41819904 104.30.149.147 28533 typ relay raddr 176.120.86.187 rport 8981 generation 0 ufrag UWPmi network-id 2 network-cost 10'
[DEBUG] 

[DEBUG] [2026-10-07 23:12:21] [0x17f5e20e0|https://api.playgenerals.online/env/prod/contract/1/ConnectionOutcome|Verb 0] Transfer is complete: 17 bytes total! Curl result is 0
[DEBUG] 

[DEBUG] [2026-10-07 23:12:21] [0x17f5e20e0|https://api.playgenerals.online/env/prod/contract/1/ConnectionOutcome|Verb 0] Response was 200 - {"success":false}!
[DEBUG] 

[DEBUG] [2026-10-07 23:12:21] [SIGNAL] SEND SIGNAL!
[DEBUG] 

[DEBUG] [2026-10-07 23:12:21] [SIGNAL] GOT SIGNAL!
[DEBUG] 

[DEBUG] [2026-10-07 23:12:21] [SIGNAL] Signal User: 110000!
[DEBUG] 

[DEBUG] [2026-10-07 23:12:21] [SIGNAL] Signal Payload Size: 1570!
[DEBUG] 

[DEBUG] [2026-10-07 23:12:21] [SIGNAL] PROCESS SIGNAL!
[DEBUG] 

[DEBUG] [2026-10-07 23:12:21] [STEAM NETWORKING LOGFUNC] [#2220808048 P2P str:110000 vport 0 'Steam Connection User110000'] Got remote candidate 'candidate:3717574005 0 udp 1686052608 31.170.22.220 49911 typ srflx raddr 172.18.0.1 rport 58008 generation 0 ufrag UWPmi network-id 1 network-cost 50'
[DEBUG] 

[DEBUG] [2026-10-07 23:12:21] [STEAM NETWORKING LOGFUNC] [#2220808048 P2P str:110000 vport 0 'Steam Connection User110000'] Got remote candidate 'candidate:1587652392 0 udp 41885440 104.30.144.5 35424 typ relay raddr 31.170.22.220 rport 49911 generation 0 ufrag UWPmi network-id 1 network-cost 50'
[DEBUG] 

[DEBUG] [2026-10-07 23:12:21] [STEAM NETWORKING LOGFUNC] [#2220808048 P2P str:110000 vport 0 'Steam Connection User110000'] Got remote candidate 'candidate:1030853138 0 udp 41885440 104.30.144.3 33777 typ relay raddr 31.170.22.220 rport 49911 generation 0 ufrag UWPmi network-id 1 network-cost 50'
[DEBUG] 

[DEBUG] [2026-10-07 23:12:22] [SIGNAL] SEND SIGNAL!
[DEBUG] 

[DEBUG] [2026-10-07 23:12:22] [STEAM NETWORKING LOGFUNC] [#2220808048 P2P str:110000 vport 0 'Steam Connection User110000'] Peer appears to be using 'ICE' transport as primary
[DEBUG] 

[DEBUG] [2026-10-07 23:12:22] [STEAM NETWORKING LOGFUNC] [#2220808048 P2P ICE str:110000 vport 0 'Steam Connection User110000'] connected
[DEBUG] 

[DEBUG] [2026-10-07 23:12:22] [STEAM NETWORKING][#2220808048 P2P ICE str:110000 vport 0 'Steam Connection User110000'] connected

[DEBUG] 

[DEBUG] [2026-10-07 23:12:22] [CONNECTION FLAGS]: has k_nSteamNetworkConnectionInfoFlags_Unauthenticated
[DEBUG] 

[DEBUG] [2026-10-07 23:12:22] [MESH] Connected to user 110000 in 1473 ms (Relayed, signalling attempt 1)
[DEBUG] 

[DEBUG] [2026-10-07 23:12:23] [0x17f600140|https://api.playgenerals.online/env/prod/contract/1/ConnectionOutcome|Verb 0] Transfer is complete: 17 bytes total! Curl result is 0
[DEBUG] 

[DEBUG] [2026-10-07 23:12:23] [0x17f600140|https://api.playgenerals.online/env/prod/contract/1/ConnectionOutcome|Verb 0] Response was 200 - {"success":false}!
[DEBUG] 

[DEBUG] [2026-10-07 23:12:23] [STEAM NETWORKING LOGFUNC] [#2220808048 P2P ICE str:110000 vport 0 'Steam Connection User110000'] closed by app (1000) Client Disconnecting Gracefully
[DEBUG] 

[DEBUG] [2026-10-07 23:12:23] [0x17f604ee0|https://api.playgenerals.online/env/prod/contract/1/Lobby/68001|Verb 0] Transfer is complete: 16 bytes total! Curl result is 0
[DEBUG] 

[DEBUG] [2026-10-07 23:12:23] [0x17f604ee0|https://api.playgenerals.online/env/prod/contract/1/Lobby/68001|Verb 0] Response was 200 - {"success":true}!
[DEBUG] 

DEBUG: Shell::push() called with filename='Menus/WOLCustomLobby.wnd'
DEBUG: Shell::push() marked as pending, will load 'Menus/WOLCustomLobby.wnd' next frame
DEBUG: Shell::update() - Processing pending push: 'Menus/WOLCustomLobby.wnd'
DEBUG: Shell::doPush() called with layoutFile='Menus/WOLCustomLobby.wnd'
DEBUG: About to call TheWindowManager->winCreateLayout('Menus/WOLCustomLobby.wnd')
DEBUG: winCreateLayout returned: 0x13b89e540
DEBUG: Shell::doPush() completed successfully
DEBUG: Shell::update() - Push completed
[DEBUG] [2026-10-07 23:12:23] [0x17f5dfe00|https://api.playgenerals.online/env/prod/contract/1/Rooms|Verb 0] Transfer is complete: 244 bytes total! Curl result is 0
[DEBUG] 

[DEBUG] [2026-10-07 23:12:23] [0x17f5dfe00|https://api.playgenerals.online/env/prod/contract/1/Rooms|Verb 0] Response was 200 - {"rooms":[{"id":0,"name":"All Games","parent_id":null,"flags":1},{"id":1,"name":"General","parent_id":0,"flags":0},{"id":2,"name":"Tournament","parent_id":0,"flags":0}],"supports_moderation_commands":true,"supports_room_selection_results":true}!
[DEBUG] 

[DEBUG] [2026-10-07 23:12:23] [0x17f5dfbc0|https://api.playgenerals.online/env/prod/contract/1/Social/Friends|Verb 0] Transfer is complete: 36 bytes total! Curl result is 0
[DEBUG] 

[DEBUG] [2026-10-07 23:12:23] [0x17f5dfbc0|https://api.playgenerals.online/env/prod/contract/1/Social/Friends|Verb 0] Response was 200 - {"friends":[],"pending_requests":[]}!
[DEBUG] 

[DEBUG] [2026-10-07 23:12:23] [0x17f5ec1c0|https://api.playgenerals.online/env/prod/contract/1/Lobbies|Verb 0] Transfer is complete: 50 bytes total! Curl result is 0
[DEBUG] 

[DEBUG] [2026-10-07 23:12:23] [0x17f5ec1c0|https://api.playgenerals.online/env/prod/contract/1/Lobbies|Verb 0] Response was 200 - {"lobbies":[],"latencies":[],"playerlatencies":[]}!
[DEBUG] 

[DEBUG] [2026-10-07 23:12:24] [NGMP] Repopulating network room roster using local data
[DEBUG] 

[DEBUG] [2026-10-07 23:12:24] [0x17f5f5f40|https://api.playgenerals.online/env/prod/contract/1/PlayerStats/Batch|Verb 0] Transfer is complete: 3900 bytes total! Curl result is 0
[DEBUG] 

[DEBUG] [2026-10-07 23:12:24] [0x17f5f5f40|https://api.playgenerals.online/env/prod/contract/1/PlayerStats/Batch|Verb 0] Response was 200 - {"stats":[{"userID":123314,"EloRating":1000,"EloMatches":0,"MonthlyEloRating":1000,"wins":[1,1,0,0,0,0,0,0,0,0,0,0,0,0,0],"losses":[1,1,1,1,1,2,1,3,0,0,0,0,0,0,0],"games":[1,1,1,1,1,2,1,3,1,2,0,0,0,0,0],"duration":[12,10,20,22,1,14,10,38,9,6,0,0,0,0,0],"unitsKilled":[21,20,54,38,2,18,276,45,16,20,0,0,0,0,0],"unitsLost":[5,41,115,53,3,33,90,87,69,10,0,0,0,0,0],"unitsBuilt":[17,23,110,68,10,42,167,106,25,21,0,0,0,0,0],"buildingsKilled":[2,1,5,2,2,1,5,0,0,0,0,0,0,0,0],"buildingsLost":[3,18,3,4,33,1,11,8,2,0,0,0,0,0,0],"buildingsBuilt":[11,9,19,17,3,24,88,36,8,6,0,0,0,0,0],"earnings":[28800,19300,76600,54263,44,33560,207800,70250,800080865,8800,0,0,0,0,0],"techCaptured":[2,22,5,2,2,20,2,58,2,0,0,0,0,0,0],"discons":[0,0,0,0,0,0,0,0,0,0,0,0,0,0,0],"desyncs":[1,0,0,0,0,0,0,0,0,0,0,0,0,0,0],"surrenders":[1,1,1,1,1,0,0,0,0,0,0,0,0,0,0],"gamesOf2p":[1,0,0,0,0,0,0,0,0,0,0,0,0,0,0],"gamesOf3p":[0,0,0,0,0,0,0,0,0,0,0,0,0,0,0],"gamesOf4p":[1,1,1,1,1,2,1,3,1,0,0,0,0,0,0],"gamesOf5p":[1,0,0,0,0,0,0,0,0,0,0,0,0,0,0],"gamesOf6p":[0,0,0,0,0,0,0,0,0,0,0,0,0,0,0],"gamesOf7p":[0,0,0,0,0,0,0,0,0,0,0,0,0,0,0],"gamesOf8p":[0,0,0,0,0,0,0,0,0,0,0,0,0,0,0],"customGames":[0,0,0,0,0,0,0,0,0,0,0,0,0,0,0],"QMGames":[0,0,0,0,0,0,0,0,0,0,0,0,0,0,0],"customGamesPerGeneral":[1,0,0,0,0,0,0,0,0,0,0,0,0,0,0],"quickMatchesPerGeneral":[0,0,0,0,0,0,0,0,0,0,0,0,0,0,0],"locale":0,"gamesAsRandom":13,"options":"","systemSpec":"","lastFPS":0,"lastGeneral":7,"gamesInRowWithLastGeneral":1,"challengeMedals":0,"battleHonors":32768,"QMwinsInARow":0,"maxQMwinsInARow":0,"winsInARow":0,"maxWinsInARow":2,"lossesInARow":1,"maxLossesInARow":3,"disconsInARow":0,"maxDisconsInARow":0,"desyncsInARow":0,"maxDesyncsInARow":1,"builtParticleCannon":0,"builtNuke":1,"builtSCUD":0,"lastLadderPort":0,"lastLadderHost":""},{"userID":90623,"EloRating":1351,"EloMatches":859,"MonthlyEloRating":1143,"wins":[1,1,36,49,42,40,47,59,57,57,37,62,57,56,0],"losses":[1,1,62,61,67,52,55,48,53,49,59,51,62,50,0],"games":[1,1,99,110,108,92,101,108,112,109,95,113,119,107,0],"duration":[3,11,945,1129,1259,893,983,907,988,1152,892,1504,1196,1137,0],"unitsKilled":[3,87,4368,4643,5382,4080,4739,4008,3344,5503,3364,7413,4582,5249,0],"unitsLost":[33,89,6476,4683,9540,5081,6971,4451,4114,7068,3919,12281,8966,8224,0],"unitsBuilt":[16,92,6935,7916,12481,5754,7652,5540,6119,8920,5534,16323,11866,11923,0],"buildingsKilled":[3,2,488,451,552,528,522,923,349,777,354,686,559,518,0],"buildingsLost":[1,36,516,501,1165,394,473,358,392,468,431,1096,860,901,0],"buildingsBuilt":[6,42,1403,1603,2949,1339,1791,1699,1474,1605,1218,3567,2771,3025,0],"earnings":[10400,40445,5464538,7272886,7421452,4409024,6547227,605219680,6178203,7366241,5182879,10682186,6579544,8690582,0],"techCaptured":[4,32,402,429,413,205,213,505,415,215,361,487,351,323,0],"discons":[0,0,0,0,0,0,0,0,0,0,0,0,0,0,0],"desyncs":[1,1,3,1,1,1,1,1,1,2,0,0,0,0,0],"surrenders":[1,1,12,18,18,17,18,12,20,17,16,17,14,16,0],"gamesOf2p":[1,1,74,74,73,58,64,72,77,76,70,77,84,69,0],"gamesOf3p":[0,0,0,0,0,0,0,0,0,0,0,0,0,0,0],"gamesOf4p":[1,1,1,2,1,1,1,0,0,0,0,0,0,0,0],"gamesOf5p":[1,1,1,0,0,0,0,0,0,0,0,0,0,0,0],"gamesOf6p":[1,1,25,35,33,33,36,34,33,29,21,33,34,35,0],"gamesOf7p":[1,1,1,1,0,0,0,0,0,0,0,0,0,0,0],"gamesOf8p":[1,1,2,2,4,2,1,1,0,0,0,0,0,0,0],"customGames":[0,0,0,0,0,0,0,0,0,0,0,0,0,0,0],"QMGames":[0,0,0,0,0,0,0,0,0,0,0,0,0,0,0],"customGamesPerGeneral":[1,0,0,0,0,0,0,0,0,0,0,0,0,0,0],"quickMatchesPerGeneral":[1,0,0,0,0,0,0,0,0,0,0,0,0,0,0],"locale":0,"gamesAsRandom":407,"options":"","systemSpec":"","lastFPS":0,"lastGeneral":12,"gamesInRowWithLastGeneral":2,"challengeMedals":0,"battleHonors":4374914,"QMwinsInARow":0,"maxQMwinsInARow":0,"winsInARow":0,"maxWinsInARow":9,"lossesInARow":3,"maxLossesInARow":16,"disconsInARow":0,"maxDisconsInARow":1,"desyncsInARow":0,"maxDesyncsInARow":2,"builtParticleCannon":18,"builtNuke":49,"builtSCUD":80,"lastLadderPort":0,"lastLadderHost":""}]}!
[DEBUG] 

[DEBUG] [2026-10-07 23:12:24] [0x17f607640|https://api.playgenerals.online/env/prod/contract/1/Lobbies|Verb 0] Transfer is complete: 118831 bytes total! Curl result is 0
[DEBUG] 

[DEBUG] [2026-10-07 23:12:24] [0x17f607640|https://api.playgenerals.online/env/prod/contract/1/Lobbies|Verb 0] Response was 200 - <body omitted: 118831 bytes>!
[DEBUG] 

[DEBUG] [2026-10-07 23:12:26] [0x17f5bdd80|https://api.playgenerals.online/env/prod/contract/1/ServiceConfig|Verb 0] Transfer is complete: 840 bytes total! Curl result is 0
[DEBUG] 

[DEBUG] [2026-10-07 23:12:26] [0x17f5bdd80|https://api.playgenerals.online/env/prod/contract/1/ServiceConfig|Verb 0] Response was 200 - {
	"retry_signalling": true,
	"use_mapped_port": true,
	"min_run_ahead_frames": 6,
	"ra_update_frequency_frames": 10,
	"relay_all_traffic": false,
	"ra_slack_percent": 30,
	"frame_grouping_frames": 2,
	"enable_host_migration": false,
	"network_do_immediate_flush_per_frame": true,
	"network_send_flags": -1,
	"network_latency_logic_model": 2,
	"use_default_config": true,
	"ra_slack_override_percent_in_default": 30,
	"do_probes": true,
	"do_replay_upload": true,
	"network_mesh_histogram_duration": 20000,
	"ibra_ra_tweaks": false,
	"ibra_minslack_default": 0.35,
	"ibra_maxslack_default": 1.0,
	"ibra_minslack_greaterthan300ms": 0.4,
	"ibra_maxslack_greaterthan300ms": 1.0,
	"ibra_minslack_greaterthan200ms": 0.4,
	"ibra_maxslack_greaterthan200ms": 1.0,
	"screenshot_width": 960,
	"screenshot_height": 600,
	"use_new_networking": false
}
!
[DEBUG] 

[DEBUG] [2026-10-07 23:12:26] [NGMP] Joining lobby with id 67910
[DEBUG] 

[DEBUG] [2026-10-07 23:12:26] NetworkMesh: iOS forcing TURN relay-only ICE (STUN disabled)
[DEBUG] 

[DEBUG] [2026-10-07 23:12:26] NetworkMesh: Apple build forcing native ICE implementation 1
[DEBUG] 

[DEBUG] [2026-10-07 23:12:26] NetworkMesh: using ICE implementation 1 (0=default, 1=native, 2=WebRTC)
[DEBUG] 

[DEBUG] [2026-10-07 23:12:26] [SIGNAL] Holding signalling with 129442 until our TURN credentials arrive
[DEBUG] 

[DEBUG] [2026-10-07 23:12:26] [NETWORK_CONNECTION_START_SIGNALLING] Starting signalling with 129442 (MWID: )
[DEBUG] 

[DEBUG] [2026-10-07 23:12:26] [AC] Websocket AC_REGISTER_PLAYER for 129442 and 
[DEBUG] 

[DEBUG] [2026-10-07 23:12:26] [SIGNAL] Holding signalling with 110339 until our TURN credentials arrive
[DEBUG] 

[DEBUG] [2026-10-07 23:12:26] [NETWORK_CONNECTION_START_SIGNALLING] Starting signalling with 110339 (MWID: )
[DEBUG] 

[DEBUG] [2026-10-07 23:12:26] [0x17f5e66a0|https://api.playgenerals.online/env/prod/contract/1/Lobby/67910|Verb 0] Transfer is complete: 179 bytes total! Curl result is 0
[DEBUG] 

[DEBUG] [2026-10-07 23:12:26] [0x17f5e66a0|https://api.playgenerals.online/env/prod/contract/1/Lobby/67910|Verb 0] Response was 200 - <redacted>!
[DEBUG] 

[DEBUG] [2026-10-07 23:12:26] [NGMP] Joined lobby
[DEBUG] 

[DEBUG] [2026-10-07 23:12:26] [SIGNAL] Got TURN credentials, starting 2 held signalling request(s)
[DEBUG] 

[DEBUG] [2026-10-07 23:12:26] [STEAM CONNECTION] Attaching connection 4261750114 to user 129442
[DEBUG] 

[DEBUG] [2026-10-07 23:12:26] [STEAM NETWORKING LOGFUNC] [#4261750114 P2P str:129442 rem vport 0] Sending P2P ConnectRequest
[DEBUG] 

[DEBUG] [2026-10-07 23:12:26] [STEAM CONNECTION] Attaching connection 3545665277 to user 110339
[DEBUG] 

[DEBUG] [2026-10-07 23:12:26] [STEAM NETWORKING LOGFUNC] [#3545665277 P2P str:110339 rem vport 0] Sending P2P ConnectRequest
[DEBUG] 

[DEBUG] [2026-10-07 23:12:26] [AC] Begin Session 0
[DEBUG] 

[DEBUG] [2026-10-07 23:12:26] [AC] Begin Session End
[DEBUG] 

[DEBUG] [2026-10-07 23:12:26] [SIGNAL] SEND SIGNAL!
[DEBUG] 

[DEBUG] [2026-10-07 23:12:26] [SIGNAL] SEND SIGNAL!
[DEBUG] 

[DEBUG] [2026-10-07 23:12:26] [STEAM NETWORKING][#4261750114 P2P str:129442 rem vport 0] Entered connecting state

[DEBUG] 

[DEBUG] [2026-10-07 23:12:26] [STEAM NETWORKING][#3545665277 P2P str:110339 rem vport 0] Entered connecting state

[DEBUG] 

[DEBUG] [2026-10-07 23:12:27] [AC] Websocket AC_REGISTER_PLAYER for 110339 and 
[DEBUG] 

[DEBUG] [2026-10-07 23:12:27] [STEAM CONNECTION] Attaching connection 1491837087 to user 127223
[DEBUG] 

[DEBUG] [2026-10-07 23:12:27] [STEAM NETWORKING LOGFUNC] [#1491837087 P2P str:127223 rem vport 0] Sending P2P ConnectRequest
[DEBUG] 

[DEBUG] [2026-10-07 23:12:27] [NETWORK_CONNECTION_START_SIGNALLING] Starting signalling with 127223 (MWID: )
[DEBUG] 

[DEBUG] [2026-10-07 23:12:27] [0x17f5f4680|https://api.playgenerals.online/env/prod/contract/1/PlayerStats/129442|Verb 0] Transfer is complete: 1793 bytes total! Curl result is 0
[DEBUG] 

[DEBUG] [2026-10-07 23:12:27] [0x17f5f4680|https://api.playgenerals.online/env/prod/contract/1/PlayerStats/129442|Verb 0] Response was 200 - {"stats":{"userID":129442,"EloRating":1000,"EloMatches":0,"MonthlyEloRating":1000,"wins":[1,1,1,1,0,0,0,0,0,0,0,0,0,0,0],"losses":[1,1,3,1,1,1,0,0,0,0,0,0,0,0,0],"games":[1,1,3,1,1,2,1,1,1,0,0,0,0,0,0],"duration":[7,11,31,18,25,30,15,7,1,0,0,0,0,0,0],"unitsKilled":[3,15,269,598,189,315,188,4,2,0,0,0,0,0,0],"unitsLost":[7,47,304,1441,194,374,283,4,5,0,0,0,0,0,0],"unitsBuilt":[75,30,302,846,275,367,388,15,9,0,0,0,0,0,0],"buildingsKilled":[1,1,5,10,70,95,31,0,0,0,0,0,0,0,0],"buildingsLost":[3,3,54,13,11,28,4,0,0,0,0,0,0,0,0],"buildingsBuilt":[17,6,50,63,61,85,60,9,5,0,0,0,0,0,0],"earnings":[44775,23900,800153381,293717,250675,345650,211596,18400,600,0,0,0,0,0,0],"techCaptured":[14,10,44,4,8,6,4,0,0,0,0,0,0,0,0],"discons":[0,0,0,0,0,0,0,0,0,0,0,0,0,0,0],"desyncs":[0,0,0,0,0,0,0,0,0,0,0,0,0,0,0],"surrenders":[1,1,1,0,0,0,0,0,0,0,0,0,0,0,0],"gamesOf2p":[1,0,0,0,0,0,0,0,0,0,0,0,0,0,0],"gamesOf3p":[0,0,0,0,0,0,0,0,0,0,0,0,0,0,0],"gamesOf4p":[1,1,2,1,0,0,0,0,0,0,0,0,0,0,0],"gamesOf5p":[0,0,0,0,0,0,0,0,0,0,0,0,0,0,0],"gamesOf6p":[0,0,0,0,0,0,0,0,0,0,0,0,0,0,0],"gamesOf7p":[1,0,0,0,0,0,0,0,0,0,0,0,0,0,0],"gamesOf8p":[1,1,1,1,1,0,0,0,0,0,0,0,0,0,0],"customGames":[0,0,0,0,0,0,0,0,0,0,0,0,0,0,0],"QMGames":[0,0,0,0,0,0,0,0,0,0,0,0,0,0,0],"customGamesPerGeneral":[1,0,0,0,0,0,0,0,0,0,0,0,0,0,0],"quickMatchesPerGeneral":[0,0,0,0,0,0,0,0,0,0,0,0,0,0,0],"locale":0,"gamesAsRandom":10,"options":"","systemSpec":"","lastFPS":0,"lastGeneral":10,"gamesInRowWithLastGeneral":1,"challengeMedals":0,"battleHonors":164224,"QMwinsInARow":0,"maxQMwinsInARow":0,"winsInARow":0,"maxWinsInARow":3,"lossesInARow":5,"maxLossesInARow":5,"disconsInARow":0,"maxDisconsInARow":0,"desyncsInARow":0,"maxDesyncsInARow":0,"builtParticleCannon":2,"builtNuke":1,"builtSCUD":2,"lastLadderPort":0,"lastLadderHost":""}}!
[DEBUG] 

[DEBUG] [2026-10-07 23:12:27] [SIGNAL] SEND SIGNAL!
[DEBUG] 

[DEBUG] [2026-10-07 23:12:27] [STEAM NETWORKING][#1491837087 P2P str:127223 rem vport 0] Entered connecting state

[DEBUG] 

[DEBUG] [2026-10-07 23:12:27] [AC] Websocket AC_REGISTER_PLAYER for 127223 and 
[DEBUG] 

[DEBUG] [2026-10-07 23:12:27] [STEAM CONNECTION] Attaching connection 178109421 to user 91326
[DEBUG] 

[DEBUG] [2026-10-07 23:12:27] [STEAM NETWORKING LOGFUNC] [#178109421 P2P str:91326 rem vport 0] Sending P2P ConnectRequest
[DEBUG] 

[DEBUG] [2026-10-07 23:12:27] [NETWORK_CONNECTION_START_SIGNALLING] Starting signalling with 91326 (MWID: )
[DEBUG] 

[DEBUG] [2026-10-07 23:12:27] [SIGNAL] SEND SIGNAL!
[DEBUG] 

[DEBUG] [2026-10-07 23:12:27] [STEAM NETWORKING][#178109421 P2P str:91326 rem vport 0] Entered connecting state

[DEBUG] 

[DEBUG] [2026-10-07 23:12:27] [AC] Websocket AC_REGISTER_PLAYER for 91326 and 
[DEBUG] 

[DEBUG] [2026-10-07 23:12:27] [0x17f5d4220|https://api.playgenerals.online/env/prod/contract/1/PlayerStats/110339|Verb 0] Transfer is complete: 2011 bytes total! Curl result is 0
[DEBUG] 

[DEBUG] [2026-10-07 23:12:27] [0x17f5d4220|https://api.playgenerals.online/env/prod/contract/1/PlayerStats/110339|Verb 0] Response was 200 - {"stats":{"userID":110339,"EloRating":983,"EloMatches":1,"MonthlyEloRating":1000,"wins":[1,1,6,7,9,5,4,4,2,5,2,2,8,0,0],"losses":[1,1,13,14,6,7,19,10,8,6,13,6,24,9,0],"games":[1,1,20,23,14,12,24,14,10,10,17,9,34,13,0],"duration":[22,9,359,274,289,191,294,178,121,132,186,101,595,242,0],"unitsKilled":[23,9,2407,1509,2018,802,1315,857,709,1418,814,487,8465,1217,0],"unitsLost":[201,11,2555,1807,2025,1421,2081,883,977,2738,968,738,7522,2227,0],"unitsBuilt":[148,30,2201,2191,2733,1183,1554,773,783,1404,1381,883,8732,2208,0],"buildingsKilled":[5,26,90,32,105,86,52,100,8,61,23,19,316,27,0],"buildingsLost":[22,43,244,351,189,257,394,188,197,76,148,163,799,255,0],"buildingsBuilt":[40,11,624,595,517,398,798,401,252,231,347,203,1113,407,0],"earnings":[214840,38545,2691958,1871017,3009829,1186449,1767021,764042,770285,819981,802825,596467,6191274,1681225,0],"techCaptured":[4,2,163,253,211,83,151,55,49,53,163,126,405,99,0],"discons":[0,0,0,0,0,0,0,0,0,0,0,0,0,0,0],"desyncs":[1,1,3,3,1,1,1,1,1,0,0,0,0,0,0],"surrenders":[1,1,6,12,2,4,12,8,5,5,10,3,10,3,0],"gamesOf2p":[1,1,2,1,1,1,1,0,0,0,0,0,0,0,0],"gamesOf3p":[1,0,0,0,0,0,0,0,0,0,0,0,0,0,0],"gamesOf4p":[1,1,5,4,2,2,1,2,1,1,0,0,0,0,0],"gamesOf5p":[1,0,0,0,0,0,0,0,0,0,0,0,0,0,0],"gamesOf6p":[1,1,9,8,3,5,10,4,4,5,4,3,5,2,0],"gamesOf7p":[1,0,0,0,0,0,0,0,0,0,0,0,0,0,0],"gamesOf8p":[1,1,7,13,10,6,13,8,6,6,9,5,19,7,0],"customGames":[0,0,0,0,0,0,0,0,0,0,0,0,0,0,0],"QMGames":[0,0,0,0,0,0,0,0,0,0,0,0,0,0,0],"customGamesPerGeneral":[1,0,0,0,0,0,0,0,0,0,0,0,0,0,0],"quickMatchesPerGeneral":[0,0,0,0,0,0,0,0,0,0,0,0,0,0,0],"locale":0,"gamesAsRandom":171,"options":"","systemSpec":"","lastFPS":0,"lastGeneral":12,"gamesInRowWithLastGeneral":1,"challengeMedals":0,"battleHonors":180608,"QMwinsInARow":0,"maxQMwinsInARow":0,"winsInARow":0,"maxWinsInARow":4,"lossesInARow":1,"maxLossesInARow":14,"disconsInARow":0,"maxDisconsInARow":0,"desyncsInARow":0,"maxDesyncsInARow":1,"builtParticleCannon":5,"builtNuke":15,"builtSCUD":25,"lastLadderPort":0,"lastLadderHost":""}}!
[DEBUG] 

[DEBUG] [2026-10-07 23:12:27] [STEAM CONNECTION] Attaching connection 2077206076 to user 109161
[DEBUG] 

[DEBUG] [2026-10-07 23:12:27] [STEAM NETWORKING LOGFUNC] [#2077206076 P2P str:109161 rem vport 0] Sending P2P ConnectRequest
[DEBUG] 

[DEBUG] [2026-10-07 23:12:27] [NETWORK_CONNECTION_START_SIGNALLING] Starting signalling with 109161 (MWID: )
[DEBUG] 

[DEBUG] [2026-10-07 23:12:27] [0x17f5f3000|https://api.playgenerals.online/env/prod/contract/1/ConnectionOutcome|Verb 0] Transfer is complete: 17 bytes total! Curl result is 0
[DEBUG] 

[DEBUG] [2026-10-07 23:12:27] [0x17f5f3000|https://api.playgenerals.online/env/prod/contract/1/ConnectionOutcome|Verb 0] Response was 200 - {"success":false}!
[DEBUG] 

[DEBUG] [2026-10-07 23:12:27] [SIGNAL] SEND SIGNAL!
[DEBUG] 

[DEBUG] [2026-10-07 23:12:27] [STEAM NETWORKING][#2077206076 P2P str:109161 rem vport 0] Entered connecting state

[DEBUG] 

[DEBUG] [2026-10-07 23:12:27] [AC] Websocket AC_REGISTER_PLAYER for 109161 and 
[DEBUG] 

[DEBUG] [2026-10-07 23:12:27] [STEAM NETWORKING LOGFUNC] [#3545665277 P2P str:110339 vport 0 'Steam Connection User110339'] Sending P2P ConnectRequest
[DEBUG] 

[DEBUG] [2026-10-07 23:12:27] [STEAM NETWORKING LOGFUNC] [#4261750114 P2P str:129442 vport 0 'Steam Connection User129442'] Sending P2P ConnectRequest
[DEBUG] 

[DEBUG] [2026-10-07 23:12:27] [STEAM CONNECTION] Attaching connection 3173281560 to user 124468
[DEBUG] 

[DEBUG] [2026-10-07 23:12:27] [STEAM NETWORKING LOGFUNC] [#3173281560 P2P str:124468 rem vport 0] Sending P2P ConnectRequest
[DEBUG] 

[DEBUG] [2026-10-07 23:12:27] [NETWORK_CONNECTION_START_SIGNALLING] Starting signalling with 124468 (MWID: )
[DEBUG] 

[DEBUG] [2026-10-07 23:12:27] [0x17f5c3420|https://api.playgenerals.online/env/prod/contract/1/ConnectionOutcome|Verb 0] Transfer is complete: 17 bytes total! Curl result is 0
[DEBUG] 

[DEBUG] [2026-10-07 23:12:27] [0x17f5c3420|https://api.playgenerals.online/env/prod/contract/1/ConnectionOutcome|Verb 0] Response was 200 - {"success":false}!
[DEBUG] 

[DEBUG] [2026-10-07 23:12:27] [SIGNAL] SEND SIGNAL!
[DEBUG] 

[DEBUG] [2026-10-07 23:12:27] [SIGNAL] SEND SIGNAL!
[DEBUG] 

[DEBUG] [2026-10-07 23:12:27] [SIGNAL] SEND SIGNAL!
[DEBUG] 

[DEBUG] [2026-10-07 23:12:27] [STEAM NETWORKING][#3173281560 P2P str:124468 rem vport 0] Entered connecting state

[DEBUG] 

[DEBUG] [2026-10-07 23:12:27] [AC] Websocket AC_REGISTER_PLAYER for 124468 and 
[DEBUG] 

[DEBUG] [2026-10-07 23:12:27] [0x17f629360|https://api.playgenerals.online/env/prod/contract/1/PlayerStats/127223|Verb 0] Transfer is complete: 1783 bytes total! Curl result is 0
[DEBUG] 

[DEBUG] [2026-10-07 23:12:27] [0x17f629360|https://api.playgenerals.online/env/prod/contract/1/PlayerStats/127223|Verb 0] Response was 200 - {"stats":{"userID":127223,"EloRating":979,"EloMatches":1,"MonthlyEloRating":976,"wins":[1,1,0,0,0,0,0,0,0,0,0,0,0,0,0],"losses":[1,1,2,1,1,1,1,1,1,1,0,0,0,0,0],"games":[1,1,2,1,1,1,1,1,1,1,2,0,0,0,0],"duration":[10,2,11,11,16,3,28,4,9,14,35,0,0,0,0],"unitsKilled":[9,1,5,4,119,10,1,66,18,32,48,0,0,0,0],"unitsLost":[61,9,55,19,147,3,40,10,338,94,155,0,0,0,0],"unitsBuilt":[73,10,26,22,57,10,65,10,89,106,185,0,0,0,0],"buildingsKilled":[6,1,1,6,0,0,0,0,0,0,0,0,0,0,0],"buildingsLost":[2,1,13,8,28,4,1,6,14,16,28,0,0,0,0],"buildingsBuilt":[7,6,21,14,24,5,23,7,28,20,66,0,0,0,0],"earnings":[20625,3000,43400,53838,64862,13900,118960,12300,41724,51701,171086,0,0,0,0],"techCaptured":[2,1,5,3,4,5,4,3,2,37,3,0,0,0,0],"discons":[0,0,0,0,0,0,0,0,0,0,0,0,0,0,0],"desyncs":[0,0,0,0,0,0,0,0,0,0,0,0,0,0,0],"surrenders":[1,1,1,1,1,1,0,0,0,0,0,0,0,0,0],"gamesOf2p":[1,1,0,0,0,0,0,0,0,0,0,0,0,0,0],"gamesOf3p":[0,0,0,0,0,0,0,0,0,0,0,0,0,0,0],"gamesOf4p":[1,1,0,0,0,0,0,0,0,0,0,0,0,0,0],"gamesOf5p":[0,0,0,0,0,0,0,0,0,0,0,0,0,0,0],"gamesOf6p":[1,1,1,0,0,0,0,0,0,0,0,0,0,0,0],"gamesOf7p":[0,0,0,0,0,0,0,0,0,0,0,0,0,0,0],"gamesOf8p":[1,1,1,1,1,1,0,0,0,0,0,0,0,0,0],"customGames":[0,0,0,0,0,0,0,0,0,0,0,0,0,0,0],"QMGames":[0,0,0,0,0,0,0,0,0,0,0,0,0,0,0],"customGamesPerGeneral":[1,0,0,0,0,0,0,0,0,0,0,0,0,0,0],"quickMatchesPerGeneral":[1,0,0,0,0,0,0,0,0,0,0,0,0,0,0],"locale":0,"gamesAsRandom":0,"options":"","systemSpec":"","lastFPS":0,"lastGeneral":10,"gamesInRowWithLastGeneral":1,"challengeMedals":0,"battleHonors":128,"QMwinsInARow":0,"maxQMwinsInARow":0,"winsInARow":1,"maxWinsInARow":1,"lossesInARow":0,"maxLossesInARow":7,"disconsInARow":0,"maxDisconsInARow":0,"desyncsInARow":0,"maxDesyncsInARow":0,"builtParticleCannon":0,"builtNuke":5,"builtSCUD":0,"lastLadderPort":0,"lastLadderHost":""}}!
[DEBUG] 

[DEBUG] [2026-10-07 23:12:27] [STEAM NETWORKING LOGFUNC] [#1491837087 P2P str:127223 vport 0 'Steam Connection User127223'] Sending P2P ConnectRequest
[DEBUG] 

[DEBUG] [2026-10-07 23:12:27] [SIGNAL] SEND SIGNAL!
[DEBUG] 

[DEBUG] [2026-10-07 23:12:27] [SIGNAL] GOT SIGNAL!
[DEBUG] 

[DEBUG] [2026-10-07 23:12:27] [SIGNAL] Signal User: 127223!
[DEBUG] 

[DEBUG] [2026-10-07 23:12:27] [SIGNAL] Signal Payload Size: 530!
[DEBUG] 

[DEBUG] [2026-10-07 23:12:27] [0x17f5da640|https://api.playgenerals.online/env/prod/contract/1/ConnectionOutcome|Verb 0] Transfer is complete: 17 bytes total! Curl result is 0
[DEBUG] 

[DEBUG] [2026-10-07 23:12:27] [0x17f5da640|https://api.playgenerals.online/env/prod/contract/1/ConnectionOutcome|Verb 0] Response was 200 - {"success":false}!
[DEBUG] 

[DEBUG] [2026-10-07 23:12:27] [0x17f5d4220|https://api.playgenerals.online/env/prod/contract/1/PlayerStats/109161|Verb 0] Transfer is complete: 2066 bytes total! Curl result is 0
[DEBUG] 

[DEBUG] [2026-10-07 23:12:27] [0x17f5d4220|https://api.playgenerals.online/env/prod/contract/1/PlayerStats/109161|Verb 0] Response was 200 - {"stats":{"userID":109161,"EloRating":1000,"EloMatches":0,"MonthlyEloRating":1000,"wins":[1,1,25,27,23,30,23,18,24,22,19,16,12,29,0],"losses":[1,1,5,3,3,1,4,1,4,5,2,2,2,3,0],"games":[1,1,30,30,25,31,27,19,28,27,22,21,15,36,0],"duration":[7,8,440,404,336,368,458,344,398,418,320,282,196,429,0],"unitsKilled":[78,12,4349,6139,7114,5280,6424,5117,4601,7737,4521,5433,2779,9174,0],"unitsLost":[4,59,4561,2740,5436,3230,5673,4352,2020,11226,2576,3333,1946,5747,0],"unitsBuilt":[73,64,6336,7033,8999,4875,6148,6417,6084,10291,6261,6175,3677,10215,0],"buildingsKilled":[11,1,741,744,649,1133,974,826,446,697,539,602,241,933,0],"buildingsLost":[2,4,229,202,224,198,235,155,105,233,163,191,79,310,0],"buildingsBuilt":[48,33,1778,1554,1945,1913,1734,1342,1224,1469,1304,1580,1067,2615,0],"earnings":[81810,61100,7943938,5838105,7423344,6237882,8094062,6474231,5148382,10678472,6306993,5546228,3191832,9164366,0],"techCaptured":[6,2,223,307,270,143,166,154,173,210,467,275,122,426,0],"discons":[0,0,0,0,0,0,0,0,0,0,0,0,0,0,0],"desyncs":[1,1,1,1,1,1,1,1,1,0,0,0,0,0,0],"surrenders":[1,1,6,2,3,2,3,1,2,3,2,4,1,1,0],"gamesOf2p":[1,1,5,7,3,3,2,6,7,3,2,2,1,0,0],"gamesOf3p":[1,1,1,2,1,0,0,0,0,0,0,0,0,0,0],"gamesOf4p":[1,1,2,2,1,4,1,3,1,2,1,0,0,0,0],"gamesOf5p":[1,1,2,1,1,1,0,0,0,0,0,0,0,0,0],"gamesOf6p":[1,1,3,1,3,3,1,1,1,1,1,0,0,0,0],"gamesOf7p":[1,1,1,0,0,0,0,0,0,0,0,0,0,0,0],"gamesOf8p":[1,1,21,18,19,22,24,10,16,13,18,18,11,32,0],"customGames":[0,0,0,0,0,0,0,0,0,0,0,0,0,0,0],"QMGames":[0,0,0,0,0,0,0,0,0,0,0,0,0,0,0],"customGamesPerGeneral":[1,0,0,0,0,0,0,0,0,0,0,0,0,0,0],"quickMatchesPerGeneral":[0,0,0,0,0,0,0,0,0,0,0,0,0,0,0],"locale":0,"gamesAsRandom":295,"options":"","systemSpec":"","lastFPS":0,"lastGeneral":13,"gamesInRowWithLastGeneral":1,"challengeMedals":0,"battleHonors":4374914,"QMwinsInARow":0,"maxQMwinsInARow":0,"winsInARow":0,"maxWinsInARow":36,"lossesInARow":1,"maxLossesInARow":2,"disconsInARow":0,"maxDisconsInARow":1,"desyncsInARow":0,"maxDesyncsInARow":1,"builtParticleCannon":49,"builtNuke":86,"builtSCUD":62,"lastLadderPort":0,"lastLadderHost":""}}!
[DEBUG] 

[DEBUG] [2026-10-07 23:12:27] [SIGNAL] PROCESS SIGNAL!
[DEBUG] 

[DEBUG] [2026-10-07 23:12:27] [STEAM NETWORKING][#1491837087 P2P str:127223 vport 0 'Steam Connection User127223'] finding route

[DEBUG] 

[DEBUG] [2026-10-07 23:12:27] [STEAM NETWORKING LOGFUNC] [#178109421 P2P str:91326 vport 0 'Steam Connection User91326'] Sending P2P ConnectRequest
[DEBUG] 

[DEBUG] [2026-10-07 23:12:27] [SIGNAL] GOT SIGNAL!
[DEBUG] 

[DEBUG] [2026-10-07 23:12:27] [SIGNAL] Signal User: 110339!
[DEBUG] 

[DEBUG] [2026-10-07 23:12:27] [SIGNAL] Signal Payload Size: 786!
[DEBUG] 

[DEBUG] [2026-10-07 23:12:27] [SIGNAL] SEND SIGNAL!
[DEBUG] 

[DEBUG] [2026-10-07 23:12:27] [SIGNAL] PROCESS SIGNAL!
[DEBUG] 

[DEBUG] [2026-10-07 23:12:27] [STEAM NETWORKING][#3545665277 P2P str:110339 vport 0 'Steam Connection User110339'] finding route

[DEBUG] 

[DEBUG] [2026-10-07 23:12:27] [STEAM NETWORKING LOGFUNC] [#2077206076 P2P str:109161 vport 0 'Steam Connection User109161'] Sending P2P ConnectRequest
[DEBUG] 

[DEBUG] [2026-10-07 23:12:27] [SIGNAL] GOT SIGNAL!
[DEBUG] 

[DEBUG] [2026-10-07 23:12:27] [SIGNAL] Signal User: 129442!
[DEBUG] 

[DEBUG] [2026-10-07 23:12:27] [SIGNAL] Signal Payload Size: 756!
[DEBUG] 

[DEBUG] [2026-10-07 23:12:27] [0x17f5db840|https://api.playgenerals.online/env/prod/contract/1/PlayerStats/124468|Verb 0] Transfer is complete: 1800 bytes total! Curl result is 0
[DEBUG] 

[DEBUG] [2026-10-07 23:12:27] [0x17f5db840|https://api.playgenerals.online/env/prod/contract/1/PlayerStats/124468|Verb 0] Response was 200 - {"stats":{"userID":124468,"EloRating":1000,"EloMatches":0,"MonthlyEloRating":1000,"wins":[1,1,1,1,1,1,1,1,0,0,0,0,0,0,0],"losses":[1,1,1,2,1,1,0,0,0,0,0,0,0,0,0],"games":[1,1,1,2,4,2,1,1,1,2,1,0,0,0,0],"duration":[4,6,3,26,57,18,1,7,13,41,0,0,0,0,0],"unitsKilled":[7,2,6,143,267,288,29,55,61,202,0,0,0,0,0],"unitsLost":[9,28,19,118,371,49,20,131,55,153,0,0,0,0,0],"unitsBuilt":[21,41,17,196,434,140,7,2,116,462,143,0,0,0,0],"buildingsKilled":[11,21,3,43,34,7,14,30,0,0,0,0,0,0,0],"buildingsLost":[4,1,4,15,65,1,6,13,13,4,0,0,0,0,0],"buildingsBuilt":[8,10,6,61,172,60,5,1,44,101,73,0,0,0,0],"earnings":[7725,16800,7350,224932,447905,126735,300,41626,208532,448672,0,0,0,0,0],"techCaptured":[1,1,1,12,39,6,40,10,5,25,0,0,0,0,0],"discons":[0,0,0,0,0,0,0,0,0,0,0,0,0,0,0],"desyncs":[1,0,0,0,0,0,0,0,0,0,0,0,0,0,0],"surrenders":[1,1,1,0,0,0,0,0,0,0,0,0,0,0,0],"gamesOf2p":[1,1,1,0,0,0,0,0,0,0,0,0,0,0,0],"gamesOf3p":[0,0,0,0,0,0,0,0,0,0,0,0,0,0,0],"gamesOf4p":[1,1,1,0,0,0,0,0,0,0,0,0,0,0,0],"gamesOf5p":[0,0,0,0,0,0,0,0,0,0,0,0,0,0,0],"gamesOf6p":[1,1,1,1,1,0,0,0,0,0,0,0,0,0,0],"gamesOf7p":[0,0,0,0,0,0,0,0,0,0,0,0,0,0,0],"gamesOf8p":[1,1,1,1,1,1,0,0,0,0,0,0,0,0,0],"customGames":[0,0,0,0,0,0,0,0,0,0,0,0,0,0,0],"QMGames":[0,0,0,0,0,0,0,0,0,0,0,0,0,0,0],"customGamesPerGeneral":[1,0,0,0,0,0,0,0,0,0,0,0,0,0,0],"quickMatchesPerGeneral":[0,0,0,0,0,0,0,0,0,0,0,0,0,0,0],"locale":0,"gamesAsRandom":16,"options":"","systemSpec":"","lastFPS":0,"lastGeneral":9,"gamesInRowWithLastGeneral":1,"challengeMedals":0,"battleHonors":164224,"QMwinsInARow":0,"maxQMwinsInARow":0,"winsInARow":3,"maxWinsInARow":3,"lossesInARow":0,"maxLossesInARow":4,"disconsInARow":0,"maxDisconsInARow":1,"desyncsInARow":0,"maxDesyncsInARow":1,"builtParticleCannon":1,"builtNuke":2,"builtSCUD":3,"lastLadderPort":0,"lastLadderHost":""}}!
[DEBUG] 

[DEBUG] [2026-10-07 23:12:27] [SIGNAL] SEND SIGNAL!
[DEBUG] 

[DEBUG] [2026-10-07 23:12:27] [SIGNAL] SEND SIGNAL!
[DEBUG] 

[DEBUG] [2026-10-07 23:12:27] [SIGNAL] SEND SIGNAL!
[DEBUG] 

[DEBUG] [2026-10-07 23:12:27] [SIGNAL] PROCESS SIGNAL!
[DEBUG] 

[DEBUG] [2026-10-07 23:12:27] [STEAM NETWORKING][#4261750114 P2P str:129442 vport 0 'Steam Connection User129442'] finding route

[DEBUG] 

[DEBUG] [2026-10-07 23:12:27] [SIGNAL] GOT SIGNAL!
[DEBUG] 

[DEBUG] [2026-10-07 23:12:27] [SIGNAL] Signal User: 127223!
[DEBUG] 

[DEBUG] [2026-10-07 23:12:27] [SIGNAL] Signal Payload Size: 693!
[DEBUG] 

[DEBUG] [2026-10-07 23:12:27] [0x17f627f20|https://api.playgenerals.online/env/prod/contract/1/ConnectionOutcome|Verb 0] Transfer is complete: 17 bytes total! Curl result is 0
[DEBUG] 

[DEBUG] [2026-10-07 23:12:27] [0x17f627f20|https://api.playgenerals.online/env/prod/contract/1/ConnectionOutcome|Verb 0] Response was 200 - {"success":false}!
[DEBUG] 

[DEBUG] [2026-10-07 23:12:27] [SIGNAL] SEND SIGNAL!
[DEBUG] 

[DEBUG] [2026-10-07 23:12:27] [SIGNAL] PROCESS SIGNAL!
[DEBUG] 

[DEBUG] [2026-10-07 23:12:27] [STEAM NETWORKING LOGFUNC] [#1491837087 P2P str:127223 vport 0 'Steam Connection User127223'] Got remote candidate 'candidate:545662605 0 udp 2122260224 192.168.0.142 62206 typ host generation 0 ufrag HtaPz network-id 1 network-cost 10'
[DEBUG] 

[DEBUG] [2026-10-07 23:12:27] [STEAM NETWORKING LOGFUNC] [#1491837087 P2P str:127223 vport 0 'Steam Connection User127223'] Got remote candidate 'candidate:2714640441 0 udp 1686052608 185.97.127.64 62206 typ srflx raddr 192.168.0.142 rport 62206 generation 0 ufrag HtaPz network-id 1 network-cost 10'
[DEBUG] 

[DEBUG] [2026-10-07 23:12:27] [STEAM NETWORKING LOGFUNC] [#1491837087 P2P str:127223 vport 0 'Steam Connection User127223'] Got remote candidate 'candidate:1670599300 0 udp 41885440 104.30.147.14 34240 typ relay raddr 185.97.127.64 rport 62206 generation 0 ufrag HtaPz network-id 1 network-cost 10'
[DEBUG] 

[DEBUG] [2026-10-07 23:12:27] [STEAM NETWORKING LOGFUNC] [#3173281560 P2P str:124468 vport 0 'Steam Connection User124468'] Sending P2P ConnectRequest
[DEBUG] 

[DEBUG] [2026-10-07 23:12:27] [SIGNAL] GOT SIGNAL!
[DEBUG] 

[DEBUG] [2026-10-07 23:12:27] [SIGNAL] Signal User: 129442!
[DEBUG] 

[DEBUG] [2026-10-07 23:12:27] [SIGNAL] Signal Payload Size: 1079!
[DEBUG] 

[DEBUG] [2026-10-07 23:12:27] [SIGNAL] SEND SIGNAL!
[DEBUG] 

[DEBUG] [2026-10-07 23:12:27] [SIGNAL] PROCESS SIGNAL!
[DEBUG] 

[DEBUG] [2026-10-07 23:12:27] [STEAM NETWORKING LOGFUNC] [#4261750114 P2P str:129442 vport 0 'Steam Connection User129442'] Got remote candidate 'candidate:1871712977 0 udp 2122265344 fdfd::1a3d:5b61 64729 typ host generation 0 ufrag 7INty network-id 2'
[DEBUG] 

[DEBUG] [2026-10-07 23:12:27] [STEAM NETWORKING LOGFUNC] [#4261750114 P2P str:129442 vport 0 'Steam Connection User129442'] Got remote candidate 'candidate:2328802767 0 udp 2122194688 26.61.91.97 64730 typ host generation 0 ufrag 7INty network-id 1'
[DEBUG] 

[DEBUG] [2026-10-07 23:12:27] [STEAM NETWORKING LOGFUNC] [#4261750114 P2P str:129442 vport 0 'Steam Connection User129442'] Got remote candidate 'candidate:1920939460 0 udp 2122129152 10.201.153.208 64731 typ host generation 0 ufrag 7INty network-id 3 network-cost 10'
[DEBUG] 

[DEBUG] [2026-10-07 23:12:27] [STEAM NETWORKING LOGFUNC] [#4261750114 P2P str:129442 vport 0 'Steam Connection User129442'] Got remote candidate 'candidate:3203533399 0 udp 1685921536 176.29.58.140 6681 typ srflx raddr 10.201.153.208 rport 64731 generation 0 ufrag 7INty network-id 3 network-cost 10'
[DEBUG] 

[DEBUG] [2026-10-07 23:12:27] [STEAM NETWORKING LOGFUNC] [#4261750114 P2P str:129442 vport 0 'Steam Connection User129442'] Got remote candidate 'candidate:2388268903 0 udp 41754368 104.30.136.42 27583 typ relay raddr 176.29.58.140 rport 6681 generation 0 ufrag 7INty network-id 3 network-cost 10'
[DEBUG] 

[DEBUG] [2026-10-07 23:12:27] [STEAM NETWORKING LOGFUNC] [#4261750114 P2P str:129442 vport 0 'Steam Connection User129442'] Got remote candidate 'candidate:2388268903 0 udp 41754368 104.30.136.42 9491 typ relay raddr 176.29.58.140 rport 6681 generation 0 ufrag 7INty network-id 3 network-cost 10'
[DEBUG] 

[DEBUG] [2026-10-07 23:12:27] [SIGNAL] GOT SIGNAL!
[DEBUG] 

[DEBUG] [2026-10-07 23:12:27] [SIGNAL] Signal User: 124468!
[DEBUG] 

[DEBUG] [2026-10-07 23:12:27] [SIGNAL] Signal Payload Size: 526!
[DEBUG] 

[DEBUG] [2026-10-07 23:12:27] [0x17f5e66a0|https://api.playgenerals.online/env/prod/contract/1/ConnectionOutcome|Verb 0] Transfer is complete: 17 bytes total! Curl result is 0
[DEBUG] 

[DEBUG] [2026-10-07 23:12:27] [0x17f5e66a0|https://api.playgenerals.online/env/prod/contract/1/ConnectionOutcome|Verb 0] Response was 200 - {"success":false}!
[DEBUG] 

[DEBUG] [2026-10-07 23:12:27] [0x17f5d4220|https://api.playgenerals.online/env/prod/contract/1/ConnectionOutcome|Verb 0] Transfer is complete: 17 bytes total! Curl result is 0
[DEBUG] 

[DEBUG] [2026-10-07 23:12:27] [0x17f5d4220|https://api.playgenerals.online/env/prod/contract/1/ConnectionOutcome|Verb 0] Response was 200 - {"success":false}!
[DEBUG] 

[DEBUG] [2026-10-07 23:12:27] [SIGNAL] PROCESS SIGNAL!
[DEBUG] 

[DEBUG] [2026-10-07 23:12:27] [STEAM NETWORKING][#3173281560 P2P str:124468 vport 0 'Steam Connection User124468'] finding route

[DEBUG] 

[DEBUG] [2026-10-07 23:12:27] [SIGNAL] GOT SIGNAL!
[DEBUG] 

[DEBUG] [2026-10-07 23:12:27] [SIGNAL] Signal User: 124468!
[DEBUG] 

[DEBUG] [2026-10-07 23:12:27] [SIGNAL] Signal Payload Size: 688!
[DEBUG] 

[DEBUG] [2026-10-07 23:12:27] [0x17f5d7940|https://api.playgenerals.online/env/prod/contract/1/Lobby/67910|Verb 0] Transfer is complete: 2220 bytes total! Curl result is 0
[DEBUG] 

[DEBUG] [2026-10-07 23:12:27] [0x17f5d7940|https://api.playgenerals.online/env/prod/contract/1/Lobby/67910|Verb 0] Response was 200 - {"lobby":{"LobbyID":67910,"Owner":129442,"Name":"[AS][⛊] Generals Online Lobby","State":0,"MapName":"Death Valley (8)","MapPath":"death valley\\death valley.map","IsMapOfficial":true,"MatchID":0,"TimeCreated":"2026-10-07T18:09:13.7045389Z","NumCurrentPlayers":7,"MaxPlayers":8,"IsVanillaTeamsOnly":false,"StartingCash":350000,"IsLimitSuperweapons":true,"IsTrackingStats":true,"IsPassworded":false,"AllowObservers":true,"ExeCRC":560676586,"IniCRC":2180732466,"NetworkRoomID":1,"RNGSeed":<redacted>,"LobbyType":0,"MatchedUserIDs":[],"Region":"Asia","EstimatedLatency":999999,"MaximumCameraHeight":310,"Members":[{"UserID":129442,"DisplayName":"76561199020650406","IsReady":true,"Port":0,"Side":-1,"Team":0,"Color":4,"StartingPosition":4,"HasMap":true,"SlotState":5,"SlotIndex":0,"Region":"Asia","MiddlewareUserID":""},{"UserID":110339,"DisplayName":"hazemm","IsReady":false,"Port":0,"Side":-1,"Team":0,"Color":1,"StartingPosition":7,"HasMap":true,"SlotState":5,"SlotIndex":1,"Region":"Asia","MiddlewareUserID":""},{"UserID":127223,"DisplayName":"76561198635113942","IsReady":false,"Port":0,"Side":8,"Team":1,"Color":-1,"StartingPosition":3,"HasMap":true,"SlotState":5,"SlotIndex":2,"Region":"Asia","MiddlewareUserID":""},{"UserID":91326,"DisplayName":"Yaqudzaa","IsReady":false,"Port":0,"Side":-1,"Team":1,"Color":3,"StartingPosition":0,"HasMap":true,"SlotState":5,"SlotIndex":3,"Region":"Asia","MiddlewareUserID":""},{"UserID":109161,"DisplayName":"*GORING*","IsReady":false,"Port":0,"Side":-1,"Team":0,"Color":-1,"StartingPosition":5,"HasMap":true,"SlotState":5,"SlotIndex":4,"Region":"Asia","MiddlewareUserID":""},{"UserID":124468,"DisplayName":"-Razy","IsReady":false,"Port":0,"Side":-1,"Team":-1,"Color":6,"StartingPosition":-1,"HasMap":true,"SlotState":5,"SlotIndex":5,"Region":"Asia","MiddlewareUserID":""},{"UserID":129336,"DisplayName":"weyva","IsReady":false,"Port":0,"Side":-1,"Team":-1,"Color":2,"StartingPosition":-1,"HasMap":true,"SlotState":5,"SlotIndex":6,"Region":"Asia","MiddlewareUserID":""},{"UserID":-1,"DisplayName":"","IsReady":false,"Port":0,"Side":-1,"Team":-1,"Color":-1,"StartingPosition":-1,"HasMap":true,"SlotState":0,"SlotIndex":7,"Region":"Unknown","MiddlewareUserID":""}],"AnticheatID":0}}!
[DEBUG] 

[DEBUG] [2026-10-07 23:12:27] [0x17f5f3900|https://api.playgenerals.online/env/prod/contract/1/Lobby/67910|Verb 0] Transfer is complete: 2220 bytes total! Curl result is 0
[DEBUG] 

[DEBUG] [2026-10-07 23:12:27] [0x17f5f3900|https://api.playgenerals.online/env/prod/contract/1/Lobby/67910|Verb 0] Response was 200 - {"lobby":{"LobbyID":67910,"Owner":129442,"Name":"[AS][⛊] Generals Online Lobby","State":0,"MapName":"Death Valley (8)","MapPath":"death valley\\death valley.map","IsMapOfficial":true,"MatchID":0,"TimeCreated":"2026-10-07T18:09:13.7045389Z","NumCurrentPlayers":7,"MaxPlayers":8,"IsVanillaTeamsOnly":false,"StartingCash":350000,"IsLimitSuperweapons":true,"IsTrackingStats":true,"IsPassworded":false,"AllowObservers":true,"ExeCRC":560676586,"IniCRC":2180732466,"NetworkRoomID":1,"RNGSeed":<redacted>,"LobbyType":0,"MatchedUserIDs":[],"Region":"Asia","EstimatedLatency":999999,"MaximumCameraHeight":310,"Members":[{"UserID":129442,"DisplayName":"76561199020650406","IsReady":true,"Port":0,"Side":-1,"Team":0,"Color":4,"StartingPosition":4,"HasMap":true,"SlotState":5,"SlotIndex":0,"Region":"Asia","MiddlewareUserID":""},{"UserID":110339,"DisplayName":"hazemm","IsReady":false,"Port":0,"Side":-1,"Team":0,"Color":1,"StartingPosition":7,"HasMap":true,"SlotState":5,"SlotIndex":1,"Region":"Asia","MiddlewareUserID":""},{"UserID":127223,"DisplayName":"76561198635113942","IsReady":false,"Port":0,"Side":8,"Team":1,"Color":-1,"StartingPosition":3,"HasMap":true,"SlotState":5,"SlotIndex":2,"Region":"Asia","MiddlewareUserID":""},{"UserID":91326,"DisplayName":"Yaqudzaa","IsReady":false,"Port":0,"Side":-1,"Team":1,"Color":3,"StartingPosition":0,"HasMap":true,"SlotState":5,"SlotIndex":3,"Region":"Asia","MiddlewareUserID":""},{"UserID":109161,"DisplayName":"*GORING*","IsReady":false,"Port":0,"Side":-1,"Team":0,"Color":-1,"StartingPosition":5,"HasMap":true,"SlotState":5,"SlotIndex":4,"Region":"Asia","MiddlewareUserID":""},{"UserID":124468,"DisplayName":"-Razy","IsReady":false,"Port":0,"Side":-1,"Team":-1,"Color":6,"StartingPosition":-1,"HasMap":true,"SlotState":5,"SlotIndex":5,"Region":"Asia","MiddlewareUserID":""},{"UserID":129336,"DisplayName":"weyva","IsReady":false,"Port":0,"Side":-1,"Team":-1,"Color":2,"StartingPosition":-1,"HasMap":true,"SlotState":5,"SlotIndex":6,"Region":"Asia","MiddlewareUserID":""},{"UserID":-1,"DisplayName":"","IsReady":false,"Port":0,"Side":-1,"Team":-1,"Color":-1,"StartingPosition":-1,"HasMap":true,"SlotState":0,"SlotIndex":7,"Region":"Unknown","MiddlewareUserID":""}],"AnticheatID":0}}!
[DEBUG] 

[DEBUG] [2026-10-07 23:12:27] [0x17f5f1f20|https://api.playgenerals.online/env/prod/contract/1/ConnectionOutcome|Verb 0] Transfer is complete: 17 bytes total! Curl result is 0
[DEBUG] 

[DEBUG] [2026-10-07 23:12:27] [0x17f5f1f20|https://api.playgenerals.online/env/prod/contract/1/ConnectionOutcome|Verb 0] Response was 200 - {"success":false}!
[DEBUG] 

[DEBUG] [2026-10-07 23:12:27] [0x17f5f1500|https://api.playgenerals.online/env/prod/contract/1/ConnectionOutcome|Verb 0] Transfer is complete: 17 bytes total! Curl result is 0
[DEBUG] 

[DEBUG] [2026-10-07 23:12:27] [0x17f5f1500|https://api.playgenerals.online/env/prod/contract/1/ConnectionOutcome|Verb 0] Response was 200 - {"success":false}!
[DEBUG] 

[DEBUG] [2026-10-07 23:12:27] [SIGNAL] SEND SIGNAL!
[DEBUG] 

[DEBUG] [2026-10-07 23:12:27] [SIGNAL] SEND SIGNAL!
[DEBUG] 

[DEBUG] [2026-10-07 23:12:27] [SIGNAL] SEND SIGNAL!
[DEBUG] 

[DEBUG] [2026-10-07 23:12:27] [SIGNAL] SEND SIGNAL!
[DEBUG] 

[DEBUG] [2026-10-07 23:12:27] [SIGNAL] PROCESS SIGNAL!
[DEBUG] 

[DEBUG] [2026-10-07 23:12:27] [STEAM NETWORKING LOGFUNC] [#3173281560 P2P str:124468 vport 0 'Steam Connection User124468'] Got remote candidate 'candidate:2386572866 0 udp 2122260224 172.20.10.5 58052 typ host generation 0 ufrag XDPv2 network-id 1 network-cost 10'
[DEBUG] 

[DEBUG] [2026-10-07 23:12:27] [STEAM NETWORKING LOGFUNC] [#3173281560 P2P str:124468 vport 0 'Steam Connection User124468'] Got remote candidate 'candidate:656390551 0 udp 1686052608 223.25.122.83 14449 typ srflx raddr 172.20.10.5 rport 58052 generation 0 ufrag XDPv2 network-id 1 network-cost 10'
[DEBUG] 

[DEBUG] [2026-10-07 23:12:27] [STEAM NETWORKING LOGFUNC] [#3173281560 P2P str:124468 vport 0 'Steam Connection User124468'] Got remote candidate 'candidate:656390551 0 udp 1686052608 223.25.122.83 16192 typ srflx raddr 172.20.10.5 rport 58052 generation 0 ufrag XDPv2 network-id 1 network-cost 10'
[DEBUG] 

[DEBUG] [2026-10-07 23:12:27] [SIGNAL] GOT SIGNAL!
[DEBUG] 

[DEBUG] [2026-10-07 23:12:27] [SIGNAL] Signal User: 91326!
[DEBUG] 

[DEBUG] [2026-10-07 23:12:27] [SIGNAL] Signal Payload Size: 573!
[DEBUG] 

[DEBUG] [2026-10-07 23:12:27] [0x17f5bed40|https://api.playgenerals.online/env/prod/contract/1/ConnectionOutcome|Verb 0] Transfer is complete: 17 bytes total! Curl result is 0
[DEBUG] 

[DEBUG] [2026-10-07 23:12:27] [0x17f5bed40|https://api.playgenerals.online/env/prod/contract/1/ConnectionOutcome|Verb 0] Response was 200 - {"success":false}!
[DEBUG] 

[DEBUG] [2026-10-07 23:12:27] [0x17f5f4680|https://api.playgenerals.online/env/prod/contract/1/ConnectionOutcome|Verb 0] Transfer is complete: 17 bytes total! Curl result is 0
[DEBUG] 

[DEBUG] [2026-10-07 23:12:27] [0x17f5f4680|https://api.playgenerals.online/env/prod/contract/1/ConnectionOutcome|Verb 0] Response was 200 - {"success":false}!
[DEBUG] 

[DEBUG] [2026-10-07 23:12:27] [0x17f5db840|https://api.playgenerals.online/env/prod/contract/1/ConnectionOutcome|Verb 0] Transfer is complete: 17 bytes total! Curl result is 0
[DEBUG] 

[DEBUG] [2026-10-07 23:12:27] [0x17f5db840|https://api.playgenerals.online/env/prod/contract/1/ConnectionOutcome|Verb 0] Response was 200 - {"success":false}!
[DEBUG] 

[DEBUG] [2026-10-07 23:12:27] [SIGNAL] PROCESS SIGNAL!
[DEBUG] 

[DEBUG] [2026-10-07 23:12:27] [STEAM NETWORKING][#178109421 P2P str:91326 vport 0 'Steam Connection User91326'] finding route

[DEBUG] 

[DEBUG] [2026-10-07 23:12:27] [SIGNAL] GOT SIGNAL!
[DEBUG] 

[DEBUG] [2026-10-07 23:12:27] [SIGNAL] Signal User: 124468!
[DEBUG] 

[DEBUG] [2026-10-07 23:12:27] [SIGNAL] Signal Payload Size: 1012!
[DEBUG] 

[DEBUG] [2026-10-07 23:12:27] [SIGNAL] SEND SIGNAL!
[DEBUG] 

[DEBUG] [2026-10-07 23:12:27] [SIGNAL] PROCESS SIGNAL!
[DEBUG] 

[DEBUG] [2026-10-07 23:12:27] [STEAM NETWORKING LOGFUNC] [#3173281560 P2P str:124468 vport 0 'Steam Connection User124468'] Got remote candidate 'candidate:656390551 0 udp 1686052608 223.25.122.83 30062 typ srflx raddr 172.20.10.5 rport 58052 generation 0 ufrag XDPv2 network-id 1 network-cost 10'
[DEBUG] 

[DEBUG] [2026-10-07 23:12:27] [STEAM NETWORKING LOGFUNC] [#3173281560 P2P str:124468 vport 0 'Steam Connection User124468'] Got remote candidate 'candidate:656390551 0 udp 1686052608 223.25.122.83 10590 typ srflx raddr 172.20.10.5 rport 58052 generation 0 ufrag XDPv2 network-id 1 network-cost 10'
[DEBUG] 

[DEBUG] [2026-10-07 23:12:27] [SIGNAL] GOT SIGNAL!
[DEBUG] 

[DEBUG] [2026-10-07 23:12:27] [SIGNAL] Signal User: 91326!
[DEBUG] 

[DEBUG] [2026-10-07 23:12:27] [SIGNAL] Signal Payload Size: 723!
[DEBUG] 

[DEBUG] [2026-10-07 23:12:27] [0x17f5f9c00|https://api.playgenerals.online/env/prod/contract/1/PlayerStats/91326|Verb 0] Transfer is complete: 2056 bytes total! Curl result is 0
[DEBUG] 

[DEBUG] [2026-10-07 23:12:27] [0x17f5f9c00|https://api.playgenerals.online/env/prod/contract/1/PlayerStats/91326|Verb 0] Response was 200 - {"stats":{"userID":91326,"EloRating":1160,"EloMatches":14,"MonthlyEloRating":1000,"wins":[1,1,11,16,12,14,12,11,15,11,6,11,9,12,0],"losses":[1,1,7,15,11,10,9,11,6,7,9,6,4,9,0],"games":[1,1,18,32,23,23,21,22,20,20,17,17,13,23,0],"duration":[21,7,228,496,371,311,247,216,329,239,293,324,270,280,0],"unitsKilled":[290,2,2066,3989,4579,5487,2771,2806,3508,2258,2683,3557,2815,1703,0],"unitsLost":[118,12,2341,3478,3929,3555,2342,1840,2649,1562,1535,3813,2651,2176,0],"unitsBuilt":[193,66,2920,4472,5419,4196,2986,2511,3564,2472,2411,5323,3314,3667,0],"buildingsKilled":[16,3,241,412,506,595,405,336,337,164,404,318,337,182,0],"buildingsLost":[8,1,167,193,255,228,152,92,111,59,178,242,180,165,0],"buildingsBuilt":[38,22,661,1015,1249,1158,939,508,717,515,618,1132,835,1018,0],"earnings":[154744,50073,2122972,4200792,5029376,4579579,2742367,1632657,3221194,1712505,2769517,4477740,3011120,2464834,0],"techCaptured":[4,5,317,222,291,120,188,55,220,153,170,222,85,135,0],"discons":[0,0,0,0,0,0,0,0,0,0,0,0,0,0,0],"desyncs":[1,1,1,3,1,1,1,1,1,2,0,0,0,0,0],"surrenders":[1,1,6,14,7,7,8,8,4,7,7,4,3,10,0],"gamesOf2p":[1,1,1,3,2,2,1,1,1,1,0,0,0,0,0],"gamesOf3p":[0,0,0,0,0,0,0,0,0,0,0,0,0,0,0],"gamesOf4p":[1,1,1,1,2,1,1,2,1,0,0,0,0,0,0],"gamesOf5p":[1,0,0,0,0,0,0,0,0,0,0,0,0,0,0],"gamesOf6p":[1,1,9,10,12,5,12,12,6,11,9,9,4,10,0],"gamesOf7p":[1,0,0,0,0,0,0,0,0,0,0,0,0,0,0],"gamesOf8p":[1,1,9,21,10,15,9,8,12,6,7,9,7,9,0],"customGames":[0,0,0,0,0,0,0,0,0,0,0,0,0,0,0],"QMGames":[0,0,0,0,0,0,0,0,0,0,0,0,0,0,0],"customGamesPerGeneral":[1,0,0,0,0,0,0,0,0,0,0,0,0,0,0],"quickMatchesPerGeneral":[1,0,0,0,0,0,0,0,0,0,0,0,0,0,0],"locale":0,"gamesAsRandom":230,"options":"","systemSpec":"","lastFPS":0,"lastGeneral":5,"gamesInRowWithLastGeneral":1,"challengeMedals":0,"battleHonors":4374914,"QMwinsInARow":0,"maxQMwinsInARow":0,"winsInARow":2,"maxWinsInARow":8,"lossesInARow":0,"maxLossesInARow":5,"disconsInARow":0,"maxDisconsInARow":1,"desyncsInARow":0,"maxDesyncsInARow":1,"builtParticleCannon":30,"builtNuke":46,"builtSCUD":35,"lastLadderPort":0,"lastLadderHost":""}}!
[DEBUG] 

[DEBUG] [2026-10-07 23:12:27] [0x17f5d7ca0|https://api.playgenerals.online/env/prod/contract/1/ConnectionOutcome|Verb 0] Transfer is complete: 17 bytes total! Curl result is 0
[DEBUG] 

[DEBUG] [2026-10-07 23:12:27] [0x17f5d7ca0|https://api.playgenerals.online/env/prod/contract/1/ConnectionOutcome|Verb 0] Response was 200 - {"success":false}!
[DEBUG] 

[DEBUG] [2026-10-07 23:12:27] [0x17f5c66c0|https://api.playgenerals.online/env/prod/contract/1/ConnectionOutcome|Verb 0] Transfer is complete: 17 bytes total! Curl result is 0
[DEBUG] 

[DEBUG] [2026-10-07 23:12:27] [0x17f5c66c0|https://api.playgenerals.online/env/prod/contract/1/ConnectionOutcome|Verb 0] Response was 200 - {"success":false}!
[DEBUG] 

[DEBUG] [2026-10-07 23:12:27] [0x17f5f3000|https://api.playgenerals.online/env/prod/contract/1/ConnectionOutcome|Verb 0] Transfer is complete: 17 bytes total! Curl result is 0
[DEBUG] 

[DEBUG] [2026-10-07 23:12:27] [0x17f5f3000|https://api.playgenerals.online/env/prod/contract/1/ConnectionOutcome|Verb 0] Response was 200 - {"success":false}!
[DEBUG] 

[DEBUG] [2026-10-07 23:12:27] [SIGNAL] SEND SIGNAL!
[DEBUG] 

[DEBUG] [2026-10-07 23:12:27] [SIGNAL] PROCESS SIGNAL!
[DEBUG] 

[DEBUG] [2026-10-07 23:12:27] [STEAM NETWORKING LOGFUNC] [#178109421 P2P str:91326 vport 0 'Steam Connection User91326'] Got remote candidate 'candidate:2777849694 0 udp 2122265344 fdfd::1adc:e17c 61333 typ host generation 0 ufrag 2F22M network-id 2'
[DEBUG] 

[DEBUG] [2026-10-07 23:12:27] [STEAM NETWORKING LOGFUNC] [#178109421 P2P str:91326 vport 0 'Steam Connection User91326'] Got remote candidate 'candidate:1983299515 0 udp 2122194688 26.220.225.124 61334 typ host generation 0 ufrag 2F22M network-id 1'
[DEBUG] 

[DEBUG] [2026-10-07 23:12:27] [STEAM NETWORKING LOGFUNC] [#178109421 P2P str:91326 vport 0 'Steam Connection User91326'] Got remote candidate 'candidate:779251937 0 udp 2122129152 192.168.1.107 61335 typ host generation 0 ufrag 2F22M network-id 3'
[DEBUG] 

[DEBUG] [2026-10-07 23:12:27] [STEAM NETWORKING LOGFUNC] [#178109421 P2P str:91326 vport 0 'Steam Connection User91326'] Got remote candidate 'candidate:2939844181 0 udp 1685921536 144.124.196.43 21924 typ srflx raddr 192.168.1.107 rport 61335 generation 0 ufrag 2F22M network-id 3'
[DEBUG] 

